Item,Description,Unit,Cost
450701238,GANCHO ESTIRA TEJ GALV 3/8  x  8,PZ,0.01
450818976,SELLADOR S-28 SILIC NEGRO   50 GR,PZ,0.01
450818977,MECHA EZETA COLA CONICA 18.25 MM,PZ,0.01
450800832,MARTILLO 2235 CHAPISTA DIAM 35,PZ,0.1
450801110,PALANQ  LAMINADA 1010  50.80 MM,PZ,0.21
450800175,MENSULA DOBLE BLANCA 170 MM,PZ,0.23
424582395,MECHA EZETA CILIND TITANIO 10.50 MM,PZ,0.25
424570573,CADENA ENGANCHE N. 6 HO BRONCEADO,CJ,0.38
450812520,PALANQ  LAMINADA 1045  63.50 MM,PZ,0.4
424504541,MACHO URANGA A/ALEADO M 22 x 1.50,PZ,0.44
424572731,MECHA NEIKE WIDIA LARGA 400 14 MM,PZ,0.48
424560033,CLAVO CAJ PULIDO FRACC  15- 50,PZ,0.51
424562533,MENSULA DOBLE ALUM   270 MM,PZ,0.52
450802490,ABRAZ AMERICANA 3011/5 120 - 135 MM,PZ,0.62
450805692,CADENA MAGER TORCIDO CORTO N. 35,PZ,0.72
450305078,ARAND NEOPREN CHICA  16 MM,PZ,0.736
450812675,POLIET ECO 3 x 200 x  50 NEGRO,PZ,0.77
450801118,GUARDACABO GALV   7/8,PZ,1.04
450814332,CUCHARA GHERARDI FORJ N. 6,PZ,1.04
450800316,DESTAPACAÃ‘ERIA CINTA ACERO 20 MT,PZ,1.13
450804512,MECHA EZETA COLA CONICA  7.50 MM,PZ,1.22
450812933,MECHA FIBRA DE VIDRIO 10.2 MM,PZ,1.25
424581756,MENSULA DOBLE NEGRA  570 MM,PZ,1.29
424561778,MENSULA DOBLE ECO BLANCA 370 MM,PZ,1.31
424575454,MARTILLO 2240 CHAPISTA DIAM 40,PZ,1.32
424572860,BIS T/MUNICION C/AGUJ PUL  100x75,PZ,1.35
424560978,MECHA EZETA WIDIA BOSCH  8 x 460 MM,PZ,1.42
424560199,LIJA AA GOLD 24K  G.180,PZ,1.58
450800669,MENSULA DOBLE BLANCA 270 MM,PZ,1.61
424560260,CLAVO CAJ PULIDO FRACC  17- 75,PZ,1.74
450811958,LIJA AA FENOB G. 80   120 x 45000,PZ,1.76
464502648,MECHA EZETA COLA CONICA 24.50 MM,PZ,1.77
450802605,LLANA VOSS 2000 PLASTICA  6 x  6,PZ,1.84
424580280,PALA GHERARDI FORJ POCERA ESCOC C/C,PZ,1.88
450905532,CADENA P/PERRO N.11 LARGO 1.40 MT,PZ,1.88
450905533,CADENA P/PERRO N.10 LARGO 1.40 MT,PZ,1.88
424595752,PICO GHERARDI PTA-PALA  75 MM,PZ,1.97
450800178,GRAMPA PRENSA CABLE GALV   5/8,PZ,1.97
450813672,MACHO URANGA A/RAPIDO NF     6 x 40,PZ,2.01
464502587,RIEGO LLUVIA  ACOPLE ESPIGA,PZ,2.03
450806145,MECHA EZETA COLA CONICA 34.25 MM,PZ,2.17
450810672,MECHA BIASSONI P T E  5/16  LARGA,PZ,2.18
450811951,BANDA AA TELA  75x533 O/A MAD G.120,PZ,2.2
450800822,MALLA ACINDAR 50x 50x2.6MM 1.2x24MT,PZ,2.23
450811781,PICO GHERARDI PTA-PALA  62 MM,PZ,2.23
424562201,MENSULA DOBLE ECO BLANCA 170 MM,PZ,2.25
450812628,MECHA EZETA COLA CONICA  8.00 MM,PZ,2.26
424563350,LIJA AA GOLD 24K  G.150,PZ,2.3
450905534,ROLDANA CHAPA GALV 25 MM,PZ,2.31
450905535,MAQ HORMIGONERA RTO-TAMBOR C/R,PZ,2.31
450814096,GANCHO J P/GALPON COMP 1/4 x 100 MM,PZ,2.33
450813518,MACHO URANGA A/ALEADO NC  3/4  x 10,PZ,2.34
450814075,SIFON P/BACHA SIMPLE DIAM 50 MM,PZ,2.34
464502668,MACHO URANGA A/RAPIDO NF     8 x 36,PZ,2.35
450800648,MENSULA DOBLE BLANCA 570 MM,PZ,2.36
450801828,MECHA EZETA COLA CONICA 35.25 MM,PZ,2.44
424581721,ALAMB REC NEGRO N.12 2.64 MM,PZ,2.45
450802774,CLAVO P/PARIS FRACC  2 1/2,PZ,2.46
450803608,TOR P/MECHA C/FIJAD-PHIL  6 x   3/8,PZ,2.53
450803190,TOR P/MECHA C/FIJAD-PHIL 10 x 1 1/4,PZ,2.58
450813521,PALA GHERARDI T/CAMPING,PZ,2.58
450810567,CABALLETE TELESCOPICO HASTA 2 MT,PZ,2.6
450804356,SELLADOR S-28 SILIC BLANCO  50 GR,PZ,2.7
450804547,MECHA EZETA COLA CONICA  7.75 MM,PZ,2.74
450811956,BANDA AA TELA  75x533 O/A MAD G. 80,PZ,2.74
450812888,MACHO URANGA A/ALEADO NF  5/8  x 18,RL,2.75
450801211,MECHA EZETA COLA CONICA 23.00 MM,PZ,2.8
450814626,CLAVO PUNTA PARIS 1      x 20 KG,PZ,2.8
424585821,MECHA EZETA CILIND TITANIO 10.75 MM,PZ,2.84
450813581,MECHA EZETA COLA CONICA 18.50 MM,PZ,2.85
424588529,TENDEDERO EXTENS 9 V  45 CM,PZ,2.86
450812146,MECHA EZETA COLA CONICA  6.75 MM,PZ,2.89
424590713,MECHA EZETA DOBLE PUNTA 5.10 MM,PZ,2.91
450801209,SOGA ELASTICA 6 MM,PZ,2.91
450801210,MECHA NEIKE WIDIA LARGA 250  6 MM,PZ,2.91
450801938,ELECTRODO ESAB P/AZUL 3.25 MM,PZ,2.95
450810826,ROLDANA CHAPA GALV 50 MM,PZ,2.97
450814105,TELA MOSQ ALUM UNIV 1.22 x 30.0 MT,PZ,3.01
450813306,CLAVO PUNTA PARIS 1 1/2  x 20 KG,PZ,3.07
424582271,CADENA P/PERRO N.17 LARGO 1.70 MT,PZ,3.09
450813497,VIRUTA ACERO MEDIANA x 330 GR,PZ,3.11
450802711,ABRAZ A/INOXIDABLE 5506 12 - 16 MM,PZ,3.12
450801213,GRAMPA P/CAJONERO 14-20,PZ,3.17
450810706,CABLE CORDON  1.8 MM 1 x 19 BICI,PZ,3.19
450817150,TOR P/MECHA C/FIJAD-PHIL 10 x 1 1/2,PZ,3.2
413050011,CLAVO CAJ PULIDO FRACC  12- 35,PZ,3.23
424596137,MACHETE GHERARDI N.14  355 MM,PZ,3.3
424560356,MECHA EZETA CILIND TITANIO  4.75 MM,PZ,3.33
424590714,MECHA EZETA WIDIA CORTA 25 MM,PZ,3.39
450812359,GRAMPA PRENSA CABLE GALV   3/4,MT,3.42
450805555,GUANTE LATEX P/CORTO  8 1/2,PZ,3.45
450802863,CEPILLO ACERO CIRCULAR  7x1,PZ,3.58
450804355,BROCA MANUAL UR14 1/4,PZ,3.59
500000964,MECHA MAX PLANA P/MAD 1  1/4,PZ,3.62
450812484,MECHA EZETA COLA CONICA 29.75 MM,PZ,3.69
424582668,GANCHO P/CAÃ‘O ESTRUCT 30 x 100,BA,3.73
450814104,SEMILLA REFORZADA N. 7,PZ,3.74
500000961,MECHA MAX PLANA P/MAD    5/8,PZ,3.76
500000962,MECHA MAX PLANA P/MAD 1  1/2,PZ,3.76
500000963,MECHA MAX PLANA P/MAD 1  3/8,PZ,3.76
450801074,TIJERA GHERARDI CORTA PERNOS 30,PZ,3.8
450814042,MAQ ZONTA RTO-TRAZADOR,PZ,3.84
450802475,DISCO AA GOLD    6 PERF 154  G.220,PZ,3.87
450810878,POLIET SIXCOM 2 x 100 x 100 NEGRO,PZ,3.91
413050019,CLAVO CAJ PULIDO FRACC  12- 28,PZ,3.94
450812887,TOR P/MECHA C/FIJAD-PHIL  8 x 1 1/4,RL,3.97
424582126,COLLAR SUELA N.21 LISO - 46 CM,PZ,4.03
424582170,ALAMB REC NEGRO N.18 1.22 MM,PZ,4.05
450800824,TENDEDERO T/CALESITA C/BASE CEMENTO,PZ,4.06
450817147,GANCHO CONTRA VIENTO 27 - 210 x 10,PZ,4.06
450801827,MECHA EZETA COLA CONICA 33.50 MM,PZ,4.07
450812625,MECHA EZETA WIDIA BOSCH 18 x 460 MM,PZ,4.08
450811648,CLAVO CAJ PULIDO 13- 40 x 30 KG,PQ,4.12
450905817,CLAVO ESCUADRA PUL 16 -  35,PZ,4.13
450800823,TENDEDERO PIE PLEG 8 V ALAMB SIMPLE,PZ,4.14
450812629,MECHA EZETA COLA CONICA  7.00 MM,PZ,4.16
450811256,CABLE CORDON  2.5 MM 1 x 19,HJ,4.17
450803779,TOR P/MECHA C/FIJAD-PHIL 10 x 1,PZ,4.19
450812648,MECHA EZETA COLA CONICA 10.75 MM,PZ,4.21
450813516,GRILLETE FORJ GALV   3/4  x   7/8,PZ,4.23
424560466,CABLE ACERO  4.0 MM 6 x  7+1,PZ,4.26
450805556,CORTAFRIO GHERARDI HEXAG 18-21 300,PZ,4.28
450802775,MARTILLO 2227 CHAPISTA DIAM 27,PZ,4.31
450800766,PITON S/TOPE CERRADO P/TACO  4 x100,PZ,4.33
450812342,CINTA TEFLON    1/2 x 20 MT,PZ,4.34
450813110,CLAVO ESCUADRA PUL 21 -  60,PZ,4.37
450813688,MACHO URANGA A/RAPIDO NF     5 x 44,PZ,4.4
450804513,MECHA EZETA COLA CONICA 19.50 MM,PZ,4.42
450805672,LLANA VOSS 2000 PLASTICA  9 x  9,PZ,4.45
450813103,MECHA EZETA COLA CONICA 11.25 MM,PZ,4.47
450811930,MECHA EZETA COLA CONICA 13.75 MM,PZ,4.48
450804907,MECHA EZETA WIDIA BOSCH 20 x 460 MM,PZ,4.49
424584835,MACHO URANGA A/ALEADO NF  9/16 x 18,PQ,4.52
424562121,ALAMB REC NEGRO N.21 0.81 MM,PZ,4.53
450802206,GUARDACABO GALV   7/16,PZ,4.54
424560204,MECHA EZETA WIDIA BOSCH 10 x 350 MM,PZ,4.57
450814785,CEPILLO ALAMBRE ACERO  C/MANGO 3x19,PZ,4.61
450905572,CUCHARA GHERARDI FORJ N. 8 ROMA,PZ,4.87
450803783,MECHA EZETA COLA CONICA 37.25 MM,PZ,4.93
450804535,MECHA EZETA COLA CONICA 10.00 MM,PZ,4.93
424564160,TABLA PLANCHAR STANDARD C/MANGUERO,PZ,4.97
450805097,MECHA EZETA COLA CONICA 20.00 MM,PZ,5.13
424582140,GANCHO P/CAÃ‘O ESTRUCT 40 x 150,PQ,5.14
424591593,ALAMB REC NEGRO N.11 2.94 MM,PZ,5.19
450814043,CADENA NUDO N.13,PZ,5.2
424582146,HILO DE POLIP P/ARROLLADORA,PQ,5.29
450813104,MECHA EZETA COLA CONICA  8.75 MM,PZ,5.29
450810708,LIJA AA FENOB G. 80   150 x 45000,PZ,5.3
500001062,MECHA MAX PLANA P/MAD    5/16,PZ,5.32
424501095,MECHA MAX PLANA P/MAD   11/16,PZ,5.35
424560465,CADENA P/PERRO N.12 LARGO 1.70 MT,PZ,5.35
450811257,TENDEDERO ABANICO VERTICAL,HJ,5.37
424591980,ALAMB REC NEGRO N.13 2.33 MM,PZ,5.39
424593750,PITON C/TOPE ESCUAD  BCE 18-45 x100,PZ,5.43
450810480,MECHA EZETA COLA CONICA 17.75 MM,PZ,5.43
450802603,MECHA EZETA COLA CONICA 28.50 MM,PZ,5.46
424570826,CINTA EVEL 5004 LLAVERO 1 MT,PZ,5.57
450812634,MECHA EZETA WIDIA BOSCH 22 x 460 MM,PZ,5.57
450814770,PITON S/TOPE CERRADO P/TACO  6 x 50,PZ,5.62
424501094,TELA M/SOMBRA 100 MT NEGR-VERDE 80%,PZ,5.64
424591982,ALAMB REC NEGRO N. 9 3.66 MM,PZ,5.64
424591983,ALAMB REC NEGRO N.10 3.25 MM,PZ,5.64
450804718,CEPILLO ACERO CIRCULAR  6x1,PZ,5.65
450811340,CUCHARA GHERARDI FORJ N. 7 ROMA,PZ,5.65
450812618,MECHA EZETA COLA CONICA  8.50 MM,PZ,5.68
450600057,PITON C/TOPE CERRADO BCE 21-60 x 50,PZ,5.69
424566103,MECHA EZETA WIDIA CORTA  4 MM,PZ,5.71
424580976,MECHA EZETA CILIND TITANIO  8.50 MM,PZ,5.71
450814364,CLAVO P/PARIS FRACC  1 1/2,PZ,5.81
424591594,ALAMB REC NEGRO N.14 2.03 MM,PZ,5.82
450804722,MECHA EZETA COLA CONICA 15.00 MM,PZ,5.83
413052648,CLAVO C/CHATA  9-30,PZ,5.97
424583889,LEBRILLO CHAPA GALV REF N.18  25 LT,PZ,5.98
424572660,CLAVO CAJ PULIDO 12- 35 x 30 KG,PZ,6.05
450802726,GUARDACABO GALV   5/8,PZ,6.15
450814365,MAQ HORMIGONERA RTO-PIÃ‘ON,PZ,6.17
500001051,MECHA MAX PLANA P/MAD    9/16,PZ,6.17
500001052,MECHA MAX PLANA P/MAD 1  1/8,PZ,6.17
500001053,MECHA NEIKE WIDIA CORTA  6 MM,PZ,6.17
424591984,ALAMB REC NEGRO N.15 1.83 MM,PZ,6.2
450803609,MACHO URANGA A/RAPIDO M 22 x 2.00,PZ,6.24
424560054,CORREA SECCION A N.54,PZ,6.29
424591065,MECHA EZETA WIDIA LARGA 200 14 MM,PZ,6.33
424582149,DESTAPAPILETA EL ABUELO CINTA 10 MT,PQ,6.34
424570602,CLAVO CAJ PULIDO FRACC  12- 38,PZ,6.35
450801339,LIJA AA COLORADO RUBI G.220 E/F,PZ,6.39
450814363,LIJA AA FENOB G. 50   120 x 45000,PZ,6.4
450818534,MECHA EZETA COLA CONICA  9.25 MM,PZ,6.4
450812624,MECHA EZETA WIDIA BOSCH 20 x 300 MM,PZ,6.43
450802195,ADAP POZIDRIVE P/AUTOPERF 2 x 25 MM,PZ,6.44
424585820,MECHA EZETA CILIND TITANIO 13.00 MM,PZ,6.48
500000915,MACHO URANGA A/ALEADO NF   10  x 32,PZ,6.5
500000916,MACHO URANGA A/ALEADO NF  5/16 x 24,PZ,6.5
500000917,MACHO URANGA A/ALEADO NF  1/4  x 28,PZ,6.5
500000918,MACHO URANGA A/ALEADO NF   12  x 28,PZ,6.5
450814404,CINTA PASACABLES FLEJE 20 MT,PZ,6.52
424583634,CANILLA RTO-PICO BCE CROMADO   1/2,PZ,6.54
450817151,MACHO TAP A/LAMINADO NF  1/4  x 28,PZ,6.54
424589638,CORREA SECCION A N.50,PZ,6.59
450811768,MECHA EZETA COLA CONICA 10.50 MM,PZ,6.66
424560093,MENSULA DOBLE ECO NEGRA  170 MM,PZ,6.72
450803780,GANCHO CONTRA VIENTO 25 - 200 x 15,PZ,6.72
500000642,MACHO URANGA A/ALEADO M 10 x 1.25,UD,6.77
500000643,MACHO URANGA A/ALEADO M 12 x 1.00,UD,6.77
424590149,CINTA EVEL 5005 LLAVERO 1 MT -FRENO,PZ,6.79
450801389,NIVEL EVEL ALUMINIO 100 CM,PZ,6.83
450803590,MAQ ZONTA RTO-ALMOHADILLAS 33/42,PZ,6.86
424562167,GRIFERIA VENUS DUCHA C/TRANS BLANCO,PZ,6.93
413050707,CLAVO CAJ PULIDO FRACC  12- 25,PZ,6.99
450813105,MECHA EZETA COLA CONICA  6.00 MM,PZ,7.02
450801071,HERRADURA ACANALADA PESADA C/CLIP 0,PZ,7.04
450811844,RIEGO PISTOLA ACOPLE ESPIGA,PZ,7.04
450817075,HERRADURA ACANALADA PESADA 2,PZ,7.07
424591985,BANDA AA TELA  75x610 O/A MAD G. 40,PZ,7.11
450801056,MECHA EZETA COLA CONICA 31.50 MM,PZ,7.11
450801057,MECHA EZETA COLA CONICA 29.25 MM,PZ,7.11
424561178,MENSULA DOBLE ALUM   170 MM,PZ,7.27
450810676,SELLADOR APLICADOR A CREMALLERA IMP,PZ,7.39
450811816,MAQ ZONTA RTO-TORNILLO DE REGISTRO,PZ,7.73
450802606,GANCHO CONTRA VIENTO 18 -  30 x 50,PZ,7.77
450811068,BOMBA DE ALUMINIO P/TRASVASE,PZ,7.8
450813402,CLAVO C/CHATA  8-20,PZ,7.94
450812658,ADAP HEXAG P/AUTOPERF  1/4 x 65 MM,PZ,8.07
424560208,MECHA EZETA DOBLE PUNTA 3.75 MM,PZ,8.1
450818515,CALENTADOR P/GAS MINI ENLOZADO,PZ,8.11
450811902,CARRETILLA CUART MAGER C/PLATO PLAST,PZ,8.22
424580160,CABO P/LIMA PLANA     200 A 250 MM,EN,8.27
424580159,CUCHARA ROBLE P/ALBAÃ‘IL N.10,PZ,8.32
450814041,MAQ ZONTA RTO-RUEDA INCIDORA,PZ,8.32
450806012,ABRAZ AMERICANA 3004    40 -  55 MM,PZ,8.42
424560055,MECHA EZETA WIDIA BOSCH  8 x 110 MM,PZ,8.45
424560248,ARCO SIERRA CARNICERO RTO-HOJA 620,PZ,8.45
450802712,BIS FICHA P/SOLD REF  90-22   x 1.5,PZ,8.46
424575370,ADAP PHILLIPS P/AUTOPERF  2 x 25 MM,PZ,8.47
424504957,ANAFE 2 HORN ENLOZ C/ROB GAS ENV,PZ,8.52
450817146,RUEDA GOMA     MACIZA P/CARRETILLA,PZ,8.61
450810499,MECHA EZETA COLA CONICA 41.50 MM,PZ,8.66
424581729,MECHA EZETA COLA CONICA 37.00 MM,PZ,8.72
450813106,MECHA EZETA COLA CONICA  5.50 MM,PZ,8.75
424560799,CAÃ‘O CRISTAL 10 - 13  x  50 MT,PZ,8.79
450804900,CABLE ACERO  9.5 MM 6 x  7+1,PZ,8.81
424570551,CABLE ACERO  3.0 MM 6 x  7+1,PZ,8.84
424570585,RIEGO KIT MANGUERA 1/2 x 20 MTS,PZ,8.84
424582538,MECHA EZETA WIDIA LARGA 400 25 MM,JG,8.84
450600023,SOGA ELASTICA 8 MM,PZ,8.84
450802616,MECHA EZETA COLA CONICA 28.25 MM,PZ,8.85
450814749,CORTAFRIO GHERARDI CHATO 12-25 350,PZ,8.85
450900454,CLAVO ESCUADRA PUL 23 -  70,PZ,8.89
450813806,CORREA SECCION A N.30,PZ,8.92
424598071,PITON HO PUL ESCUAD  24 -  90 x  50,PZ,8.93
424560155,CADENA P/PERRO N.13 LARGO 2.20 MT,PZ,8.94
424560157,COLLAR SUELA N.19 LISO - 41 CM,PZ,8.94
450800366,MECHA EZETA COLA CONICA 22.25 MM,MT,8.95
450812343,CINTA TEFLON    3/4 x 10 MT,PZ,8.96
424570579,MACHO URANGA A/RAPIDO NF     3 x 56,PZ,9.04
450811928,MECHA EZETA COLA CONICA 12.75 MM,PZ,9.17
424561523,MECHA EZETA WIDIA BOSCH 12 x 210 MM,PZ,9.22
450812732,CLAVO C/PERDIDA  6-16,PZ,9.24
450801392,MECHA EZETA COLA CONICA 11.50 MM,PZ,9.27
450818407,CLAVO CAJ PULIDO 12- 38 x 30 KG,PZ,9.34
424582142,MECHA EZETA WIDIA LARGA 400 13 MM,PZ,9.36
450814783,RIEGO LANZA   ACOPLE RAPIDO,PZ,9.36
424502303,CABLE ACERO  5.0 MM 6 x 19+1,PZ,9.5
450802702,PITON S/TOPE ESCUAD  P/TACO  4 x100,PZ,9.54
450811013,MACHO URANGA A/ALEADO NPT 1/8 x 27,PZ,9.54
450813716,MECHA EZETA WIDIA BOSCH 14 x 460 MM,PZ,9.61
424572020,CLAVO CAJ PULIDO FRACC  14- 40,PZ,9.63
450814642,MECHA EZETA COLA CONICA  9.75 MM,PZ,9.65
424573016,SOGA TRENZ P/MOTOR EXPL 5.00 MM,PZ,9.67
424570578,MACHO URANGA A/RAPIDO NF     4 x 48,PZ,9.71
450813304,MECHA FIBRA DE VIDRIO 15.2 MM,PZ,9.81
424566149,CLAVO ESPIRALADO 3      x 20 KG,PZ,9.9
450302417,TELA M/SOMBRA  50 MT NEGRO      80%,PZ,9.93
450812949,ARAND NEOPREN GRANDE 26 MM,PZ,9.98
450814099,CHAIRA BIASSONI RAYADA 12 - 305 MM,PZ,10
450803471,CLAVO ALBAÃ‘IL P/MARCO T/ESCUADRA,PZ,10.04
450814068,MECHA EZETA COLA CONICA 36.25 MM,PZ,10.05
450300292,CADENA P/PERRO N.12 LARGO 2.20 MT,PZ,10.21
450811115,MECHA EZETA COLA CONICA 21.25 MM,PZ,10.22
424560619,PITON S/TOPE ABIERTO P/TACO  5 x 50,PZ,10.25
450813107,MECHA EZETA WIDIA BOSCH 24 x 250 MM,PZ,10.25
450813224,MECHA EZETA COLA CONICA 37.50 MM,PZ,10.34
424582155,CADENA ENGANCHE N.13 ESCALERA,PQ,10.38
450800649,MECHA EZETA COLA CONICA 34.50 MM,PZ,10.4
450801809,GRIFERIA VENUS COCINA MESADA CROMO,PZ,10.43
451000088,GRIFERIA VENUS LAVAT C/MEZC CROMO,PZ,10.52
450803301,MACHO URANGA A/ALEADO NC  5/8  x 11,PZ,10.77
450802611,MACHO URANGA A/ALEADO M 24 x 1.50,PZ,10.87
450814771,BANDA AA TELA  75x610 O/A MAD G. 60,PZ,11.52
424561502,ALAMB REC NEGRO N. 8 4.06 MM,PZ,11.54
450814336,CABLE ACERO  6.0 MM 6 x 19+1,PZ,11.69
450810675,POLIET SIXCOM 4 x 200 x  50 NEGRO,PZ,11.76
450817152,CLAVO CAJ PULIDO 12- 40 x 30 KG,PZ,11.78
450813273,CUCHARA GHERARDI FORJ N. 7,PZ,11.79
424580251,MENSULA DOBLE NEGRA  470 MM,PZ,11.83
450813141,MECHA EZETA WIDIA BOSCH 22 x 350 MM,PZ,11.95
413050160,CLAVO ESCUADRA PUL 25 -  90,PZ,12
450905818,GANCHO CONTRA VIENTO 19 -  60 x 50,PZ,12
450816473,CLAVO ESPIRALADO 2      x 20 KG,PZ,12.07
424564462,TOR P/MECHA C/HEXAG  C/A 14 x 1 1/2,PZ,12.17
450801554,MECHA EZETA COLA CONICA 27.50 MM,PZ,12.22
450801073,BANDA AA TELA  75x610 O/A MAD G. 80,PZ,12.25
424582640,ARCO SIERRA CARNICERO C/HOJA 800 MM,PQ,12.35
424594391,GUANTE LATEX P/LARGO GRANDE,PZ,12.36
450811240,RIEL DOBLE BLANCO 3.00 MT,PZ,12.4
450803059,CORTAFRIO GHERARDI HEXAG 18-21 400,PZ,12.42
450814763,MAQ ZONTA RTO-ESCUADRA DESPLAZABLE,PZ,12.48
450800661,MECHA EZETA COLA CONICA 32.25 MM,PZ,12.49
450801734,LIJA AA COLORADO RUBI G. 60 GRU,PZ,12.5
450814106,PALA GHERARDI FORJ RECTA CESPED C/C,PZ,12.54
424560209,MECHA EZETA WIDIA CORTA 20 MM,PZ,12.61
424582599,GANCHO P/CAÃ‘O ESTRUCT 40 x 120,BK,12.62
450810554,MECHA EZETA COLA CONICA 30.00 MM,PZ,12.81
424560961,PITON HO PUL ESCUAD  22 -  70 x 100,PZ,12.83
424582639,CORREA SECCION A N.52,PQ,12.84
450813657,MECHA NEIKE WIDIA LARGA 250 14 MM,PZ,13
424560077,CINTA EVEL 103 BOX          3 MT,PZ,13.06
424560034,GANCHO P/CAÃ‘O ESTRUCT 50 x 120,PZ,13.1
450817317,ADAP POZIDRIVE P/AUTOPERF 1 x 50 MM,PZ,13.22
450813641,MECHA EZETA COLA CONICA  5.75 MM,PZ,13.28
424582147,MECHA EZETA DE CENTRAR 2.50 MM,PQ,13.34
424580197,MECHA EZETA COLA CONICA 32.75 MM,PZ,13.45
424595782,DISCO AA NO PAST 6 PERF 154  G.400,PZ,13.48
424595783,DISCO AA NO PAST 6 PERF 154  G.500,PZ,13.48
424595784,DISCO AA GOLD    6 PERF 154  G. 80,PZ,13.48
424595785,DISCO AA NO PAST 6 PERF 154  G.280,PZ,13.48
424595786,DISCO AA NO PAST 6 PERF 154  G.320,PZ,13.48
424595787,DISCO AA GOLD    6 PERF 154  G.120,PZ,13.48
424595789,DISCO AA NO PAST 6 PERF 154  G.360,PZ,13.48
450803198,CORTAFRIO GHERARDI CHATO 12-25 200,PZ,13.51
424580004,HILO ALGODON CRUDO 10 x  40 GR,PZ,13.52
450805736,PALA GHERARDI FORJ 1/2 L ANCHA  C/L,PZ,13.57
450805540,MECHA EZETA COLA CONICA 23.75 MM,PZ,13.83
450812613,MECHA EZETA WIDIA BOSCH 16 x 460 MM,PZ,13.94
424581698,CADENA ENGANCHE N. 7 HO NIQUELADO,PQ,14.01
450801119,DISCO AA GOLD    6 PERF 154  G.600,PZ,14.47
424560611,GRAMPA PRENSA CABLE GALV   3/8,PZ,14.49
424589521,MECHA EZETA CILINDRICA A/R 17.75 MM,PZ,14.49
424593601,MACHO URANGA A/RAPIDO NF  5/16 x 24,PZ,14.49
424560612,CADENA P/PERRO N.17 LARGO 2.20 MT,PZ,14.56
424565543,MENSULA DOBLE ECO NEGRA  270 MM,PZ,14.56
424565545,MENSULA DOBLE ECO NEGRA  370 MM,PZ,14.56
424599962,CAÃ‘O CRISTAL  7 - 10  x  50 MT,PZ,14.56
450812886,ALAMB REC NEGRO N.17 x 1 KG,RL,14.65
424560247,CACEROLA FUND S/ENLOZAR N. 5,PZ,14.79
424561473,CLAVO CAJ PULIDO FRACC  14- 45,PZ,14.82
450802641,PALA GHERARDI ALUMINIO  CARBONERA,PZ,14.82
450817076,CABLE CORDON  6.0 MM 1 x  7,PZ,14.87
450804947,DISCO AA GOLD    6 PERF 154  G.500,PZ,15.05
424573281,MECHA EZETA MULTIMATERIAL 10 MM,PZ,15.06
424560809,TOR P/MECHA C/HEXAG  C/A 12 x 1,PZ,15.11
424560265,COLLAR SUELA N.25 LISO - 49 CM,PZ,15.22
450804263,MALLA ACERO 5x2 MT 150x150x4 MM,PZ,15.24
450901053,TOR P/MECHA C/FIJAD-PHIL  6 x  7/16,PZ,15.26
424565547,CACEROLA FUND S/ENLOZAR N.10,PZ,15.29
424582123,GANCHO P/CAÃ‘O ESTRUCT 25 x  80,CJ,15.36
424582124,BALDE PLAST PICO VERT 10 LT BLANCO,CJ,15.36
424574370,CLAVO C/CHATA 12-40,PZ,15.48
450800232,TENDEDERO PIE PLEG 7 V ALAMB C/ALAS,PZ,15.66
424593685,MACHO URANGA A/RAPIDO NF  1/2  x 20,PZ,15.67
450814797,BANDA AA TELA  75x533 O/A MAD G. 50,PZ,15.7
450814804,DISCO AA GOLD    6 PERF 154  G.180,PZ,15.7
424561464,LIJA AA GOLD 24K  G.120,PZ,15.91
450814530,CLAVO CAJ PULIDO 16- 63 x 30 KG,PZ,15.97
424595493,TENSOR ACERO GALV IMP  7/8,PZ,16.01
450813807,MECHA EZETA COLA CONICA 35.50 MM,PZ,16.03
450812679,MARTILLO 2241 RTO-CABEZA DIAM 40,PZ,16.23
450814798,POLIET SIXCOM 3 x 100 x 100 CRISTAL,PZ,16.34
450802210,CLAVO ESCUADRA PUL 20 -  90,PZ,16.5
450813401,MJA RTO-CLAVIJA HO NIQUELADO x 100,PZ,16.52
450802737,CORTAFRIO GHERARDI CHATO 12-25 300,PZ,16.58
413050677,CLAVO CAJ PULIDO FRACC  12- 30,PZ,16.64
424561821,POLIET SIXCOM 6 x 200 x  50 NEGRO,PZ,16.76
413050090,PITON P/MAD SOLDADO  27 - 160 x 25,PZ,16.85
424575475,TENDEDERO TECHO   GRANDE,PZ,16.85
450803194,MECHA EZETA COLA CONICA 36.75 MM,PZ,16.85
450812188,MECHA EZETA COLA CONICA 32.50 MM,PZ,16.85
450814066,ADAP POZIDRIVE P/AUTOPERF 3 x 25 MM,PZ,16.94
450801121,MECHA EZETA COLA CONICA 10.25 MM,PZ,16.95
450812687,RIEGO ROCIA GIRAT C/BASE ACOPLE ESP,PZ,16.95
424596134,PALA MAGER CORAZON   C/LARGO,PZ,17.07
424596135,DISCO AA NO PAST 6 PERF 154  G.220,PZ,17.07
450814403,MECHA EZETA COLA CONICA 21.75 MM,PZ,17.18
450814409,PUNTA GHERARDI HEXAGONAL 18-21 250,PZ,17.22
424561820,POLIET SIXCOM 6 x 100 x  50 CRISTAL,PZ,17.34
450813485,MECHA NEIKE WIDIA LARGA 250 12 MM,PZ,17.47
450814775,POLIET SIXCOM 3 x 200 x  50 NEGRO,PZ,17.51
450812631,CLAVO C/CHATA 12-50,PZ,17.6
450818526,PITON S/TOPE ABIERTO P/TACO 10 x 25,PZ,17.6
450812907,TELA MOSQ ALUM UNIV 0.92 x 30.0 MT,PZ,17.62
424582122,TELA M/SOMBRA  50 MT AZUL -BLAN 80%,CJ,17.65
450802132,GUARDACABO GALV 1,PZ,17.67
450600403,PICO GHERARDI PTA-PALA 102 MM C/CAB,PZ,17.76
424564170,CACEROLA FUND S/ENLOZAR N. 8,PZ,17.87
450800635,LIJA AA FENOB G. 40   120 x 45000,PZ,18
450814542,BANDA AA TELA  75x533 O/A MAD G. 40,PZ,18.12
450904903,GANCHO P/CAÃ‘O ESTRUCT 25 x  70,PQ,18.2
450812630,CLAVO C/CHATA 14-40,PZ,18.48
424596138,MACHETE GHERARDI N.18  457 MM,PZ,18.5
450801551,PITON HO PUL ESCUAD  21 -  60 x 100,PZ,18.51
450814816,MAQ ZONTA RTO-ALMOHADILLAS 64,PZ,18.51
450812776,PITON S/TOPE ESCUAD  P/TACO  5 x 50,PZ,18.53
450810551,POLIET SIXCOM 6 x 100 x  50 NEGRO,PZ,18.55
424501096,MECHA MAX PLANA P/MAD   13/16,PZ,18.72
450801560,MECHA EZETA COLA CONICA 16.25 MM,PZ,18.77
424564544,PITON S/TOPE ABIERTO P/TACO  6 x 50,PZ,18.86
424596139,BANDA AA TELA  75x457 O/A MAD G. 40,PZ,19
424596140,BANDA AA TELA  75x457 O/A MAD G. 50,PZ,19
424596141,BANDA AA TELA  75x457 O/A MAD G. 60,PZ,19
424596142,BANDA AA TELA  75x457 O/A MAD G. 80,PZ,19
424596144,BANDA AA TELA  75x457 O/A MAD G.100,PZ,19
424596145,BANDA AA TELA  75x457 O/A MAD G.120,PZ,19
424596146,BANDA AA TELA  75x508 O/A MAD G. 36,PZ,19
424596147,BANDA AA TELA  75x508 O/A MAD G. 40,PZ,19
424596148,BANDA AA TELA  64x410 O/A MAD G. 80,PZ,19
424596149,BANDA AA TELA  75x508 O/A MAD G. 50,PZ,19
424596150,BANDA AA TELA  64x410 O/A MAD G. 50,PZ,19
424596151,GRINFA EL ROBLE ACERO FORJADO N. 8,PZ,19
424596152,BANDA AA TELA  64x410 O/A MAD G.100,PZ,19
424596153,BANDA AA TELA  64x410 O/A MAD G. 60,PZ,19
424596154,GUANTE PVC ROJO P/LARGO  9 1/2,PZ,19
424596155,GUANTE PVC ROJO P/LARGO 10 1/2,PZ,19
424596156,GUANTE PVC ROJO P/CORTO 10 1/2,PZ,19
424596157,GUANTE PVC ROJO P/CORTO  9 1/2,PZ,19
424596158,GRINFA EL ROBLE ACERO FORJADO N.30,PZ,19
424596159,GRINFA EL ROBLE ACERO FORJADO N.22,PZ,19
424596160,GRINFA EL ROBLE ACERO FORJADO N.18,PZ,19
424596161,GRINFA EL ROBLE ACERO FORJADO N.16,PZ,19
424596162,GRINFA EL ROBLE ACERO FORJADO N.10,PZ,19
450817000,CADENA NUDO N.11,PZ,19.09
450813094,REGADERA PLAST 10 LT RTO-FLOR,PZ,19.14
450813070,RIEL DOBLE BLANCO 1.50 MT,PZ,19.15
450803929,CLAVO P/PARIS FRACC  5,PZ,19.17
424581722,REGLA EVEL METALICA  30 CM,PZ,19.24
450814787,PITON S/TOPE ABIERTO P/TACO 12 x 20,PZ,19.26
450800929,SEMILLA REFORZADA N. 8,PZ,19.28
450801012,PITON C/TOPE CERRADO BCE 21-70 x 50,PZ,19.33
450801391,MECHA EZETA COLA CONICA 13.50 MM,PZ,19.34
424564935,MECHA EZETA WIDIA BOSCH 10 x 110 MM,PZ,19.35
424564461,RIEGO KIT MANGUERA 1/2 x 15 MTS,PZ,19.51
424561015,CADENA P/PERRO N.15 LARGO 2.20 MT,PZ,19.73
424588814,CORTINA P/BAÃ‘O COMPLETA AMARILLA,PZ,19.73
424593634,PITON S/TOPE ESCUAD  P/TACO 10 x 25,PZ,19.74
424564592,RIEGO ROCIADOR GIRATORIO ACOPLE ESP,PZ,19.76
450801581,POLIET SIXCOM 2 x 200 x  50 CRISTAL,PZ,19.97
450810931,CABO P/HACHA   0.90 MT  RECTO,PZ,20.01
450819437,ABRAZ A/INOXIDABLE 5508 13 - 19 MM,PZ,20.17
450802422,CORREA SECCION A N.46,PZ,20.18
450802131,MECHA EZETA COLA CONICA 19.25 MM,PZ,20.28
424574048,ALAMB REC NEGRO N.22 0.71 MM,PZ,20.4
450812966,BALDE PLAST ALBAÃ‘IL MAGER,PZ,20.44
450812967,CADENA ONETO CALIBRADA N.50,PZ,20.44
450814408,PUNTA GHERARDI HEXAGONAL 18-21 200,PZ,20.45
450805115,LIJA AA COLORADO RUBI G. 40 E/G,PZ,20.49
450817074,HERRADURA ACANALADA PESADA 6,PZ,20.59
450814811,POLIET SIXCOM 3 x 200 x  50 CRISTAL,PZ,20.63
450814892,CABO P/PALA 1.20 MT,PZ,20.7
424580255,CLAVO CAJ PULIDO 12- 32 x 30 KG,PZ,20.76
424560348,MACHO URANGA A/ALEADO BSP  3/4 x 14,PZ,20.8
424589609,MAQ ZONTA CORTA CERAMICO 42 CM,PZ,20.8
424560303,TIJERA RTO-CAB COMP HUALA 42,PZ,21.41
450818406,ABRAZ A/INOXIDABLE 5510 14 - 22 MM,PZ,21.46
450813815,HERRADURA ACANALADA PESADA 5,PZ,21.59
424563019,TOR P/MECHA C/HEXAG  C/A 14 x 2,PZ,21.63
424595722,GRILLETE FORJ GALV   5/16 x   3/8,PZ,21.71
424589522,MECHA EZETA CILINDRICA A/R 18.00 MM,PZ,21.73
450813687,MECHA EZETA COLA CONICA 20.25 MM,PZ,21.74
450814098,MJA RTO-CLAVIJA HO BRONCEADO x 100,PZ,21.74
450813808,CABLE CORDON  2.0 MM 1 x 19,PZ,21.78
450800634,CABLE ACERO  8.0 MM 6 x 19+1,PZ,21.87
450817434,TENDEDERO EXTENS 9 V  80 CM,MT,21.9
450812965,BALDE PLAST ALBAÃ‘IL MAGER MJA INY,PZ,21.94
450814072,BIS FICHA P/SOLD REF  60- 8   x 2.5,PZ,22.04
450800364,CABO P/PALA 0.60 MT EMPUNAD METAL,MT,22.13
424560316,TOR P/MECHA C/HEXAG  C/A 14 x 1,PZ,22.35
450813814,MACHO URANGA A/RAPIDO M 22 x 1.50,PZ,22.36
450814815,BANDA AA TELA  75x533 O/A MAD G. 36,PZ,22.36
450806086,MECHA EZETA WIDIA BOSCH 22 x 250 MM,PZ,22.52
424580940,MACHO URANGA A/ALEADO BSP  1/2 x 14,PZ,22.69
450812928,BANDA AA TELA 100x610 O/A MAD G. 40,PZ,22.77
450804108,MECHA EZETA COLA CONICA 18.75 MM,PZ,22.83
450800789,MECHA EZETA COLA CONICA 23.50 MM,PZ,22.88
450812668,TABLA PLANCHAR PREMIUM S/PARRILLA,PZ,22.88
424564678,PALETA MATA MOSCA,PZ,22.9
424570448,PITON C/TOPE ABIERTO BCE 23-80 x 25,PZ,23
450803970,CABO P/PICO 0.90 MT,PZ,23.16
450814108,TOR P/MECHA C/FIJAD-PHIL  6 x   3/4,PZ,23.21
450812968,ALAMBRE PUAS S/BAGUAL 15-101 500 MT,PZ,23.39
450814011,CLAVO C/CHATA  8-25,PZ,23.46
424593703,CABO P/LIMA MATRICERO  75 A 150 MM,PZ,23.54
424593704,FLEX SIFOLIMP PVC REG 1/2 x 30 CM,PZ,23.54
450814101,CORTINA P/BAÃ‘O COMPLETA ROSA,PZ,23.61
424560076,SOGA TRENZ P/MOTOR EXPL 3.00 MM,PZ,23.62
450813647,MECHA EZETA COLA CONICA 39.50 MM,PZ,23.65
450812969,REGADERA PLAST  5 LT,PZ,23.67
450812929,TELA MOSQ ALUM UNIV 1.02 x 30.0 MT,PZ,23.68
424572082,CLAVO ESPIRALADO FRACC  5,PZ,23.74
424572084,CLAVO ESPIRALADO FRACC  6,PZ,23.74
450802614,GRAMPA P/CORREA N.45,PZ,23.87
424582151,REGATON REGULABLE 5/16 BASE CHICA,RL,23.92
450817112,MACHO URANGA A/ALEADO NF  3/4  x 16,PZ,23.92
424581005,ADAP HEXAG P/AUTOPERF  5/16x 65 MM,PZ,24
450806148,CLAVO C/PLOMO  76 MM x 100 U,PZ,24.01
450811724,PICO GHERARDI 2 PUNTAS LARGO 570 MM,PZ,24.03
450812289,TELA MOSQ ALUM UNIV 0.72 x 30.0 MT,RL,24.08
450811821,CORTAFRIO GHERARDI HEXAG 18-21 250,PZ,24.11
450814489,TENDEDERO EXTENS 9 V 100 CM,PZ,24.11
450813108,MECHA EZETA WIDIA BOSCH 25 x 250 MM,PZ,24.6
450810550,MALLA Q216 3x1.20 MT  25x25 x2.6 MM,PZ,24.65
450817316,CABLE ACERO 25.4 MM 6 x 19+1,PZ,24.65
450811258,BANDA AA TELA 100x610 O/A MAD G. 36,PZ,24.68
424595588,TENAZA GHERARDI ARMAD N.12 CA CHICA,PZ,24.72
424595589,PUNTA GHERARDI HEXAGONAL 18-21 400,PZ,24.72
450802962,CLAVO C/CHATA 10-25,PZ,24.82
450802423,MENSULA DOBLE BLANCA 470 MM,PZ,24.84
450804109,MECHA EZETA COLA CONICA  6.25 MM,PZ,24.98
450804113,MECHA EZETA COLA CONICA  6.50 MM,PZ,24.98
424595609,MARTILLO GHERARDI BOLITA 500 GR,PZ,25
424573158,TIJERA RTO-CUCHILLA HUALA 30,PZ,25.06
424595723,GRILLETE FORJ GALV   7/16 x   1/2,PZ,25.32
450812136,ABRAZ AMERICANA 3010   100 - 115 MM,PZ,25.48
424572683,SEMILLA REFORZADA N. 9,PZ,25.66
450814812,DISCO AA GOLD    6 PERF 154  G.150,PZ,25.75
424580074,BIS T/MUNICION C/AGUJ PUL   75x75,PZ,25.91
450803561,MECHA EZETA COLA CONICA 14.25 MM,PZ,25.96
450812363,CABLE CORDON 10.0 MM 1 x  7,PZ,26
450814053,POLIET SIXCOM 2 x 100 x 100 CRISTAL,PZ,26
450817002,TOR P/MECHA C/FIJAD-PHIL  8 x 1,PZ,26
424560529,TIJERA RTO-CAB COMP HUALA 24,PZ,26.05
424561058,TIJERA RTO-CAB COMP HUALA 18,PZ,26.05
450814100,TOPE AUTOADHESIVO REDONDO,PZ,26.38
450812869,CORREA SECCION A N.48,PZ,26.53
424560083,CLAVO ESCUADRA PUL 15 -  25,PZ,27.04
424570361,CLAVO CAJ PULIDO FRACC  14- 50,PZ,27.1
450813405,MECHA EZETA COLA CONICA 26.50 MM,PZ,27.38
450600054,LEBRILLO CHAPA GALV REF N.22  46 LT,PZ,27.51
424564545,CLAVO CAJ PULIDO FRACC  16- 63,PZ,27.56
450812482,SELLADOR APLICADOR A CREMALLERA NAC,PZ,27.73
450813307,CEPILLO ACERO CIRCULAR  4x1,PZ,27.74
413054469,TIJERA RTO-CAB COMP HUALA 30,PZ,28.05
450814999,CLAVO C/CHATA  8-30,PZ,28.06
450812636,CABLE ACERO  3.0 MM 6 x 19+1,PZ,28.08
450813635,MECHA EZETA COLA CONICA 41.00 MM,PZ,28.08
450817106,HERRADURA ACANALADA PESADA C/CLIP 1,PZ,28.4
450810811,TOR P/MECHA C/FIJAD-PHIL  8 x 1 1/2,PZ,28.49
450802213,CORREA SECCION A N.36,PZ,28.6
424564679,TIJERA RTO-CAB COMP HUALA 36,PZ,28.62
424595626,TENAZA GHERARDI CARP N. 6  152 MM,PZ,28.78
450800993,CLAVO ESCUADRA PUL 22 -  90,PZ,28.85
413051983,CLAVO CAJ PULIDO FRACC  12- 32,PZ,28.87
450810780,MECHA EZETA COLA CONICA 36.00 MM,PZ,29.12
450814631,MECHA BIASSONI P T E  3/8   CORTA,PZ,29.19
450803118,CLAVO ESPIRALADO 2 1/2  x 20 KG,PZ,29.37
450805148,ABRAZ AMERICANA 3005/5  50 -  65 MM,PZ,29.39
424595610,GRINFA EL ROBLE ACERO FORJADO N.20,PZ,29.42
424562003,CINTA EVEL 115 STANDARD    15 MT,PZ,29.67
450803930,DISCO AA GOLD    6 PERF 154  G.240,PZ,30.14
450811380,CUCHARA ROBLE P/ALBAÃ‘IL N. 7,PZ,30.16
450812670,MECHA EZETA COLA CONICA 42.00 MM,PZ,30.16
450814512,GRILLETE FORJ GALV   1/2  x   9/16,PZ,30.21
424560832,CUCHARA GHERARDI FORJ N. 9,PZ,30.24
450811671,MENSULA DOBLE NEGRA  270 MM,PZ,30.38
424560056,MENSULA DOBLE ECO BLANCA 270 MM,PZ,30.56
424582600,GANCHO P/CAÃ‘O ESTRUCT 50 x 150,BK,30.59
450818408,CABLE ACERO  9.5 MM 6 x 19+1,PZ,30.62
450800261,TOR P/MECHA C/FIJAD-PHIL  8 x   3/4,PZ,30.78
450803340,ENROLLADOR C/BASE,PZ,30.97
450802398,MACHO URANGA A/RAPIDO BSP  3/8 x 19,PZ,31.02
450804287,TABLA PLANCHAR PREMIUM C/PARRILLA,PZ,31.03
424570634,ALAMB REC NEGRO N.19 1.02 MM,PZ,31.14
424572809,CORTINA P/BAÃ‘O COMPLETA BEIGE,PZ,31.14
450801252,CLAVO C/PLOMO 101 MM x 100 U,PZ,31.14
450811269,CORREA SECCION A N.31,PZ,31.3
450810845,ABRAZ AMERICANA 3006    60 -  75 MM,PZ,31.35
424561259,CINTA EVEL 602 CAJA ZAMAC   2 MT,PZ,31.44
450813707,MECHA EZETA COLA CONICA 41.75 MM,PZ,31.81
424588362,CLAVO CAJ PULIDO 14- 45 x 30 KG,PZ,31.93
450905730,MECHA EZETA CILINDRICA A/R 13.50 MM,PZ,31.93
450905732,MECHA EZETA CILINDRICA A/R 12.00 MM,PZ,31.93
450905734,MECHA EZETA CILINDRICA A/R 11.50 MM,PZ,31.93
424582031,GANCHO P/CAÃ‘O ESTRUCT 30 x  80,PQ,32
450813071,MECHA EZETA COLA CONICA 39.75 MM,PZ,32.21
424570632,ARCO SIERRA CARNICERO C/HOJA 720 MM,PZ,32.24
424570633,MENSULA DOBLE NEGRA  370 MM,PZ,32.24
450812412,CORREA SECCION A N.49,PZ,32.28
450802550,TENDEDERO RTO-BASE CEMENTO,PZ,32.61
450813628,MECHA EZETA WIDIA BOSCH 16 x 300 MM,PZ,32.69
450801111,MECHA EZETA COLA CONICA 24.75 MM,PZ,32.81
450816307,BISAGRA T 8 MODELO 524,PZ,33.21
451301815,MECHA EZETA COLA CONICA 44.75 MM,PZ,33.21
424582029,MECHA EZETA WIDIA BOSCH  8 x 210 MM,PQ,33.28
424582030,MECHA NEIKE WIDIA RADIAL,PZ,33.28
450805765,MECHA BIASSONI P T E  1/2   CORTA,PZ,33.28
450813708,ELECTRODO ESAB P/AZUL 2.00 MM,PZ,33.28
424591027,CINTA EVEL 203 RETROFLEX    3 MT,PZ,33.43
450803564,MALLA ACINDAR 50x 50x2.6MM 1.0x24MT,PZ,33.59
424589273,GANCHO ESTIRA TEJ GALV 3/8  x 10,PZ,33.72
451401927,MACHO URANGA A/RAPIDO BSP  1/2 x 14,PQ,33.8
450802549,ALAMBRE PUAS BAGUAL   16-101 500 MT,PZ,33.89
450812955,MECHA EZETA COLA CONICA 27.00 MM,PZ,33.89
450810495,MECHA EZETA COLA CONICA 37.75 MM,PZ,33.96
424593691,MACHO URANGA A/RAPIDO NF 1     x 12,PZ,34.15
424593692,SOPAPA ACERO DE LAVATORIO 40 MM,PZ,34.15
450804917,MECHA EZETA COLA CONICA  5.00 MM,PZ,34.18
450801243,CEPILLO ACERO CIRCULAR  5x1,PZ,34.32
450814177,LIJA AA FENOB G. 50   150 x 45000,PZ,34.42
424595646,TENAZA GHERARDI CARP N. 9  233 MM,PZ,34.45
424595647,TENAZA GHERARDI CARP N.10  251 MM,PZ,34.45
424595648,BANDA AA TELA  75x508 O/A MAD G. 60,PZ,34.45
450804395,CLAVO C/CHATA 15-50,PZ,34.82
450814191,MECHA EZETA COLA CONICA 24.00 MM,PZ,34.94
450813406,CABLE ACERO 16.0 MM 6 x 19+1,PZ,34.96
424594301,MACHO TAP A/LAMINADO NF    8  x 36,PZ,35
413062683,MACHO URANGA A/RAPIDO NF    12 x 28,PZ,35.09
450812502,CORREA SECCION A N.59,MT,35.36
450802214,CABO P/GUADAÃ‘A COMPLETO,PZ,35.52
424590120,ARCO SIERRA CARNICERO C/HOJA 620 MM,PQ,35.56
450805370,GRIFERIA VENUS COCINA MESADA BLANCO,PZ,35.8
424595670,FLEX DUKE PLAST CONEX MET 1/2 x 20,PZ,35.86
424595671,FLEX DUKE EXTENSIBLE 50 x 40-50 MM,PZ,35.86
424595672,BANDA AA TELA  50x478 O/A MET G.100,PZ,35.86
413062440,PITON P/MAD SOLDADO  25 - 110 x 25,PZ,35.89
450802228,CALENTADOR P/GAS GRANDE ENLOZADO,PZ,35.9
464502644,MACHO TAP A/LAMINADO NF  3/16 x 32,PZ,35.9
424589523,MECHA EZETA CILINDRICA A/R 18.25 MM,PZ,36.23
450817080,BANDA AA TELA  75x610 O/A MAD G. 36,PZ,36.23
450804850,MECHA EZETA COLA CONICA 30.75 MM,PZ,36.31
424591730,CLAVO ACERO GALV 3.0 - 60 x 100,PZ,36.4
424595611,ACOPLE DUKE COMPRESION PROF 3/4,PZ,36.54
450811659,MECHA EZETA COLA CONICA 38.00 MM,PZ,36.67
450810555,GUANTE LATEX P/CORTO  9 1/2,PZ,36.9
424583418,GANCHO P/CAÃ‘O ESTRUCT 40 x 100,CJ,36.92
424573123,PITON HO PUL ESCUAD  16 -  30 x 200,PZ,37
450300349,TABLA PLANCHAR ESPECIAL S/PARRILLA,PZ,37.01
450802323,MECHA EZETA COLA CONICA 14.75 MM,PZ,37.18
424561014,GANCHO P/CAÃ‘O ESTRUCT 50 x 100,PZ,37.37
424580252,CORREA SECCION A N.53,PZ,37.37
424574184,COLLAR SUELA N.12 LISO - 29 CM,PZ,37.44
424594300,MACHO TAP A/LAMINADO NC  1/2 x 13,PZ,37.44
450814125,MECHA EZETA COLA CONICA 18.00 MM,KG,37.44
450811787,MECHA EZETA COLA CONICA 36.50 MM,KG,37.7
413063888,PICO GHERARDI PUNTA-HACHA,PZ,37.76
450819592,MECHA EZETA COLA CONICA 25.25 MM,PZ,38.02
424560214,CORTINA P/BAÃ‘O COMPLETA AZUL,PZ,38.17
450905872,CLAVO ESPIRALADO 1      x 20 KG,PQ,38.42
424582025,MECHA EZETA MULTIMATERIAL 12 MM,PQ,38.48
450813095,TENSOR ACERO GALV IMP  5/16,PZ,38.48
450802324,CORREA SECCION O N.20,PZ,38.58
450800894,ABRAZ AMERICANA 3002    25 -  35 MM,PZ,38.6
450814893,MACHO URANGA A/RAPIDO M 14 x 1.00,PZ,38.69
450813665,MECHA EZETA COLA CONICA 40.75 MM,PZ,38.93
450813725,TENDEDERO RODANTE GRANDE,CJ,39.45
450812451,MECHA EZETA COLA CONICA 42.25 MM,PZ,39.52
450812741,RIEGO SOPORTE DE MANGUERA,PZ,39.62
424561789,TEJIDO P/CERDO  7Hx0.65x15x12,PZ,39.86
424593699,TOR P/MECHA WIN 10 - 16 x 1 5/8,PZ,40.02
424593700,TOR P/MECHA WIN 12 - 14 x 2,PZ,40.02
424593701,TOR P/MECHA WIN 12 - 14 x 2 1/2,PZ,40.02
424593702,FLEX SIFOLIMP PVC REG 1/2 x 20 CM,PZ,40.02
450814190,MECHA EZETA COLA CONICA 29.00 MM,PZ,40.04
450805749,MECHA EZETA COLA CONICA 13.25 MM,PZ,40.56
450814624,ABRAZ AMERICANA 3009    90 - 105 MM,PZ,40.58
450804117,PICO GHERARDI PTA-PALA  62 MM C/CAB,PZ,41.01
450813072,MECHA EZETA COLA CONICA 40.00 MM,PZ,41.15
424582141,MECHA EZETA WIDIA BOSCH  8 x 160 MM,PZ,41.31
450801690,CEPILLO ALAMBRE ACERO  RECTANG 6x19,PZ,41.59
424580478,CARCIMA 1023 SACAYUYO MANUAL,PZ,41.6
450813666,CORREA SECCION A N.47,PZ,41.68
450811658,ABRAZ AMERICANA 3011   110 - 125 MM,PZ,41.86
413051297,CINTA PELIGRO 8 CM x 200 MT,PZ,42.04
450802700,PITON HO PUL ESCUAD  21 -  70 x 100,PZ,42.17
424595596,LIJA AA GOLD 24K  G.360,PZ,42.29
450801120,MECHA EZETA COLA CONICA 15.75 MM,PZ,42.37
450906030,MECHA EZETA CILINDRICA A/R  0.80 MM,PZ,42.5
450814306,CADENA MAGER TORCIDO CORTO N. 25,PZ,42.64
424593684,MACHO URANGA A/RAPIDO NF  7/16 x 20,PZ,42.92
450814176,CORREA SECCION O N.23,PZ,43.18
424574018,BIS T/MUNICION C/AGUJ CINC 100x75,PZ,43.24
424593635,PITON S/TOPE ESCUAD  P/TACO  8 x 50,PZ,43.41
424594298,MACHO URANGA A/ALEADO BSP 1    x 11,PZ,43.41
424594299,MACHO URANGA A/ALEADO BSP  7/8 x 14,PZ,43.41
450812671,MECHA EZETA COLA CONICA 38.75 MM,KG,43.68
450804616,SELLADOR S-28 SILIC NEGRO  300 GR,PZ,43.7
450802145,DISCO AA GOLD    6 PERF 154  G.280,PZ,43.89
450802271,REGULADOR PAZ P/GARR S/MANGUERA,PZ,44.02
451305369,LIMPIAMANOS ALLEMANDI POLVO   x15KG,PZ,44.08
424593683,MACHO URANGA A/RAPIDO NF  3/8  x 24,PZ,44.26
450813910,CLAVO P/PARIS FRACC  3,PZ,44.26
450804118,CLAVO ACERO ESC GALV 4.0 - 70 x 50,PZ,44.39
450800222,CLAVO ESCUADRA PUL 21 -  90,PZ,44.42
450813598,MECHA EZETA COLA CONICA 31.00 MM,PZ,44.55
450812704,CADENA NUDO N.12,MT,44.65
450814523,PICO GHERARDI PALA-HACHA  75 MM C/C,PZ,44.75
450803055,TIJERA GHERARDI CORTA PERNOS 14,PZ,45.05
424590137,CARCIMA 1022 CULTIVADOR 3 GARRAS,PQ,45.32
450814628,GANCHO CONTRA VIENTO 24 - 160 x 15,PZ,45.45
450802151,MECHA EZETA COLA CONICA 40.25 MM,PZ,45.55
424593602,MACHO URANGA A/RAPIDO NF  1/4  x 28,PZ,45.65
424570558,DESTAPAPILETA EL ABUELO CINTA  5 MT,PZ,45.67
450801685,HERRADURA ACANALADA PESADA C/CLIP 4,PZ,45.72
450800996,CACEROLA FUND S/ENLOZAR N. 3,PZ,45.76
450801684,LIJA AA FENOB G.120   120 x 45000,PZ,45.76
422001482,CADENA P/PERRO N. 8 LARGO 2.20 MT,PZ,45.78
450804933,CLAVO C/CHATA 16-63,PZ,46.29
450813032,DESTAPACAÃ‘ERIA CINTA ACERO 15 MT,PZ,46.42
424595627,BANDA AA TELA  75x508 O/A MAD G. 80,PZ,46.47
450813603,ALAMB REC NEGRO N.16 x 1 KG,PZ,46.71
450804420,MACHO URANGA A/RAPIDO M 18 x 1.50,PZ,46.72
424595612,MARTILLO GHERARDI GALP C/UÃ‘A 500 GR,PZ,46.99
424582922,MECHA EZETA DE CENTRAR 6.30 MM,PZ,47.01
450800666,MECHA EZETA COLA CONICA 20.50 MM,PZ,47.16
450802613,MACHO TAP A/LAMINADO NF  7/16 x 20,PZ,47.42
450817003,GANCHO P/ARMARIO BCE 40 MM x 100,PZ,47.5
450812173,DISCO AA GOLD    6 PERF 154  G.100,PZ,47.61
450813987,MACHO URANGA A/ALEADO NF  1/2  x 20,PZ,47.84
450818795,MECHA EZETA COLA CONICA 46.50 MM,PZ,47.84
424595629,TENAZA GHERARDI CARP N. 8  203 MM,PZ,47.91
450811912,CADENA NUDO N.18,PZ,47.96
424580343,GANCHO CONTRA VIENTO 22 - 120 x 25,PZ,48
413051199,ALAMB REC NEGRO N.16 1.63 MM,PZ,48.33
450812501,MECHA EZETA COLA CONICA 33.25 MM,PZ,48.56
450813317,CORREA SECCION O N.24,PZ,48.88
450817271,PITON S/TOPE ABIERTO P/TACO  8 x 50,PZ,48.88
424580002,MECHA EZETA DE CENTRAR 1.60 MM,PZ,48.91
450301149,CABO P/MARTILLO LABRADO 0.35 MT,PZ,48.98
450819689,MECHA EZETA CILINDRICA A/R 10.00 MM,PZ,49
450812903,MECHA EZETA COLA CONICA 32.00 MM,PZ,49.22
424595597,LIJA AA GOLD 24K  G.400,PZ,49.29
424580058,MECHA EZETA JUEGO A/R Y WIDIA x 9 U,PQ,49.33
424582130,GANCHO P/CAÃ‘O ESTRUCT 35 x 100,BA,49.48
450814912,MACHO URANGA A/ALEADO M 16 x 1.50,PZ,49.61
450801683,NIVEL EVEL ALUMINIO  60 CM,PZ,49.76
424580014,CADENA P/PERRO N.18 LARGO 1.70 MT,PQ,50.23
450900403,PITON HO PUL ESCUAD  23 -  80 x 100,PZ,50.34
450900404,PITON HO PUL ESCUAD  23 -  70 x 100,PZ,50.34
450801837,LIJA AA FENOB G. 36   150 x 45000,PZ,50.69
424595579,AZADA GHERARDI CARPIR N.2,PZ,50.83
424595580,AZADA GHERARDI ALGODONERA N.0,PZ,50.83
424595581,AZADA GHERARDI ALGODONERA N.1,PZ,50.83
424595582,AZADA GHERARDI ALGODONERA N.2,PZ,50.83
424595583,AZADA GHERARDI 2 AGUJEROS,PZ,50.83
450803940,BANDA AA TELA  75x533 O/A MAD G. 60,PZ,50.97
450817312,MECHA EZETA WIDIA BOSCH 14 x 350 MM,PZ,51.02
450812770,MACHO URANGA A/RAPIDO M 20 x 1.50,PZ,51.16
450818405,MECHA EZETA COLA CONICA 13.00 MM,PZ,51.88
424588359,CLAVO CAJ PULIDO 12- 28 x 30 KG,CJ,51.9
424588360,CLAVO CAJ PULIDO 12- 30 x 30 KG,CJ,51.9
450804617,CAÃ‘O CRISTAL  5 -  8  x  50 MT,PZ,51.94
424592740,CADENA P/PERRO N.13 LARGO 1.70 MT,PZ,52
424592810,MECHA EZETA WIDIA LARGA 200 12 MM,CJ,52
424592811,CADENA P/PERRO N.13 LARGO 1.40 MT,CJ,52
450801732,MECHA EZETA COLA CONICA 28.00 MM,PZ,52
450801733,MECHA EZETA COLA CONICA 27.75 MM,PZ,52
450805937,MACHO URANGA A/RAPIDO M 12 x 1.25,PZ,52.36
424560271,CINTA EVEL 120 STANDARD    20 MT,PZ,52.5
450802194,PICO GHERARDI PALA-HACHA 102 MM C/C,PZ,52.64
424593688,MACHO URANGA A/RAPIDO NF  5/8  x 18,PZ,52.74
450817012,TELA MOSQ ALUM UNIV 1.12 x 30.0 MT,PZ,52.74
450802701,CADENA NUDO N. 9,PZ,52.89
424591344,GANCHO P/CAÃ‘O ESTRUCT 40 x  80,FR,52.94
450804935,GUARDACABO GALV   1/2,PZ,53
450813600,CORREA SECCION O N.22,PZ,53.04
424595628,TENAZA GHERARDI CARP N. 7  178 MM,PZ,53.25
424574936,TIJERA RTO-CUCHILLA HUALA 18,PZ,53.56
450814579,MECHA EZETA COLA CONICA 34.75 MM,PZ,53.59
424560094,MECHA EZETA DE CENTRAR 5.00 MM,PZ,53.73
450813038,CUCHARA GHERARDI FORJ N. 5 1/2,PZ,53.82
424595724,GANCHO ESTIRA TEJ GALV 3/8  x 13,PZ,54.26
464502650,DISCO AA GOLD    6 PERF 154  G.400,PZ,54.37
450814509,PALA GHERARDI FORJ POCERA       C/C,PZ,54.63
424595595,LIJA AA GOLD 24K  G.320,PZ,54.64
424594991,MACHO URANGA A/RAPIDO BSP 1    x 11,PZ,54.88
424574937,CINTA EVEL 503 FLEJE 17MM   3 MT,PZ,55.04
450813093,CORTINA P/BAÃ‘O RTO-PROTECT AMARILLO,PZ,55.06
450813804,MACHO TAP A/LAMINADO BSP 1/4 x 19,PZ,55.22
450814107,BIS FICHA P/SOLD REF  80-22   x 1.5,PZ,55.54
424581089,MECHA EZETA WIDIA CORTA 14 MM,PZ,55.85
424595494,TENSOR ACERO GALV IMP  1,PZ,55.85
450800825,MECHA EZETA COLA CONICA 22.75 MM,PZ,56.05
450409342,MACHO URANGA A/RAPIDO M 10 x 1.00,PZ,56.24
424560457,PITON C/TOPE ABIERTO BCE 17-40 x200,PZ,56.34
451301842,MECHA EZETA CILINDRICA A/R 12.75 MM,PZ,56.46
451301843,MECHA EZETA CILINDRICA A/R 12.50 MM,PZ,56.46
424582464,PITON P/MAD SOLDADO  24 -  90 x 25,CJ,56.67
450810862,PICO GHERARDI PALA-HACHA  75 MM,PZ,56.79
450813601,BANDA AA TELA  75x610 O/A MAD G.100,PZ,56.93
450814752,FLEX DUKE PLAST CONEX MET 1/2 x 50,PZ,57.16
424580780,MECHA EZETA CILIND TITANIO 11.75 MM,RL,57.2
424560960,CLAVO C/CHATA  6-20,PZ,57.51
424594296,MACHO TAP A/LAMINADO NC    6 x 32,PZ,57.52
424594297,MACHO TAP A/LAMINADO NC    8 x 32,PZ,57.79
450813712,MACHO URANGA A/RAPIDO M 20 x 1.00,PZ,57.89
424580274,MECHA EZETA JUEGO A/R x 6 UNID,PZ,58.24
450810865,TENDEDERO PIE PLEG 7 V ALAMB SIMPLE,PZ,58.24
424595625,BANDA AA TELA 100x620 O/A MAD G.120,PZ,58.38
424589524,MECHA EZETA CILINDRICA A/R 18.50 MM,PZ,58.69
424594374,MACHO URANGA A/RAPIDO BSP  5/8 x 14,PZ,58.85
450812695,MACHO URANGA A/ALEADO M 20 x 1.50,PZ,58.9
424582032,LIJA AA GOLD 24K  G.100,PZ,58.92
450801682,PITON P/MAD SOLDADO  23 -  90 x 50,PZ,58.98
450814378,CABLE ACERO  6.0 MM 6 x  7+1,PZ,58.99
450813227,GRAMPA P/CORREA N.35,PZ,59.18
450814480,TELA AA FENOB G. 36   120 x 45000,LA,59.19
424599017,MECHA EZETA WIDIA BOSCH 12 x 350 MM,PZ,59.28
424599660,MECHA EZETA WIDIA BOSCH 12 x 460 MM,PZ,59.28
450812508,MECHA EZETA COLA CONICA 30.50 MM,PZ,59.28
424580971,CABLE ACERO 22.0 MM 6 x 19+1,PZ,59.95
450800252,LIJA AA COLORADO RUBI G.180 FIN,PZ,61.14
450802248,MECHA EZETA COLA CONICA  8.25 MM,PZ,61.2
450813761,MAQ ZONTA RTO-REGLA CENTIMETRADA,PZ,61.29
450813035,CORTINA P/BAÃ‘O COMPLETA VERDE,PZ,61.36
450814192,BROCA MANUAL UR34 3/4,PZ,61.36
424560459,PITON C/TOPE ABIERTO BCE 21-60 x 50,PZ,61.52
424560580,GRAMPA PRENSA CABLE GALV   5/16,PZ,61.62
450821758,GRAMPA P/CORREA N.15,PZ,62
450805374,TIJERA GHERARDI CESPED 3 POSICIONES,PZ,62.11
424573143,TABLA PLANCHAR RTO-FUNDA P/PREMIUM,PZ,62.4
424595769,CUCHARA GHERARDI FORJ N.10,PZ,62.5
413052483,REGADERA PLAST 10 LT,PZ,62.68
450803941,BANDA AA TELA  75x533 O/A MAD G.100,PZ,62.83
450803181,HERRADURA ACANALADA PESADA 1,PZ,62.85
424572714,MECHA EZETA WIDIA BOSCH 10 x 460 MM,PZ,62.97
424572715,MECHA EZETA DE CENTRAR 4.00 MM,PZ,63.09
450814178,TOR P/MECHA C/HEXAG  C/A 14 x 4,PZ,63.28
450800813,MACHO URANGA A/ALEADO NC 1     x  8,PZ,63.43
450814474,MACHO URANGA A/ALEADO M  8 x 1.00,PZ,63.52
450813073,ALAMB REC NEGRO N.14 x 1 KG,PZ,63.65
464502377,MAQ P/RALLAR RTO-TACO,PZ,63.86
450814124,ABRAZ AMERICANA 3005    45 -  60 MM,PZ,63.88
424589974,HILO ALGODON CRUDO 10 x  50 GR,PZ,63.96
450813404,CLAVO C/CHATA  9-20,PZ,63.97
424573144,RIEL DOBLE BLANCO 1.00 MT,PZ,64.36
450813126,PALA GHERARDI FORJ 1/2 L ANCHA  C/C,PZ,64.43
424595710,GRILLETE FORJ GALV   1/4  x   5/16,PZ,64.47
424573145,MECHA EZETA COLA CONICA 35.00 MM,PZ,64.48
424561133,TIJERA RTO-CUCHILLA HUALA 36,PZ,64.83
424596136,AZADA GHERARDI MENDOCINA 2      LBS,PZ,65
450803182,HERRADURA ACANALADA PESADA C/CLIP 6,PZ,65
450813416,TIJERA GHERARDI CORTA PERNOS 24,PZ,65.32
450802917,CLAVO CAJ PULIDO 12- 50 x 30 KG,PZ,65.39
450811410,PALANQ  LAMINADA 1045  76.20 MM,PZ,65.47
450802249,CORTINA P/BAÃ‘O COMPLETA ROJA,PZ,65.72
450803363,PALANQ  LAMINADA 1010 101.60 MM,PZ,65.74
424580007,TELA M/SOMBRA 100 MT NEGRO      80%,PQ,66.66
424595685,FLEX DUKE EXTENSIBLE 40 x 40-50 MM,PZ,66.75
424595686,TENAZA GHERARDI AZULEJISTA N.6,PZ,66.75
424595687,PINZA GHERARDI PICO LORO D/CREM 250,PZ,66.75
450804597,CLAVO P/PARIS FRACC  3 1/2,PZ,66.85
424595616,MAZA GHERARDI FORJADA 1.00 KG,PZ,67.03
450813904,MACHO TAP A/LAMINADO NF  5/32 x 36,PZ,67.24
424593605,GUANTE LATEX P/LARGO CHICO,PZ,67.28
450802681,LIJA AA FENOB G. 36   120 x 45000,PZ,67.43
424599012,CLAVO C/PIZARRA 16-50,PZ,67.47
422501491,CINTA EVEL 102 BOX          2 MT,PZ,67.6
450804624,MECHA EZETA COLA CONICA 31.75 MM,PZ,67.78
450804401,LLANA VOSS 2000 PLASTICA 12 x 12,PZ,67.94
450813310,CLAVO ESCUADRA PUL 21 -  70 x 100,PZ,68
424560997,RIEGO ROCIADOR GIRATORIO ACOPLE RAP,PZ,68.03
424595598,MARTILLO GHERARDI BOLITA 200 GR,PZ,68.26
450813630,MECHA EZETA COLA CONICA  7.25 MM,PZ,68.52
424566919,CADENA P/PERRO N. 8 LARGO 1.70 MT,PZ,68.64
450806076,MENSULA DOBLE NEGRA  170 MM,PZ,68.72
450810954,CLAVO P/PARIS FRACC  2,PZ,68.89
422501414,CADENA NUDO N.15,PZ,69.14
424564741,PITON HO PUL ESCUAD  25 - 110 x  50,PZ,69.24
424595650,LIJA AA GOLD 24K  G.500,PZ,69.48
450801758,GUANTE LATEX P/CORTO  9,PZ,69.67
450805639,MECHA EZETA COLA CONICA 41.25 MM,PZ,69.77
450810720,SELLADOR S-28 SILIC TRANSP  50 GR,PZ,69.9
450817508,GANCHO J P/GALPON COMP 1/4 x  50 MM,PZ,70
450803662,LEBRILLO CHAPA GALV REF N.20  35 LT,PZ,70.47
424595574,AZADA GHERARDI MENDOCINA 2 1/2  LBS,PZ,70.72
450813364,TOR P/MECHA C/FIJAD-PHIL 10 x   1/2,PZ,70.72
450814165,CAÃ‘O CRISTAL 16 - 20  x  25 MT,PZ,70.72
450814488,VIRUTA ACERO GRUESA  x 330 GR,PZ,70.72
424580028,GRAMPA P/CORREA N.27,PZ,71.18
424595633,BANDA AA TELA  64x410 O/A MAD G. 36,PZ,71.51
424560613,MECHA EZETA DOBLE PUNTA 2.50 MM,PZ,71.61
450813955,CORREA SECCION O N.21,PZ,71.94
450906149,BISAGRA T 3 MODELO 520,PZ,72
424589913,TENDEDERO EXTENS 9 V  60 CM,PZ,72.8
450802129,CLAVO ACERO ESC GALV 4.0 - 80 x 50,PZ,72.88
424593687,MACHO URANGA A/RAPIDO NF  9/16 x 18,PZ,73.39
450901049,GANCHO ESTIRA TEJ GALV 3/8  x  9,PZ,73.46
424560534,COLLAR SUELA N.16 LISO - 37 CM,PZ,73.55
424566917,RIEGO REGADOR 5V ACOPLE RAPIDO,PZ,74.36
424583416,GANCHO P/CAÃ‘O ESTRUCT 35 x  90,CJ,74.74
450804301,CORREA SECCION A N.33,PZ,74.88
450817102,CLAVO PUNTA PARIS 5      x 20 KG,PZ,75.07
450811407,ADAP POZIDRIVE P/AUTOPERF 1 x 25 MM,PZ,75.14
424565244,RIEGO REGADOR 1V ACOPLE RAPIDO,PZ,75.28
450814123,TENDEDERO PIE PLEG 9 V ALAMB SIMPLE,PZ,75.37
450906091,ARANDELA FICHA BRONCEADA 10.0 MM,PZ,75.43
450813498,SOGA ELASTICA 5 MM,PZ,75.46
450800228,TENSOR ACERO GALV IMP  1/4,PZ,75.56
450803178,FAROL A GAS P/MICROGARRAFA,PZ,75.65
450818724,RIEL DOBLE ALUM   2.00 MT,PZ,75.92
424573105,MECHA NEIKE WIDIA LARGA 400 12 MM,PZ,75.93
424582659,GANCHO P/CAÃ‘O ESTRUCT 30 x  90,BK,76.51
450800653,MECHA EZETA COLA CONICA 34.00 MM,PZ,76.54
450810917,HERRADURA ACANALADA PESADA C/CLIP 3,PZ,76.65
424595600,MARTILLO GHERARDI BOLITA 300 GR,PZ,77.06
424595617,MAZA GHERARDI FORJADA 1.50 KG,PZ,77.06
424575307,RIEGO KIT MANGUERA 1/2 x 10 MTS,PZ,77.17
450812983,MECHA EZETA COLA CONICA  9.00 MM,PZ,77.38
450814054,LIJA AA COLORADO RUBI G.120 MED,PZ,78
424560349,MECHA EZETA WIDIA BOSCH 10 x 210 MM,PZ,78.89
424590182,PINZA CORTA CERAMICO C/LAPIZ WIDIA,PZ,79.04
450814592,PITON S/TOPE CERRADO P/TACO 10 x 25,PZ,79.04
424581250,POLIET SIXCOM 3 x 100 x 100 NEGRO,PZ,79.05
451305370,LIMPIAMANOS ALLEMANDI PASTA 36x400G,PZ,79.61
424572691,MECHA NEIKE WIDIA LARGA 400  8 MM,PZ,79.83
450804612,SELLADOR SN-4 SILIC NEUTRO 300 GR,PZ,79.9
450811903,CUCHARIN ROBLE P/ALBAÃ‘IL N. 5,PZ,79.96
450813582,CORREA SECCION A N.41,PZ,80.05
450800654,MECHA EZETA COLA CONICA 30.25 MM,PZ,80.08
424593694,SOPAPA ACERO DE BAÃ‘ERA,PZ,80.48
450814179,TOR P/MECHA C/HEXAG  C/A 14 x 3,PZ,80.6
450813407,CEPILLO ACERO CIRCULAR  8x1,PZ,80.69
450814279,MACHO URANGA A/ALEADO M 12 x 1.50,RL,81.12
450905663,BISAGRA REVERSIBLE BCEADA  2x 5x2.0,PZ,81.54
450813731,ABRAZ AMERICANA 3001    16 -  22 MM,PZ,81.72
450805147,CAÃ‘O CRISTAL 15 - 19  x  25 MT,PZ,81.99
450802760,HERRADURA ACANALADA PESADA 7,PZ,82.3
450814109,LIJA AA COLORADO RUBI G.100 MED,PZ,82.35
413052437,PERCHA PLAST AUTOADHESIVA CHICA,PZ,82.47
450810660,TOR P/MECHA C/FIJAD-PHIL  8 x   1/2,PZ,83.19
450812174,MECHA EZETA COLA CONICA 33.00 MM,PZ,83.76
450804104,CORTAFRIO GHERARDI CHATO 12-25 250,PZ,84.06
450803306,MECHA EZETA COLA CONICA 25.75 MM,PZ,84.24
450817264,CAÃ‘O CRISTAL  4 -  7  x  50 MT,PZ,84.38
450814122,MECHA EZETA COLA CONICA 26.00 MM,PZ,84.69
424561963,MECHA EZETA WIDIA BOSCH 12 x 160 MM,PZ,84.98
450814193,BROCA MANUAL - MANGO BTU58 5/8,PZ,85.28
424595634,BANDA AA TELA  64x410 O/A MAD G. 40,PZ,85.89
450813403,MECHA EZETA COLA CONICA 29.50 MM,PZ,86.11
424595618,MAZA GHERARDI FORJADA 2.00 KG,PZ,86.16
450813468,MAQ ZONTA CORTA CERAMICO 42 CM C/T,PZ,86.32
450812223,CORTINA P/BAÃ‘O RTO-PROTECT ROSA,PZ,86.36
424582558,GANCHO P/CAÃ‘O ESTRUCT 30 x 120,PQ,86.65
450810747,CORREA SECCION A N.60,PZ,86.83
450818300,SEMILLA REFORZADA N.10,PZ,87.59
450812218,MECHA EZETA COLA CONICA 25.00 MM,PZ,87.88
450814195,PALA GHERARDI POCERA ESCOCESA C/HIE,PZ,87.96
45091155,ESCARDILLO CORAZON Y PALA 78 MM,PZ,88
450804896,MECHA EZETA WIDIA BOSCH 16 x 210 MM,PZ,88.25
424564373,BANDA AA TELA 100x610 O/A MAD G. 80,PZ,88.36
450805462,CORREA SECCION A N.32,PZ,88.4
450817293,BROCA MANUAL UR58 5/8,PZ,88.4
450409396,TEJ ROMBO ACINDAR 100-50-14-10 ML,PZ,88.54
451305637,CAÃ‘O RIEGO GREEN   1/2 x 25 MT,PZ,88.54
424582617,GANCHO P/CAÃ‘O ESTRUCT 35 x 120,BK,88.9
424593705,FLEX SIFOLIMP PVC REG 1/2 x 40 CM,PZ,88.96
450812676,PICO GHERARDI PTA-PALA  75 MM C/CAB,PZ,89.18
424564428,PITON C/TOPE ABIERTO BCE 16-35 x200,PZ,89.26
450813751,MECHA BIASSONI P T E  7/16  CORTA,PZ,89.39
450812926,MACHO URANGA A/ALEADO M 18 x 1.50,LA,89.44
450818571,CEPILLO ALAMBRE ACERO  C/MANGO 4x19,PZ,89.44
451305258,TEJ ROMBO ACINDAR 180-63-14-10 ML,PZ,89.68
413050523,CARBURO DE CALCIO x 115 KG,PZ,90.19
450813632,VIRUTA ACERO FINA    x 330 GR,PZ,90.27
450817291,GUARDACABO GALV   5/16,PZ,90.52
451305638,CAJA METALICA F3 20x20x48 2 FUELLES,PZ,90.82
424560714,COLLAR SUELA N.14 LISO - 33 CM,PZ,91.5
450813295,CABO P/HACHA   0.90 MT  VIZCAINA,PZ,91.6
450817456,MARTILLO EL ROBLE GALPONERO,PZ,91.98
424560095,MECHA EZETA WIDIA BOSCH  6 x 160 MM,PZ,92.21
451305268,TEJ ROMBO ACINDAR 200-50-14-10 ML,PZ,93.29
422500123,PITON HO PUL ESCUAD  23 -  90 x 100,PZ,93.42
450817310,CAÃ‘O CRISTAL 12 - 15  x  50 MT,PZ,94
451305269,TEJ ROMBO ACINDAR 200-63-14-10 ML,PZ,94.05
450817393,CINTA EVEL 210 PROFESIONAL 10 MT,PZ,94.06
424593690,MACHO URANGA A/RAPIDO NF  7/8  x 14,PZ,95.19
450804787,DISCO AA NO PAST 6 PERF 154  G.240,PZ,95.22
450812677,CADENA NUDO N.10,MT,95.39
424595599,GRINFA EL ROBLE ACERO FORJADO N.14,PZ,96.46
450409397,TEJ ROMBO ACINDAR 125-50-14-10 ML,PZ,96.71
451305270,MACHO URANGA A/RAPIDO NC  7/8  x  9,PZ,96.71
451305639,CAJA METALICA F2 20x20x42 2 FUELLES,PZ,96.71
450801901,MECHA EZETA COLA CONICA 19.00 MM,PZ,96.72
424580082,MECHA EZETA DE CENTRAR 3.15 MM,PZ,96.76
464502393,CORREA SECCION A N.57,PZ,96.87
450819821,ELECTRODO ESAB P/AZUL 4.00 MM,PZ,97.07
413053302,REGADERA CHAPA GALV N.2  10 LT,PZ,97.16
450812734,BIS FICHA P/SOLD REF  60-33-8 x 2.5,PZ,97.24
450802674,CORREA SECCION A N.44,PZ,97.26
450803307,MACHO URANGA A/ALEADO NF  7/8  x 14,PZ,97.76
450819690,MECHA EZETA CILINDRICA A/R  9.75 MM,PZ,98
424595676,BANDA AA TELA  50x478 O/A MET G.120,PZ,98.79
450810812,MACHO URANGA A/RAPIDO M 18 x 1.00,PZ,99.36
450800906,TOR P/MECHA C/FIJAD-PHIL  6 x 1,PZ,100.58
450813315,TENDEDERO ABANICO LATERAL,LA,100.69
450805857,PITON C/TOPE ESCUAD  BCE 17-40 x200,PZ,100.71
450801403,MECHA EZETA COLA CONICA 16.50 MM,PZ,101.52
424573107,MECHA EZETA WIDIA LARGA 400 10 MM,PZ,101.92
450818805,MECHA EZETA COLA CONICA 45.50 MM,PZ,101.92
451305271,TEJ ROMBO ACINDAR 200-76-14-10 ML,PZ,102.22
450804510,MECHA EZETA COLA CONICA 12.50 MM,PZ,102.66
450900619,MECHA EZETA CILINDRICA A/R 16.00 MM,PZ,102.96
424595601,MARTILLO GHERARDI BOLITA 400 GR,PZ,102.99
450814793,MECHA BIASSONI P T E  5/16  CORTA,PZ,103.17
450817295,BROCA MANUAL - MANGO BTU56 5/16,PZ,103.48
450814194,PALA GHERARDI FORJ CORAZON      C/L,PZ,103.5
450817338,PITON HO PUL ESCUAD  27 - 120 x  25,PZ,103.8
450814543,GRILLETE FORJ GALV   7/8  x 1,PZ,103.92
424595613,GRINFA EL ROBLE ACERO FORJADO N.25,PZ,104.39
450409398,TEJ ROMBO ACINDAR 125-63-14-10 ML,PZ,104.5
451305371,LIMPIAMANOS ALLEMANDI PASTA 12x1 KG,PZ,104.5
450814823,MACHO URANGA A/RAPIDO M 14 x 1.25,PZ,104.51
424562026,PITON HO PUL ESCUAD  18 -  40 x 100,PZ,104.81
450804021,TABLA PLANCHAR CLASICA COMPLETA,PZ,104.89
424593689,MACHO URANGA A/RAPIDO NF  3/4  x 16,PZ,105.03
450801204,GRAMPA PRENSA CABLE GALV   1/2,PZ,105.88
450801205,GRAMPA PRENSA CABLE GALV   9/16,PZ,105.88
450813092,ABRAZ AMERICANA 3001/5  20 -  28 MM,PZ,106.08
422000814,MACHO URANGA A/ALEADO NPT 1/2 x 14,PZ,106.84
450800652,MECHA EZETA COLA CONICA 23.25 MM,PZ,107.07
424595636,PINZA GHERARDI PICO LORO D/CREM 300,PZ,108.05
450803751,MECHA EZETA COLA CONICA 38.25 MM,PZ,108.99
424585637,MACHO URANGA A/ALEADO NF  3/8  x 24,PZ,109.2
450805375,MECHA EZETA COLA CONICA 40.50 MM,PZ,109.6
424594375,GANCHO ESTIRA TEJ GALV 5/16 x  6,PZ,110.75
424595637,ACOPLE DUKE COMPRESION PROF 1/2,PZ,110.93
424582608,MECHA EZETA WIDIA LARGA 400  6 MM,BK,111.22
450813961,GANCHO ESTIRA TEJ GALV 5/16 x 11,PZ,111.52
424581282,MECHA EZETA DOBLE PUNTA 3.30 MM,PZ,112.32
424595614,GRINFA EL ROBLE ACERO FORJADO N.28,PZ,112.33
424560004,MECHA EZETA WIDIA BOSCH  6 x 110 MM,PZ,112.73
424572059,REGATON REGULABLE 3/8  BASE GRANDE,PZ,113.36
450803266,BARRAL 0.40MT S/LLAVE GARRAFA 10 KG,PZ,113.36
450819662,REGADERA PLAST  5 LT RTO-FLOR,PZ,113.98
450812483,GRILLETE FORJ GALV 1 1/8  x 1 1/4,PZ,114.35
450817315,MACHO URANGA A/ALEADO M  8 x 0.75,PZ,114.4
450818804,MECHA EZETA COLA CONICA 45.25 MM,PZ,114.4
422000824,MACHO URANGA A/ALEADO NPT 3/8 x 18,PZ,114.92
424562773,CABO P/LIMA PLANA     250 A 300 MM,PZ,114.93
424580029,MECHA EZETA MULTIMATERIAL  5 MM,PZ,116.11
450817149,PITON HO PUL ESCUAD  15 -  25 x 300,BA,116.48
424595638,BANDA AA TELA 100x620 O/A MAD G.100,PZ,117.2
424595677,BANDA AA TELA  50x478 O/A MET G.150,PZ,117.23
450409093,TOR P/AGUJ C/TROMP P/MAD  6 x 1 1/2,PZ,117.502761383
450409094,TOR P/AGUJ C/TROMP P/MAD  6 x 1 5/8,PZ,117.502761383
450905373,MECHA EZETA COLA CONICA 47.00 MM,PZ,118.75
451305261,TEJ ROMBO ACINDAR 180-76-14-10 ML,PZ,118.94
390000042,TOR P/MECHA C/HEXAG  C/A 14 x 2 1/2,PZ,119
450805367,GRILLETE FORJ GALV 1 1/2  x 1 5/8,PZ,119.28
451305200,MECHA EZETA CILINDRICA A/R  3.25 MM,PZ,120.78
424560310,CABO P/LIMA PLANA     300 A 350 MM,PZ,121.07
450812428,GRILLETE FORJ GALV 1 1/4  x 1 3/8,PZ,121.21
424594303,FLEX SIFOLIMP PVC REG 1/2 x 50 CM,PZ,122
450810584,MECHA EZETA COLA CONICA 14.50 MM,PZ,122.43
424595682,LIJA AA GOLD 24K  G.220,PZ,122.62
424589741,CLAVO ESCUADRA PUL 24 -  90,PZ,123.1
450812960,CORREA SECCION A N.45,PZ,124.01
450409095,TOR P/AGUJ C/TROMP P/MAD  6 x 2,PZ,124.069092166
424574882,CLAVO CAJ PULIDO FRACC  12- 50,PZ,124.56
424581134,MECHA EZETA CILIND TITANIO 11.25 MM,PZ,124.56
450800698,CADENA ONETO CALIBRADA N.55,PZ,124.56
450803832,PALANQ  LAMINADA 1010  63.50 MM,PZ,124.8
450812435,MECHA EZETA COLA CONICA 35.75 MM,PZ,124.8
424593695,SOPAPA ACERO CON RECEPTACULO BAÃ‘ERA,PZ,124.83
451305272,TEJ ROMBO ACINDAR 200-63-12-10 ML,PZ,124.83
450800815,BROCA MANUAL UR56 5/16,PZ,126.07
450803571,MECHA EZETA COLA CONICA 24.25 MM,PZ,126.67
450812068,RIEL DOBLE BLANCO 2.00 MT,PZ,127.38
450805292,MECHA BIASSONI P T E  3/8   LARGA,PZ,129.27
450805150,CAÃ‘O CRISTAL 14 - 18  x  50 MT,PZ,130
424595578,AZADA GHERARDI CARPIR N.1,PZ,130.32
450814696,MECHA EZETA COLA CONICA 17.50 MM,PZ,131.66
450814578,MAQ HORMIGONERA C/MOTOR,PZ,131.82
450408943,CAJA METALICA B2 15x20x43 1 BANDEJA,PZ,131.86
451305364,HORM ALLEMANDI DUAL TARRO  24x250GR,PZ,131.86
451305643,CAJA METALICA B1 15x20x32 1 BANDEJA,PZ,131.86
450813560,CLAVO ESCUADRA PUL 22 -  60,PZ,132.15
450810746,CORREA SECCION A N.42,PZ,133.54
424592236,MECHA EZETA CILIND TITANIO 10.25 MM,PZ,133.78
424572630,CUCHARA ROBLE P/ALBAÃ‘IL N. 8 MOCHA,PZ,134.46
450816379,CLAVO ESPIRALADO 6      x 20 KG,PZ,134.59
450813222,MACHO URANGA A/RAPIDO M 18 x 2.00,PZ,134.95
450925787,GRAMPA P/CORREA N.20,PZ,135
413050661,PITON S/TOPE ESCUAD  P/TACO  6 x 50,PZ,135.76
451305277,MACHO URANGA A/RAPIDO NC  5/8  x 11,PZ,136.42
451305632,CANDADO 606 40MM JGO 12 PZS COMB,PZ,136.42
424580972,MECHA EZETA MULTIMATERIAL  8 MM,PZ,137.34
424595584,TIJERA GHERARDI PODAR 240 MM,PZ,137.55
450802622,PITON S/TOPE CERRADO P/TACO  5 x 50,PZ,137.89
424587996,MECHA EZETA DE CENTRAR 1.25 MM,RL,137.97
450818697,MAQ ZONTA RTO-PALANCA 42,PZ,138
450409286,CAJA METALICA B3 15x20x49 1 BANDEJA,PZ,138.89
451305294,MACHO URANGA A/RAPIDO NC  3/4  x 10,PZ,138.89
450906029,MECHA EZETA CILINDRICA A/R  0.75 MM,PZ,139
450813579,POLIET SIXCOM 2 x 200 x  50 NEGRO,PZ,139.61
450811408,ABRAZ AMERICANA 3000    14 -  20 MM,PZ,139.62
450925788,GRAMPA PRENSA CABLE GALV   1/4,PZ,139.73
450826249,ADHESIVO DUKE P/PVC 1000 CM3,PZ,140
450826250,ADHESIVO DUKE P/PVC  250 CM3,PZ,140
450826253,ADHESIVO DUKE P/PVC  500 CM3,PZ,140
450813763,FAROL RTO-BOQUILLA 500 W,PZ,140.08
450803200,GRILLETE FORJ GALV 1      x 1 1/8,PZ,140.25
450805984,MACHO URANGA A/ALEADO NC  7/8  x  9,PZ,141.12
450818473,GANCHO J P/GALPON COMP 1/4 x  90 MM,PZ,142.29
424595585,TIJERA GHERARDI PODAR RTO-RESORTE,PZ,142.7
450300022,BALDE CHAPA P/ALBAÃ‘IL 1 PZA,PQ,143
424561234,GANCHO P/CAÃ‘O ESTRUCT 40 x  90,PZ,143.41
450813660,TENSOR ACERO GALV IMP  1/2,PZ,143.45
450814885,PITON C/TOPE ESCUAD  BCE 16-35 x200,PZ,143.47
424572629,REGADERA CHAPA GALV N.4  14 LT,PZ,143.84
424586192,CADENA P/PERRO N. 9 LARGO 2.20 MT,BK,144.03
450409089,TOR P/AGUJ C/TROMP P/MAD  6 x   5/8,PZ,144.113680873
450409091,TOR P/AGUJ C/TROMP P/MAD  6 x 1,PZ,144.113680873
450409092,TOR P/AGUJ C/TROMP P/MAD  6 x 1 1/4,PZ,144.113680873
450817108,CEPILLO MANUAL CURVO MANGO PLASTICO,PZ,144.6
424572627,TIJERA RTO-CUCHILLA HUALA 24,PZ,144.84
450812129,CLAVO CAJ PULIDO 17- 75 x 30 KG,PZ,145.32
450813166,TENDEDERO PIE PLEG 9 V ALAMB C/ALAS,PZ,147.39
451305640,CANDADO 606 50MM JGO 12 PZS MAESTRO,PZ,147.44
450813378,PITON S/TOPE CERRADO P/TACO 12 x 20,PZ,147.98
424563372,SOGA TRENZ P/MOTOR EXPL 4.00 MM,PZ,149.74
450901250,CABO P/MARTILLO RECTO 0.25 MT,PZ,150
450814548,DISCO AA GOLD    6 PERF 154  G.360,PZ,150.7
450814305,CORREA SECCION A N.34,PZ,151.4
450900639,GANCHO CONTRA VIENTO 20 -  80 x 50,PZ,151.95
451305273,TEJ ROMBO ACINDAR 150-76-14.5-10 ML,PZ,152.19
450811913,CORTAVIDRIO T/JOBO CABO MADERA,PZ,153.8
450303094,MECHA EZETA COLA CONICA 55.00 MM,RL,154.14
424561901,PITON C/TOPE ABIERTO BCE 21-70 x 50,PZ,154.26
450806020,TELA MOSQ ALUM UNIV 0.61 x 30.0 MT,PZ,155.43
450802593,MECHA EZETA COLA CONICA 26.75 MM,PZ,156.26
422000826,MACHO URANGA A/ALEADO NPT 3/4 x 14,CJ,157.04
450801861,CARCIMA 1019 PALITA TRANSPLANTADORA,PZ,158.39
450817001,CLAVO C/CHATA  7-16,PZ,159.23
450826251,SELLA ROSCAS DUKE  25 GR,PZ,160
450826252,ANAFE 1 HORN ENLOZ C/ROB GAS ENV,PZ,160
451102416,ARANDELA FICHA BRONCEADA  8.0 MM,PZ,160
451102417,ARANDELA FICHA BRONCEADA  8.5 MM,PZ,160
450303103,MECHA NEIKE WIDIA CORTA  4 MM,RL,160.31
450813128,MECHA EZETA COLA CONICA 12.00 MM,PZ,160.6
450303224,MECHA EZETA COLA CONICA 58.00 MM,RL,161.71
424560572,GARRAFAS 1 KG,PZ,161.74
424582510,BIS T/MUNICION C/AGUJ CINC  75x75,PQ,162.25
450801836,ABRAZ A/INOXIDABLE 5504  9 - 13 MM,PZ,162.95
450814557,NIVEL EVEL ALUMINIO  30 CM,PZ,163.28
450900253,GANCHO CONTRA VIENTO 21 -  90 x 25,PZ,163.45
424590242,REGLA EVEL METALICA  50 CM,PZ,163.56
450813562,MECHA EZETA COLA CONICA 39.00 MM,PZ,163.59
450801565,CORTAFRIO GHERARDI HEXAG 18-21 200,PZ,164.69
450810661,POLIET ECO 3 x 100 x 100 NEGRO,PZ,164.94
450818794,MECHA EZETA COLA CONICA 48.00 MM,PZ,165.36
450303212,MECHA EZETA CILIND TITANIO  3.25 MM,RL,165.64
450303225,MECHA EZETA COLA CONICA 52.00 MM,RL,165.64
424595649,TENAZA GHERARDI ARMAD N. 9 ME CORTE,PZ,165.89
451301275,CADENA P/PERRO N. 9 LARGO 1.40 MT,PZ,166.08
450813693,MECHA EZETA COLA CONICA 46.75 MM,PZ,166.4
422000810,MACHO URANGA A/ALEADO NPT 1/4 x 18,PZ,166.92
450303097,MECHA NEIKE WIDIA CORTA  5 MM,RL,167.15
450805613,RIEL DOBLE BLANCO 0.50 MT,PZ,167.46
451305365,HORM ALLEMANDI DUAL TARRO  12x250GR,PZ,168.15
450814627,CABLE ACERO 13.0 MM 6 x 19+1,PZ,168.91
450303223,MECHA EZETA COLA CONICA 51.00 MM,RL,169.83
424595621,BANDA AA TELA  50x478 O/A MET G. 40,PZ,170.12
424595622,BANDA AA TELA  50x478 O/A MET G. 50,PZ,170.12
424595623,BANDA AA TELA  50x478 O/A MET G. 60,PZ,170.12
451301269,MECHA EZETA CILINDRICA A/R  2.25 MM,PZ,170.2
450801128,MECHA EZETA COLA CONICA 27.25 MM,PZ,170.47
450303095,MECHA EZETA COLA CONICA 57.00 MM,RL,170.55
424595737,GRILLETE FORJ GALV   3/8  x   7/16,PZ,171
450804615,MACHO URANGA A/ALEADO M 12 x 1.25,PZ,171.6
450814669,CORTAFRIO GHERARDI HEXAG 18-21 350,PZ,172.77
450817113,HERRADURA ACANALADA PESADA 3,PZ,174.72
450813292,CABO P/RASTRILLO 1.35 MT,PZ,175.39
450811167,PALA MAGER PUNTA     C/LARGO,PZ,175.5
424581684,MECHA FIBRA DE VIDRIO 13.5 MM,RL,175.94
424571103,GANCHO CONTRA VIENTO 23 - 130 x 25,PZ,176
450303096,MECHA NEIKE WIDIA CORTA  3 MM,RL,176.62
450303102,BROCHE A PALANCA HO CINCADO,RL,176.62
424595586,TIJERA GHERARDI PODAR RTO-TORNILLO,PZ,176.79
450814189,PALA GHERARDI FORJ 1/2 L ANGOST C/L,PZ,177.61
424572801,REGULADOR PAZ P/GARR C/MANG 1.50 MT,PZ,177.71
450905802,CLAVO ESCUADRA PUL 14 -  35,PZ,180
413051001,MENSULA DOBLE ALUM   570 MM,PZ,180.6
450905841,GANCHO CONTRA VIENTO 20 -  70 x 50,PZ,180.65
424581233,MECHA EZETA WIDIA LARGA 400  8 MM,PZ,180.74
450812680,GANCHO PLASTICO P/SOGA ELASTICA,PZ,180.75
450901038,CADENA P/PERRO N. 9 LARGO 1.70 MT,PZ,181.52
450819830,MECHA EZETA WIDIA BOSCH 14 x 160 MM,PZ,181.6
450812190,MACHO URANGA A/ALEADO M  7 x 0.75,PZ,181.63
451305329,TORNILLO TIRAFONDO GALV 3/8 x1 3/4,PZ,181.64
424589943,MACHO TAP A/LAMINADO NF  1/8  x 44,PZ,182
424574057,MECHA EZETA CILIND TITANIO  9.00 MM,PZ,182.52
450813002,MECHA NEIKE WIDIA LARGA 250  8 MM,PZ,184.04
422003013,MECHA MAX PLANA P/MAD 1,PZ,184.39
450818698,MAQ ZONTA PERF RTO-ALESADOR,PZ,185
450818604,BANDA AA TELA  75x610 O/A MAD G. 50,PZ,185.14
451305263,TEJ ROMBO ACINDAR 180-50-12-10 ML,PZ,185.25
451305641,CANDADO 606 IMPO 60 MM TRABA DOBLE,PZ,185.25
450803700,CLAVO C/PIZARRA 16-40,PZ,185.28
424564958,CABLE ACERO FORRADO x 100 MT,PZ,186.16
451305201,MECHA EZETA CILINDRICA A/R  3.50 MM,PZ,186.91
424564959,CAÃ‘O CRISTAL  9 - 12  x  50 MT,PZ,186.95
424573037,PITON S/TOPE ESCUAD  P/TACO 12 x 20,PZ,186.95
450817083,ABRAZ AMERICANA 3003    35 -  45 MM,PZ,187.1
450901259,CAÃ‘O CRISTAL  3 -  6  x 100 MT,PZ,187.77
450409096,TOR P/AGUJ C/TROMP P/MAD  6 x 2 1/4,PZ,187.774020641
451301263,MECHA EZETA CILINDRICA A/R 13.75 MM,PZ,190.46
451301264,MECHA EZETA CILINDRICA A/R 14.00 MM,PZ,190.46
451301265,MECHA EZETA CILINDRICA A/R 14.25 MM,PZ,190.46
451301266,MECHA EZETA CILINDRICA A/R 14.50 MM,PZ,190.46
451301267,MECHA EZETA CILINDRICA A/R 14.75 MM,PZ,190.46
450812850,TOR P/MECHA C/FIJAD-PHIL  6 x   5/8,PZ,190.56
413063056,CORREA SECCION A N.55,PZ,190.58
451305274,TORNILLO TIRAFONDO GALV 3/16x1,PZ,190.76
451305275,TORNILLO TIRAFONDO GALV 3/16x1 1/4,PZ,190.76
451305309,TORNILLO TIRAFONDO GALV 5/16x1,PZ,190.76
451305310,MACHO URANGA A/RAPIDO M  8 x 0.75,PZ,190.76
451305642,CANDADO 606 IMPO 20 MM TRABA SIMPLE,PZ,190.76
450409090,TOR P/AGUJ C/TROMP P/MAD  6 x   3/4,PZ,191.114785426
424585138,MECHA EZETA DOBLE PUNTA 2.75 MM,PZ,191.95
450804920,MECHA EZETA WIDIA BOSCH 25 x 460 MM,PZ,192.21
450600387,MECHA EZETA COLA CONICA 16.75 MM,RL,192.4
450813954,CUCHARA GHERARDI FORJ N. 8,PZ,193.76
450803948,MECHA EZETA COLA CONICA 39.25 MM,PZ,194.11
450813090,GRIFERIA VENUS DUCHA ARTIC CROMO,PZ,194.58
450409148,FRATACHO PINO 12 x 30 CM,PZ,194.685947781
424595587,ARGOLLA GUADAÃ‘A REF C/TORNILLO,PZ,194.75
450600307,ABRAZ AMERICANA 3008    80 -  95 MM,MT,195.14
424572799,MECHA EZETA CILIND TITANIO  9.25 MM,PZ,197.39
424587965,CABLE ACERO 19.0 MM 6 x 19+1,PZ,197.6
450812117,PITON HO PUL ESCUAD  17 -  40 x 200,PZ,197.8
451305276,TORNILLO TIRAFONDO GALV 3/16x1 1/2,PZ,198.55
450800826,MECHA EZETA COLA CONICA 12.25 MM,PZ,198.74
450813838,TENDEDERO PIE PLEG 7 V CAÃ‘O  C/ALAS,PZ,199.1
424575403,MAQ P/RALLAR RTO-MANIJA,PZ,199.13
424589282,MECHA EZETA CILIND TITANIO  2.00 MM,PZ,199.604973
450819949,MECHA EZETA COLA CONICA 43.75 MM,PZ,200
424561823,TABLA PLANCHAR RTO-FUNDA,PZ,200.72
424563345,CARRETILLA CUART RUEDA GOMA  MACIZA,PZ,200.72
424595624,BANDA AA TELA  50x478 O/A MET G. 24,PZ,201.77
451305595,CAÃ‘O HIDROCARBURO  9 - 15  x 50 MT,PZ,202.35
450814237,CLAVO CAJ PULIDO 18-164 x 20 KG,PZ,202.41
424570568,MECHA EZETA WIDIA CORTA 13 MM,PZ,202.43
450802235,LIJA AA FENOB G. 60   120 x 45000,PZ,202.8
450805293,MECHA BIASSONI P T E  7/16  LARGA,PZ,202.8
451305330,TORNILLO TIRAFONDO GALV 3/8 x2,PZ,204.06
450811892,GRIFERIA VENUS BIDET CROMO,MT,204.31
450409097,TOR P/AGUJ C/TROMP P/MAD  6 x 2 1/2,PZ,204.593043349
424595620,BANDA AA TELA  50x478 O/A MET G. 36,PZ,204.74
450813272,GRAMPA PRENSA CABLE GALV 1,PZ,204.93
451305206,MECHA EZETA CILINDRICA A/R  3.75 MM,PZ,206.779229425
451305208,MECHA EZETA CILINDRICA A/R  4.00 MM,PZ,206.779229425
451305209,MECHA EZETA CILINDRICA A/R  4.25 MM,PZ,206.779229425
451305210,MECHA EZETA CILINDRICA A/R  4.50 MM,PZ,206.779229425
451305211,MECHA EZETA CILINDRICA A/R  4.75 MM,PZ,206.779229425
451305212,MECHA EZETA CILINDRICA A/R  5.00 MM,PZ,206.779229425
451305213,MECHA EZETA CILINDRICA A/R  5.25 MM,PZ,206.779229425
451305214,MECHA EZETA CILINDRICA A/R  5.50 MM,PZ,206.779229425
451305215,MECHA EZETA CILINDRICA A/R  5.75 MM,PZ,206.779229425
450813426,CORTINA P/BAÃ‘O RTO-PROTECT BLANCO,PZ,206.82
450821306,FLEX DUKE PLAST CONEX MET 1/2 x 40,PZ,207
451305246,TEJ ROMBO ACINDAR 150-76-14-10 ML,PZ,207.48
451305293,TORNILLO TIRAFONDO GALV 3/16x2 3/4,PZ,207.48
424590201,CADENA P/PERRO N.15 LARGO 1.40 MT,BK,207.6
450302952,ARCO SIERRA CARNICERO RTO-HOJA 520,PQ,207.79
450805263,BROCA MANUAL UR36 3/16,PZ,208
424500809,MECHA EZETA COLA CONICA 54.00 MM,PZ,210
451305304,TORNILLO TIRAFONDO GALV 1/4 x3 1/4,PZ,210.14
450814633,MECHA EZETA COLA CONICA 11.75 MM,PZ,210.46
450302955,MECHA EZETA JUEGO WIDIA CORTA x 4 U,PQ,210.86
424595679,LIJA AA GOLD 24K  G.280,PZ,211.18
450813591,MECHA EZETA WIDIA BOSCH 18 x 210 MM,PZ,212.13
450813119,MECHA EZETA COLA CONICA 28.75 MM,PZ,213
424580048,MECHA EZETA DOBLE PUNTA 3.60 MM,PQ,213.04
424582556,CABO P/PALA 0.70 MT EMPUNAD PLAST,PQ,213.04
424572391,MACHO URANGA A/ALEADO BSP  3/8 x 19,PZ,213.2
424599828,MACHO URANGA A/ALEADO NC     6 x 32,PZ,213.26
424590108,MECHA NEIKE WIDIA LARGA 400  6 MM,BK,214.71
424593686,CONEXION FUELLE INODORO,PZ,214.77
424501688,MECHA EZETA CILINDRICA A/R 17.00 MM,PZ,216.22
422501878,CADENA P/PERRO N.18 LARGO 1.40 MT,CJ,216.32
422003019,MECHA EZETA COLA CONICA 59.00 MM,PZ,216.7
424589312,CLAVO C/PIZARRA 16-35,PZ,217.79
424504951,GRIFERIA VENUS LAVAT SIMPLE CROMO,PZ,218.5
451305295,TORNILLO TIRAFONDO GALV 1/4 x1,PZ,218.88
451305305,TORNILLO TIRAFONDO GALV 1/4 x3 1/2,PZ,218.88
451305598,CANDADO 606 IMPO 25 MM TRABA SIMPLE,PZ,218.88
422003006,MECHA MAX PLANA P/MAD    7/8,PZ,219.66
450818808,CLAVO C/CHATA 12-25,PZ,220
424561673,PITON C/TOPE ABIERTO BCE 18-45 x100,PZ,220.34
450802973,MECHA EZETA COLA CONICA 26.25 MM,PZ,220.48
450810918,MECHA EZETA COLA CONICA 17.00 MM,PZ,220.99
424589310,CLAVO C/PIZARRA 16-25,PZ,221.06
424589311,CLAVO C/PIZARRA 16-30,PZ,221.06
450818619,RIEL DOBLE ALUM   1.00 MT,PZ,221.52
424570567,MECHA EZETA WIDIA BOSCH  8 x 300 MM,PZ,221.53
424589305,CLAVO PUNTA PARIS 6      x 20 KG,PZ,221.57
424589306,CLAVO PUNTA PARIS 7      x 20 KG,PZ,221.57
424589307,CLAVO PUNTA PARIS 8      x 20 KG,PZ,221.57
424589308,CLAVO C/PIZARRA 16-20,PZ,221.57
450814541,BANDA AA TELA  75x508 O/A MAD G.100,PZ,222.05
450804927,MECHA EZETA WIDIA BOSCH 20 x 200 MM,PZ,222.06
424585139,CINTA TEFLON    3/4 x 20 MT,PZ,223.18
450801197,GRIFERIA VENUS LAVAT C/MEZC BLANCO,PZ,224.22
450814216,GRILLETE FORJ GALV   9/16 x   5/8,PZ,224.66
424595681,LIJA AA GOLD 24K  G.240,PZ,225.51
424589313,MECHA EZETA CILINDRICA A/R  9.25 MM,PZ,226.5
413063905,GRAMPA P/CORREA N.55,PZ,228.08
450812456,CABO P/PALA 0.70 MT EMPUNAD METAL,PZ,228.36
424589503,MECHA EZETA CILINDRICA A/R  2.50 MM,PZ,228.61
424589498,MECHA EZETA CILINDRICA A/R 19.25 MM,PZ,228.64
424589499,MECHA EZETA CILINDRICA A/R  9.00 MM,PZ,228.64
424589500,MECHA EZETA CILINDRICA A/R  8.75 MM,PZ,228.64
424589501,MECHA EZETA CILINDRICA A/R  2.75 MM,PZ,228.64
424589502,MECHA EZETA CILINDRICA A/R 19.00 MM,PZ,228.64
424583420,TELA M/SOMBRA 100 MT GRIS       90%,CJ,228.8
450818807,MECHA EZETA COLA CONICA 45.00 MM,PZ,228.8
424589309,MECHA EZETA CILINDRICA A/R  9.50 MM,PZ,230.43
450901037,CADENA P/PERRO N.11 LARGO 1.70 MT,PZ,231.31
451305593,CAÃ‘O HIDROCARBURO  7 - 11  x 50 MT,PZ,231.61
451305296,TORNILLO TIRAFONDO GALV 1/4 x1 1/4,PZ,232.37
424572037,MECHA EZETA WIDIA BOSCH 10 x 160 MM,PZ,232.81
450803954,LIJA AA COLORADO RUBI G. 80 GRU,PZ,232.96
451305291,TORNILLO TIRAFONDO GALV 3/16x2 1/4,PZ,235.22
450802573,SELLADOR S-28 SILIC TRANSP 300 GR,PZ,235.77
451305300,TORNILLO TIRAFONDO GALV 1/4 x2 1/4,PZ,238.26
424589634,GUANTE LATEX P/LARGO MEDIANO,PZ,238.83
424589620,BALDE PLAST ALBAÃ‘IL VOSS 2000,PZ,240.26
424595602,LIJA AA GOLD 24K  G.800,PZ,241.71
424595603,BANDA AA TELA 100x620 O/A MAD G. 36,PZ,241.71
450812248,MARTILLO 2228 RTO-CABEZA DIAM 27,PZ,243.23
450904802,CABO P/MARTILLO LABRADO 0.40 MT,PZ,243.36
450409333,CAJA METALICA F1 20x20x32 2 FUELLES,PZ,244.15
451305544,REGULADOR P/GARR S/MANGUERA     IMP,PZ,244.15
424564496,CINTA EVEL 502 FLEJE 17MM   2 MT,PZ,245.11
450812073,ADHESIVO DUKE P/PVC  100 CM3,PZ,245.42
424588388,MAQ HORMIGONERA S/MOTOR,PZ,245.8
422003014,TELA M/SOMBRA  50 MT VERDE-BLAN 80%,PZ,245.86
422003009,TELA M/SOMBRA 100 MT VERDE-BLAN 80%,PZ,246.25
424599966,CABLE ACERO  4.0 MM 6 x 19+1,RL,246.48
424588919,RIEGO KIT MANGUERA 1/2 x 25 MTS,PZ,247.09
413062553,CINTA EVEL 603 CAJA ZAMAC   3 MT,PZ,247.55
450814544,ELECTRODO ESAB P/AZUL 2.50 MM,PZ,248.02
413062006,CINTA PELIGRO 8 CM x 100 MT,PZ,248.72
450800036,BIS FICHA P/SOLD REF 100-33   x 2.5,PZ,248.93
451305232,MECHA EZETA CILINDRICA A/R  2.00 MM,PZ,249.095664214
451305233,MECHA EZETA CILINDRICA A/R  8.50 MM,PZ,249.095664214
451305234,MECHA EZETA CILINDRICA A/R  1.50 MM,PZ,249.095664214
451305235,MECHA EZETA CILINDRICA A/R  1.25 MM,PZ,249.095664214
451305236,MECHA EZETA CILINDRICA A/R  8.25 MM,PZ,249.095664214
451305237,MECHA EZETA CILINDRICA A/R  8.00 MM,PZ,249.095664214
451305359,INSEC ALLEMANDI YARARA TARRO 12x1KG,PZ,249.66
424500054,GANCHO CONTRA VIENTO 26 - 190 x 10,PZ,250
450813900,MARTILLO 2236 RTO-CABEZA DIAM 35,PZ,252.95
413051796,PITON HO PUL ESCUAD  22 -  80 x 100,PZ,255.37
450409098,TOR P/AGUJ C/TROMP P/MAD  8 x 1,PZ,255.395707829
450409099,TOR P/AGUJ C/TROMP P/MAD  8 x 1 1/2,PZ,255.395707829
451100020,MECHA EZETA COLA CONICA 49.75 MM,PZ,255.84
424580340,MECHA EZETA CILIND TITANIO  8.00 MM,PZ,256.1
451305360,INSEC ALLEMANDI YARARA BOLSA 20x1KG,PZ,256.31
450803614,MAQ HORMIGONERA RTO-CORONA,PZ,256.36
450814840,BANDA AA TELA  75x610 O/A MAD G.120,PZ,257.64
424562377,CAÃ‘O CRISTAL  8 - 11  x  50 MT,PZ,257.92
450812780,CADENA NUDO N.17,PZ,258.22
451305183,GANCHO J P/GALPON      1/4 x  50 MM,PZ,258.75
424582573,CADENA P/PERRO N.17 LARGO 1.40 MT,PQ,259.08
450813074,CORREA SECCION A N.35,PN,259.5
413052449,CANILLA RTO-PICO BCE CROMADO   3/4,PZ,259.98
424580022,CADENA ENGANCHE N. 4 HO GALVANIZADO,PZ,262.86
424595590,GRINFA EL ROBLE ACERO FORJADO N. 6,PZ,262.95
424595591,MACHETE GHERARDI N.22  558 MM,PZ,262.95
424595592,MACHETE GHERARDI N.20  510 MM,PZ,262.95
424595593,GRINFA EL ROBLE ACERO FORJADO N.12,PZ,262.95
413051484,REGADERA CHAPA GALV N.3  12 LT,PZ,263.04
451305599,CANDADO 606 IMPO 30 MM TRABA SIMPLE,PZ,263.15
424595640,BANDA AA TELA 100x620 O/A MAD G. 60,PZ,263.69
424595641,BANDA AA TELA 100x620 O/A MAD G. 50,PZ,263.69
424595642,BANDA AA TELA 100x620 O/A MAD G. 40,PZ,263.69
424595643,PINZA GHERARDI PICO LORO 230 MM,PZ,263.69
424595644,BANDA AA TELA  50x478 O/A MET G.180,PZ,263.69
424595645,LIJA AA GOLD 24K  G.600,PZ,263.69
451305362,MACHO URANGA A/RAPIDO NC 1     x  8,PZ,264.86
450409258,ESCUADRA PLANA GALV  25 x 10 MM,PZ,265.072405825
450409259,ESPATULA S JUANA PINTOR 90 MM,PZ,265.072405825
450409260,ESPATULA S JUANA PINTOR 80 MM,PZ,265.072405825
450409261,ESPATULA S JUANA PINTOR 70 MM,PZ,265.072405825
450409262,ESPATULA S JUANA PINTOR 60 MM,PZ,265.072405825
451305629,CABEZAL P/CORTINA MOSQUERA 100 CM,PZ,266.76
450812444,RIEGO LLUVIA  ACOPLE RAPIDO,PZ,267.33
450813762,MECHA EZETA COLA CONICA 21.50 MM,PZ,267.43
424589776,PALANQ  LAMINADA 1045 101.60 MM,PZ,270.25
450813803,CORREA SECCION O N.18,PZ,270.76
450811165,LIJA AA COLORADO RUBI G. 50 E/G,PZ,270.96
450804290,PITON C/TOPE CERRADO BCE 18-45 x100,PZ,272.33
451305563,COLA A-10 SINTETICA x  6       KG,PZ,272.65
450802758,GANCHO ESTIRA TEJ GALV 3/8  x  5,PZ,273.02
450800722,PITON S/TOPE ABIERTO P/TACO  4 x100,PZ,275.81
450802205,GUARDACABO GALV   3/8,PZ,277.03
451305297,TORNILLO TIRAFONDO GALV 1/4 x1 1/2,PZ,277.97
451305564,COLA A-20 SINTETICA x     1/8  KG,PZ,277.97
424572800,MECHA EZETA CILIND TITANIO 12.50 MM,PZ,279.16
424574235,MECHA EZETA CILIND TITANIO  9.50 MM,PZ,280.11
450900685,GANCHO ESTIRA TEJ GALV 3/8  x  7,PZ,282.9
450813723,LIJA AA FENOB G.100   150 x 45000,PZ,283.3
451305301,TORNILLO TIRAFONDO GALV 1/4 x2 1/2,PZ,283.86
450812346,SEMILLA REFORZADA N. 6,GL,284.02
451305363,MACHO URANGA A/RAPIDO M  4 x 0.50,PZ,286.71
424594596,LIJA AA GOLD 24K  G. 80,PZ,286.91
450811495,MECHA EZETA COLA CONICA 17.25 MM,PZ,289.17
450800575,GANCHO ESTIRA TEJ GALV 3/8  x 11,PZ,289.55
451305306,TORNILLO TIRAFONDO GALV 1/4 x4,PZ,289.75
451305361,INSEC ALLEMANDI YARARA BOLSA 4x5 KG,PZ,289.75
424574250,PITON HO PUL ESCUAD  24 - 100 x  50,PZ,290.64
451305597,TORNILLO TIRAFONDO GALV 3/16x3,PZ,291.65
424595594,PINZA GHERARDI PICO LORO D/CREM 175,PZ,292.37
424593696,CANILLA SIFOLIMP PVC 1/2 C/PICO,PZ,292.48
450813902,CADENA NUDO N. 6,PZ,293.7
424589505,GANCHO ESTIRA TEJ GALV 5/16 x 12,PZ,293.84
450814485,RIEGO ACOPLE RAPIDO M 1/2,PZ,294.06
450800862,CABO P/LIMA REDONDA   100 A 150 MM,PZ,294.11
450814090,LIJA AA FENOB G.120   150 x 45000,GL,294.52
450806321,CLAVO C/REDONDA 12-16,PZ,298.94
450811811,MECHA EZETA COLA CONICA 31.25 MM,PZ,299.52
451102265,MECHA EZETA CILINDRICA A/R 16.25 MM,PZ,299.98
451102329,MECHA EZETA CILINDRICA A/R 15.75 MM,PZ,299.98
450814094,CLAVO ESCUADRA PUL 23 -  80,GL,300.59
450814095,HERRADURA ACANALADA PESADA C/CLIP 5,GL,300.59
450814510,GRILLETE FORJ GALV   5/8  x   3/4,PZ,301.39
424588271,MECHA MAX PLANA P/MAD    1/2,PZ,301.6
424572008,CLAVO ESCUADRA PUL 25 - 100,PZ,301.65
450801010,CAÃ‘O CRISTAL 19 - 25  x  25 MT,PZ,301.74
424589764,PITON C/TOPE CERRADO BCE 23-80 x 25,PZ,302.22
450819829,MECHA EZETA WIDIA BOSCH 14 x 210 MM,PZ,304
424570009,MACHO URANGA A/RAPIDO BSP  1/4 x 19,PZ,304.06
450812914,MECHA EZETA COLA CONICA 11.00 MM,PZ,304.1
424580098,MECHA EZETA WIDIA LARGA 400 20 MM,PZ,304.11
424588920,CAÃ‘O CRISTAL  6 -  9  x  50 MT,PZ,304.28
424574155,CLAVO ESPIRALADO 1 1/2  x 20 KG,PZ,304.65
450813931,MACHO URANGA A/ALEADO M 14 x 1.50,PZ,304.93
450817498,PITON HO PUL ESCUAD  21 -  50 x 100,PZ,305.41
450409106,TOR P/AGUJ C/TROMP P/MAD 10 x 3,PZ,305.507179595
450409107,TOR P/AGUJ C/TROMP P/MAD 10 x 4,PZ,305.507179595
450409108,TOR P/AGUJ C/TROMP P/MAD 10 x 5,PZ,305.507179595
422003007,MAQ ZONTA PERF RTO-PALANCA PRESION,PZ,306.33
450409104,TOR P/AGUJ C/TROMP P/MAD 10 x 2,PZ,307.23516138
424595721,BANDA AA TELA  75x457 O/A MAD G. 36,PZ,309.32
424595575,AZADA GHERARDI MENDOCINA 3      LBS,PZ,311.91
450409109,HORQUILLA GHERARDI 4 PUAS C/CORTO,PZ,311.958311592
451305194,BISAGRA REVERSIBLE PULIDA  2x 3x1.5,PZ,312
450814092,MECHA EZETA COLA CONICA 21.00 MM,GL,312.01
451305376,MACHO URANGA A/RAPIDO M  8 x 1.00,PZ,312.36
451305512,COLA P-60 P/PISOS DE MAD x 25 KG,PZ,312.36
450801724,MACHO URANGA A/ALEADO BSPT 1/8 x 28,PZ,314.18
450812915,MECHA EZETA COLA CONICA 14.00 MM,PZ,315.76
424564983,MECHA MAX PLANA P/MAD   15/16,PZ,317.2
424580220,MECHA NEIKE WIDIA LARGA 400 10 MM,PZ,317.2
450813587,BIS FICHA P/SOLD REF 100-33-8 x 2.5,PZ,317.2
451305497,CEMENTO SOPLETEABLE ROJO  x 18 LT,PZ,317.87
450800042,MECHA EZETA COLA CONICA 16.00 MM,PZ,318.28
450409105,TOR P/AGUJ C/TROMP P/MAD 10 x 2 1/2,PZ,318.755039947
424590005,CADENA P/PERRO N.18 LARGO 2.20 MT,PZ,319.9
450818696,MAQ ZONTA PERFORADORA AZULEJOS,PZ,320
450817051,CORREA SECCION A N.37,PZ,320.17
424561072,ALAMB REC NEGRO N.17 1.42 MM,PZ,321.17
424590036,CUCHARIN ROBLE P/ALBAÃ‘IL N. 5 1/2,PQ,322.14
451305418,PLANCHUELA 1518 6     x   3/4,PZ,323.38
451305419,CINTA BLANCA PESADA    x 100 MT,PZ,323.38
451305420,CINTA MINISTERIO VERDE x 100 MT,PZ,323.38
451305421,CINTA MARRON LIVIANA   x 100 MT,PZ,323.38
451305422,CAÃ‘O FUM-EVA 50 BAR 10x 50 MT,PZ,323.38
451305423,CAÃ‘O ALTA PRESION ROJO  6 MM x50 MT,PZ,323.38
451305424,MACHO URANGA A/RAPIDO M  5 x 0.50,PZ,323.38
451305565,COLA A-20 SINTETICA x     200  GR,PZ,323.38
451305600,CANDADO 606 IMPO 40 MM TRABA DOBLE,PZ,323.38
450810637,GANCHO CONTRA VIENTO 27 - 190 x 10,PZ,323.47
451305199,MECHA EZETA CILINDRICA A/R  3.00 MM,PZ,325.51
451305377,CUCARACHICIDA ALLEMANDI LIQ 12x500,PZ,326.8
451102267,CLAVO PUNTA PARIS 3 1/2  x 20 KG,PZ,326.97
451305252,TEJ ROMBO ACINDAR 180-50-14-10 ML,PZ,329.46
451305566,COLA A-20 SINTETICA x     1/4  KG,PZ,329.46
450806136,CLAVO ACERO GALV 2.0 - 40 x 200,PZ,330.83
450814091,HERRADURA ACANALADA PESADA 4,GL,330.83
450801725,ENROLLADOR REGADOR C/RUEDA,PZ,332.65
451305298,TORNILLO TIRAFONDO GALV 1/4 x1 3/4,PZ,334.97
451305601,CANDADO 606 IMPO 50 MM TRABA DOBLE,PZ,334.97
450905698,GANCHO CONTRA VIENTO 26 - 210 x 10,PZ,335.34
450819598,CORTINA P/BAÃ‘O COMPLETA CELESTE,PZ,335.6
424500871,CLAVO P/PARIS FRACC  8,PZ,336.56
450825853,ADHESIVO DUKE P/PVC   50 CM3,PZ,336.6
422002998,MECHA MAX PLANA P/MAD    1/4,PZ,336.87
450812978,PITON P/MAD SOLDADO  22 -  80 x 50,PZ,337.35
413062942,CINTA PASACABLES FLEJE 10 MT,PZ,337.52
451305302,CAÃ‘O RIEGO GREEN 1     x 25 MT,PZ,340.48
451305602,TORNILLO TIRAFONDO GALV 3/16x1 3/4,PZ,340.48
451305620,MACHO URANGA A/RAPIDO NC  3/8  x 16,PZ,340.48
450302745,MECHA NEIKE WIDIA CORTA  8 MM,PZ,343.46
450801755,PITON P/MAD SOLDADO  26 - 120 x 25,PZ,344.82
451305627,CAÃ‘O ALTA PRESION ROJO 12 MM x50 MT,PZ,345.99
451305633,CAÃ‘O HIDROCARBURO  6 - 10  x 50 MT,PZ,345.99
424504952,GRIFERIA VENUS DUCHA ARTIC BLANCO,PZ,346.32
451305292,TORNILLO TIRAFONDO GALV 3/16x2 1/2,PZ,346.37
451305596,CAÃ‘O HIDROCARBURO 10 - 16  x 50 MT,PZ,346.37
424575181,CLAVO ESPIRALADO FRACC  3 1/2,PZ,348.77
450810952,CABLE CORDON  1.5 MM 1 x 19,PZ,349.38
450906028,MECHA EZETA CILINDRICA A/R  0.70 MM,PZ,350
424575249,CLAVO ESPIRALADO 5      x 20 KG,PZ,350.96
450816455,CLAVO ESPIRALADO 3 1/2  x 15 KG,PZ,351
450803634,CABO P/HORQUILLA RECTO S/REGATON,PZ,351.92
424593697,CANILLA SIFOLIMP PVC 1/2 SERVICIO,PZ,352.07
451305425,CANILLA DUKE METAL NIQ ESFERA 1,PZ,352.07
451305426,CANILLA DUKE METAL NIQ ESFERA   3/4,PZ,352.07
451305427,CANILLA DUKE METAL NIQ ESFERA   1/2,PZ,352.07
451305428,CINTA BLANCA C/3 RAYAS x 100 MT,PZ,352.07
451305429,CANILLA MET DOBLE  P/LAVARROPA 1/2,PZ,352.07
451305430,POLIET ECO 3 x 200 x  50 CRISTAL,PZ,352.07
451305431,PINTURA MATRA AEROSOL AMARILLO,PZ,352.07
451305621,MACHO URANGA A/RAPIDO NC  5/16 x 18,PZ,352.07
450806023,PALA GHERARDI FORJ ANCHA        C/L,PZ,352.43
450811896,CINTA PASACABLES FLEJE 25 MT,PZ,353.5
450802957,LIJA AA FENOB G. 60   150 x 45000,PZ,353.6
450409100,TOR P/AGUJ C/TROMP P/MAD  8 x 2,PZ,355.273055004
450409101,TOR P/AGUJ C/TROMP P/MAD  8 x 2 1/2,PZ,355.273055004
451305184,ESPATULA S JUANA ENDUIR 160 MM,PZ,362.25
451305189,ESC BARREHOJA EL ABUELO PLASTICA,PZ,362.25
451305190,ESCARDILLO CORAZON Y 2 PUAS 78 MM,PZ,362.25
451305191,ESCARDILLO CORAZON Y 2 PUAS 67 MM,PZ,362.25
451404427,CLAVO ACERO GALV 3.0 - 50 x 100,PZ,363
451305320,TORNILLO TIRAFONDO GALV 5/16x4,PZ,363.47
451305321,TORNILLO TIRAFONDO GALV 5/16x4 1/2,PZ,363.47
450813699,GRAMPA P/CERCO 10-25 MM,PZ,366.88
450800585,ENROLLADOR REGADOR C/BASE,PZ,369.86
424593698,TOR P/MECHA WIN 10 - 24 x 1 7/16,PZ,372.97
451305366,HORM ALLEMANDI DUAL TARRO  12x 1 KG,PZ,374.87
424564885,RIEGO REGADOR 5V ACOPLE ESPIGA,PZ,375.34
450811888,CORREA SECCION A N.40,PZ,375.44
450814052,DESTAPACAÃ‘ERIA CINTA ACERO 10 MT,PZ,377.83
424500507,CHAIRA BIASSONI LISA  8 - 203 MM,PZ,378
422000590,MECHA MAX   JUEGO A/R x 6 UNID,CJ,379.6
450814018,BIS FICHA P/SOLD REF  80- 8   x 2.5,PZ,379.6
424595651,BANDA AA TELA  64x410 O/A MAD G.120,PZ,380.07
450814093,CLAVO P/PARIS FRACC  1,GL,381.56
450813737,RIEGO PISTOLA ACOPLE RAPIDO,PZ,382.2
451305372,LIMPIAMANOS ALLEMANDI PASTA   x6 KG,PZ,383.8
451305373,INSEC ALLEMANDI LIQ 12 x  500 CM3,PZ,383.8
451305545,CEMENTO 81 DE CONTACTO  x    1/4 LT,PZ,383.8
451305546,CEMENTO 81 DE CONTACTO  x    1/2 LT,PZ,383.8
451305547,CEMENTO 81 DE CONTACTO  x  1     LT,PZ,383.8
424565514,PITON HO PUL ESCUAD  20 -  60 x 100,PZ,384.17
451100184,MAQ ZONTA RTO-TRONZADOR,PZ,384.8
424588242,MECHA EZETA COLA CONICA 56.00 MM,PZ,385.39
450802594,MECHA EZETA COLA CONICA 25.50 MM,PZ,385.74
451305567,COLA A-20 SINTETICA x     1/2  KG,PZ,386.08
450906113,MECHA EZETA CILINDRICA A/R  0.50 MM,PZ,390
451305240,TEJ ROMBO ACINDAR 150-50-14-10 ML,PZ,390.45
450805146,MACHO URANGA A/RAPIDO BSP  1/8 x 28,PZ,390.92
451305568,COLA A-20 SINTETICA x     800  GR,PZ,391.59
450812128,CORREA SECCION A N.43,PZ,393.64
450813446,PICO GHERARDI PTA-PALA 102 MM,PZ,394.38
451305378,DESINFECT ALLEMANDI LAVANDA 12x1 LT,PZ,395.01
424572429,PITON HO PUL ESCUAD  25 - 100 x  50,PZ,396.18
450819339,MECHA EZETA COLA CONICA 43.00 MM,PZ,400
451305299,TORNILLO TIRAFONDO GALV 1/4 x2,PZ,403.18
451305307,TORNILLO TIRAFONDO GALV 1/4 x4 1/2,PZ,403.18
451305367,LIMPIAMANOS ALLEMANDI POLVO 24x400G,PZ,403.18
450812911,TOPE AUTOADHESIVO RECTANGULAR,PZ,408.32
451305303,TORNILLO TIRAFONDO GALV 1/4 x3,PZ,408.69
451305308,MACHO URANGA A/RAPIDO M  7 x 0.75,PZ,408.69
451305368,LIMPIAMANOS ALLEMANDI POLVO 12x850G,PZ,408.69
451305569,COLA A-20 SINTETICA x  1       KG,PZ,408.69
413063116,CLAVO C/CHATA 10-30,PZ,408.77
424582566,CADENA P/PERRO N.10 LARGO 2.20 MT,PQ,409.41
424564916,CARRETILLA CUART TELESCOPICA  70 LT,PZ,410.07
424564917,CANASTO CHAPA P/ALBAÃ‘IL 1 PZA,PZ,410.07
424561623,PITON HO PUL ESCUAD  20 -  40 x 100,PZ,413.13
451305518,COLA T-15 P/TELGOPOR  1    KG,PZ,414.2
451305570,COLA A-20 SINTETICA x  6       KG,PZ,414.2
424580017,CLAVO C/PLOMO  63 MM x 100 U,PZ,415.9
450303111,MECHA EZETA CILIND TITANIO  4.00 MM,PZ,416
450811590,CORREA SECCION A N.39,PZ,416
450803419,CAÃ‘O CRISTAL 25 - 31  x  25 MT,PZ,418.89
450812993,BROCA MANUAL - MANGO BTU12 1/2,PZ,419.58
450813960,RIEGO ACOPLE RAPIDO H 1/2,PZ,425.22
424580039,CHAIRA BIASSONI LISA 12 - 305 MM,PZ,425.57
424585130,TABLA PLANCHAR ECO C/POSA PLANCHA,PZ,425.57
424580023,CADENA P/PERRO N.11 LARGO 2.20 MT,PZ,425.98
451305603,CANDADO 606 40MM JGO  6 PZS MAESTRO,PZ,431.68
450800788,CORREA SECCION A N.58,PZ,435.4
450905296,GANCHO CONTRA VIENTO 24 -  90 x 15,PZ,436.8
451305519,COLA T-15 P/TELGOPOR  6    KG,PZ,437.19
450800898,CALEFACTOR P/MICROGARRAFA,PZ,437.56
450813645,CLAVO P/PARIS FRACC  7,PZ,437.83
450811339,MACHO URANGA A/RAPIDO M 12 x 1.50,PZ,438.26
450818796,CLAVO C/CHATA 12-30,PZ,440
450302953,HILO ALGODON CRUDO 10 x 100 GR,PZ,441.15
451305316,TORNILLO TIRAFONDO GALV 5/16x2 3/4,PZ,442.7
451305318,TORNILLO TIRAFONDO GALV 5/16x3 1/4,PZ,442.7
451305550,MACHO URANGA A/RAPIDO M  6 x 0.50,PZ,442.7
451305628,CAÃ‘O ALTA PRESION ROJO 10 MM x50 MT,PZ,442.7
451300793,CLAVO ESCUADRA PUL 24 - 110,PZ,444.23
424572631,REGADERA CHAPA GALV RTO-FLOR,PZ,445.74
424590997,PITON HO PUL ESCUAD  19 -  50 x 100,PZ,445.94
451305577,CAÃ‘O RIEGO BLUE 1     x 25 MT,PZ,446.12
450819917,MECHA EZETA COLA CONICA 43.25 MM,PZ,450
450819918,MECHA EZETA COLA CONICA 43.50 MM,PZ,450
450409214,CURVA CHAPA GALV CORRUGADA 3 ANG 90,PZ,451.348842252
450813116,CORREA SECCION A N.38,PZ,453.65
450802761,ABRAZ AMERICANA 3002/5  30 -  40 MM,PZ,453.66
422000834,CINTA EVEL 110 STANDARD    10 MT,PZ,456.65
450803321,GRAMPA P/CERCO  8-38 MM,PZ,456.72
451305317,TORNILLO TIRAFONDO GALV 5/16x3,PZ,459.42
451305319,TORNILLO TIRAFONDO GALV 5/16x3 1/2,PZ,459.42
450812916,MECHA EZETA COLA CONICA  9.50 MM,PZ,461.06
450409102,TOR P/AGUJ C/TROMP P/MAD  8 x 3,PZ,462.407925676
450409103,TOR P/AGUJ C/TROMP P/MAD 10 x 1 1/2,PZ,462.407925676
424595668,TENAZA GHERARDI ARMAD N.12 ME CORTE,PZ,464.39
450409207,SOMBRERETE DOBLE ALA GALV 6,PZ,466.670280746
450409208,SOMBRERETE TIPO H GALV 3,PZ,466.670280746
450409209,SOMBRERETE TIPO H GALV 4,PZ,466.670280746
450409210,SOMBRERETE TIPO H GALV 6,PZ,466.670280746
450409211,CURVA CHAPA GALV CORRUGADA 3 ANG 45,PZ,466.670280746
450409212,CURVA CHAPA GALV ARTICULADA 3,PZ,466.670280746
450409213,CAÃ‘O VENTILACION CHAPA GALV 6,PZ,466.670280746
424566339,CORTINA P/BAÃ‘O COMPLETA BLANCA,PZ,466.7
450900139,SELLA ROSCAS DUKE  90 GR,PZ,467.14
450803061,PALA GHERARDI FORJ ANCHA        C/C,PZ,469.07
451305578,CAÃ‘O RIEGO BLUE 1     x 50 MT,PZ,470.25
450820451,RIEGO ROCIA GIRAT C/BASE ACOPLE RAP,PZ,470.8
451305571,COLA A-20 SINTETICA x 24       KG,PZ,471.2
424580480,MECHA EZETA CILIND TITANIO 12.25 MM,PZ,473.33
451305324,TORNILLO TIRAFONDO GALV 3/8 x1,PZ,473.48
450812705,CINTA PASACABLES FLEJE 15 MT,MT,474.34
451305458,PINTURA MATRA AEROSOL NEGRO MATE,PZ,476.9
451305572,CEMENTO 101 DE CONTACTO x 18     LT,PZ,476.9
451305594,CAÃ‘O HIDROCARBURO  8 - 13  x 50 MT,PZ,476.9
450409197,ESQUINERO ANG CROM  100 x 100 MM,PZ,478.305358099
450409198,ESQUINERO ANG CROM   90 x  90 MM,PZ,478.305358099
450409199,CAÃ‘O VENTILACION CHAPA GALV 3,PZ,478.305358099
450409200,CAÃ‘O VENTILACION CHAPA GALV 4,PZ,478.305358099
450409201,ESQUINERO ANG CROM   50 x  50 MM,PZ,478.305358099
450409202,ESQUINERO ANG CROM   38 x  38 MM,PZ,478.305358099
450409203,CURVA CHAPA GALV ARTICULADA 4,PZ,478.305358099
450409204,CURVA CHAPA GALV ARTICULADA 6,PZ,478.305358099
450800572,MACHO URANGA A/RAPIDO M 14 x 1.50,PZ,479.38
450813858,BIS FICHA P/SOLD REF  60-33   x 2.5,PZ,480.48
451305325,TORNILLO TIRAFONDO GALV 3/8 x1 1/4,PZ,480.51
451305520,COLA W-3 RESISTENTE AL AGUA x  1 KG,PZ,482.41
450803773,ADAP PHILLIPS P/AUTOPERF  2 x 50 MM,PZ,482.52
424590192,CADENA P/PERRO N.10 LARGO 1.70 MT,PZ,483.74
450814866,TENSOR ACERO GALV IMP  3/8,PZ,484.56
424582109,TELA M/SOMBRA  50 MT NEGR-VERDE 80%,CJ,489.42
424585129,CINTA TEFLON  1     x 20 MT,PZ,491.4
450901079,CLAVO ACERO GALV 1.7 - 20 x 400,PZ,493.71
450800074,ANAFE 2 HORN ENLOZ C/ROB GAS NAT,PZ,495.53
450800741,GRIFERIA VENUS BIDET BLANCO,PZ,496.85
450812094,PUNTA GHERARDI HEXAGONAL 18-21 350,PZ,496.98
450813941,CLAVO C/CHATA 12-35,PZ,498.24
450813965,PALA GHERARDI ESTAMPADA CARBONERA,PZ,498.66
424573979,MACHO URANGA A/RAPIDO M 20 x 2.00,PZ,499.2
451305311,TORNILLO TIRAFONDO GALV 5/16x1 1/2,PZ,499.89
450802636,FAROL RTO-PICO BRONCE,PZ,501.48
422003008,MECHA EZETA COLA CONICA 53.00 MM,PZ,501.96
424595576,AZADA GHERARDI MENDOCINA 3 1/2  LBS,PZ,503.67
451404424,MAQ ZONTA CORTA CERAMICO 33 CM,PZ,504.9
424588344,CLAVO PUNTA PARIS 4      x 20 KG,PZ,508.62
451305581,TORNILLO TIRAFONDO GALV 5/16x1 1/4,PZ,510.91
451305582,CANDADO 606 30 MM ARCO ALTO  52 MM,PZ,510.91
451305583,TORNILLO TIRAFONDO GALV 1/4 x5,PZ,510.91
451305584,CANDADO 606 40 MM,PZ,510.91
424561239,VENTOSA DE GOMA,PZ,511.97
450803605,TENDEDERO PIE PLEG 8 V ALAMB C/ALAS,PZ,514.2
424573100,MECHA EZETA CILIND TITANIO 12.00 MM,PZ,514.43
424573151,RIEGO REGADOR 1V ACOPLE ESPIGA,PZ,515.58
424570584,MECHA EZETA CILIND TITANIO  6.25 MM,PZ,515.84
451305618,CABEZAL P/CORTINA MOSQUERA  90 CM,PZ,516.8
451305326,TORNILLO TIRAFONDO GALV 3/8 x1 1/2,PZ,518.7
450815994,ESCARDILLO CORAZON Y PALA 67 MM,PZ,519
451305579,CANDADO 606 18 MM,PZ,520.22
451305580,CANDADO 606 25 MM,PZ,520.22
451305604,CANDADO 606 40MM JGO 12 PZS MAESTRO,PZ,520.22
450815487,LIJA AA COLORADO RUBI G.150 FIN,PZ,527.3
424593693,SOPAPA ACERO DE PILETA    50 MM,PZ,530.3
424595577,AZADA GHERARDI CARPIR N.0,PZ,531.41
424588435,MAQ ZONTA RTO-PALANCA 33,PZ,531.627871123
450801968,CORREA SECCION O N.19,PZ,536.81
450819912,MECHA EZETA COLA CONICA 45.75 MM,PZ,538
450814069,ABRAZ AMERICANA 3012   130 - 145 MM,PZ,538.2
424564067,PITON HO PUL ESCUAD  20 -  50 x 100,PZ,540.54
451305267,TEJ ROMBO ACINDAR 180-63-12-10 ML,PZ,544.92
451305442,PINTURA MATRA AEROSOL BERMELLON,PZ,544.92
451305443,PINTURA MATRA AEROSOL BLANCO,PZ,544.92
450817091,MECHA EZETA COLA CONICA 20.75 MM,PZ,549.12
424596566,CAÃ‘O CONDUIT GALV 1 1/4 x 6.40 MT,PZ,554.16
450814057,CLAVO C/CHATA 10-35,PZ,555.95
450905093,MECHA EZETA CILINDRICA A/R 15.25 MM,PZ,557.44
424573152,GUANTE LATEX P/CORTO 10 1/2,PZ,557.61
450906087,ARGOLLA NIQUELADA 15 MM,PZ,560
424566338,CAÃ‘O CONDUIT GALV   1/2 x 6.40 MT,CJ,561.5
424589579,MECHA EZETA CILINDRICA A/R 19.50 MM,PZ,561.79
450817046,MECHA EZETA COLA CONICA 22.00 MM,PZ,562.21
424588135,CINTA EVEL 215 PROFESIONAL 15 MT,PZ,562.5
424570217,GANCHO CONTRA VIENTO 25 - 170 x 15,PZ,563.68
424570218,GANCHO CONTRA VIENTO 24 - 180 x 15,PZ,563.68
424588490,CLAVO ACERO GALV 1.7 - 25 x 200,PZ,563.88
450803637,BIS FICHA P/SOLD REF 100- 8   x 2.5,PZ,566.78
450815316,GUARDACABO GALV   3/16,PZ,567.48
424500055,CANDADO 606 TRABA PARA TELEFONO,PZ,567.7
424580993,MECHA EZETA CILIND TITANIO  5.75 MM,CJ,568.26
424564898,BANDA AA TELA 100x610 O/A MAD G.120,PZ,568.4
450409215,CURVA CHAPA GALV CORRUGADA 4 ANG 90,PZ,569.888392706
450409216,PASADOR PUERTA CHAPA  22x200 CINC,PZ,569.888392706
450811137,CLAVO ACERO ESC GALV 3.0 - 40 x100,PZ,569.92
450815773,CLAVO ESCUADRA PUL 25 - 120,PZ,569.92
424588483,CLAVO ACERO ESC GALV 4.5 -120 x 50,PZ,570.623253296
424595639,BANDA AA TELA 100x620 O/A MAD G. 80,PZ,571.83
450815389,CLAVO ACERO ESC GALV 3.0 - 30 x100,PZ,573.3
424591405,AEROSOL PENETRIT 312 GRASA GRAF 180,PZ,576.31
450409110,HORQUILLA GHERARDI 4 PUAS C/LARGO,PZ,576.339524703
450409111,HORQUILLA GHERARDI 5 PUAS C/CORTO,PZ,576.339524703
450812119,BROCA MANUAL - MANGO BTU36 3/16,PZ,578.28
450819595,GUARDACABO GALV   9/16,PZ,580.96
424564412,CLAVO C/CHATA  6-12,PZ,581.94
424580483,MECHA EZETA WIDIA CORTA  5 MM,PZ,582.94
424565501,BANDA AA TELA 100x610 O/A MAD G.100,PZ,583.6
451301147,ARGOLLA NIQUELADA 18 MM,PZ,585.1
450803638,TENSOR ACERO GALV IMP  9/16,PZ,585.99
450409217,PASADOR PUERTA CHAPA  22x180 CINC,PZ,586.246620271
450409218,RODILLO P/CEMENTISTA 170 MM,PZ,586.246620271
450409246,ESQUINERO ANG CROM   76 x  76 MM,PZ,586.8226142
450409247,ESQUINERO ANG CROM   64 x  64 MM,PZ,586.8226142
450409248,ESQUINERO ANG CROM   25 x  25 MM,PZ,586.8226142
450802565,SELLADOR S-28 SILIC BLANCO 300 GR,PZ,588.12
451305540,CINTA PVC P/SILLON NARANJA  x 50 MT,PZ,590.52
451305630,CANILLA MET SIMPLE P/LAVARROPA 1/2,PZ,590.52
450803885,GRAMPA P/CORREA N.65,PZ,591.76
422000808,MAQ ZONTA PERFORADORA PARA TALADRO,CJ,594.77
450815468,GANCHO J P/GALPON COMP 1/4 x  80 MM,PZ,602.04
450803724,CLAVO ACERO ESC GALV 3.5 - 50 x100,PZ,607.36
451305521,COLA W-3 RESISTENTE AL AGUA x  6 KG,PZ,607.62
451305551,CEMENTO 81 DE CONTACTO  x 18     LT,PZ,607.62
450303138,MECHA EZETA CILIND TITANIO  7.00 MM,PZ,608.49
424572202,MECHA EZETA DE CENTRAR 2.00 MM,PZ,610.76
450812987,MECHA EZETA WIDIA BOSCH 18 x 300 MM,PZ,612.03
424573287,CARCIMA 1004 JARDIN 3 PIEZAS,PZ,618.8
424570095,HILO CHORICERO 10 x 100 GR,PZ,622.8
424572390,MECHA EZETA WIDIA CORTA 12 MM,PZ,622.8
451102176,AEROSOL PENETRIT 802 GRAF SPRAY 115,PZ,630.85
451305536,CINTA TEJ P/SILLON VIOLETA   x 100 MT,PZ,631.37
451305537,CINTA PVC P/SILLON AMARILLO x 50 MT,PZ,631.37
451305538,CINTA PVC P/SILLON AZUL     x 50 MT,PZ,631.37
451305539,CINTA PVC P/SILLON BLANCO   x 50 MT,PZ,631.37
451305573,CAÃ‘O RIEGO BLUE   1/2 x 25 MT,PZ,632.51
451305575,CAÃ‘O RIEGO BLUE   3/4 x 25 MT,PZ,632.51
451305576,CAÃ‘O RIEGO BLUE   3/4 x 50 MT,PZ,632.51
451305444,PINTURA MATRA AEROSOL BLANCO MATE,PZ,635.74
451305445,PINTURA MATRA AEROSOL CELESTE,PZ,635.74
450812990,CLAVO ESCUADRA PUL 21 -  80,PZ,641.77
450805138,NIVEL EVEL ALUMINIO  45 CM,PZ,642.72
450409234,LEBRILLO CHAPA GALV REF N.16  18 LT,PZ,643.385217963
450409235,PALA GHERARDI POCERA C/HIERRO,PZ,643.385217963
450409236,ESPATULA S JUANA ENDUIR 200 MM,PZ,643.385217963
450409237,ESPATULA S JUANA ENDUIR 220 MM,PZ,643.385217963
450409238,ABRAZ GALV CAÃ‘O ELECTRICIDAD 1 1/4,PZ,643.385217963
450409239,ABRAZ GALV CAÃ‘O ELECTRICIDAD 1,PZ,643.385217963
450409240,ABRAZ GALV CAÃ‘O ELECTRICIDAD   7/8,PZ,643.385217963
450409241,ABRAZ GALV CAÃ‘O ELECTRICIDAD   3/4,PZ,643.385217963
450409242,ABRAZ GALV CAÃ‘O ELECTRICIDAD   5/8,PZ,643.385217963
424574046,GANCHO ESTIRA TEJ GALV 5/16 x  7,PZ,645.84
450400733,GANCHO CONTRA VIENTO 24 - 140 x 15,PZ,648.96
451305636,CAÃ‘O RIEGO GREEN   1/2 x 50 MT,PZ,650.18
450905468,RIEL RTO-TOPE PLAST 1 TIRAJE  x  10,PZ,653.11
450812373,CORTINA P/BAÃ‘O RTO-PROTECT CELESTE,PZ,654.99
450802576,ABRAZ AMERICANA 3007    70 -  85 MM,PZ,655.04
450815815,MECHA EZETA COLA CONICA 48.75 MM,PZ,656.24
451305446,PINTURA MATRA AEROSOL CREMA,PZ,658.73
424593566,CABLE CORDON  3.0 MM 1 x 19,PZ,665
424593567,CABLE CORDON  3.5 MM 1 x 19,PZ,665
424593568,CABLE CORDON  4.0 MM 1 x 19,PZ,665
450800955,MECHA EZETA COLA CONICA 33.75 MM,PZ,665.6
424581100,MECHA EZETA CILIND TITANIO  4.25 MM,PZ,680.1
451305323,TORNILLO TIRAFONDO GALV 5/16x5 1/2,PZ,681.34
451305438,PINTURA MATRA AEROSOL AMARILLO MEDIO,PZ,683.62
451305439,PINTURA MATRA AEROSOL AZUL MARINO,PZ,683.62
451305312,TORNILLO TIRAFONDO GALV 5/16x1 3/4,PZ,689.89
451305313,TORNILLO TIRAFONDO GALV 5/16x2,PZ,689.89
451305314,TORNILLO TIRAFONDO GALV 5/16x2 1/4,PZ,689.89
451305315,TORNILLO TIRAFONDO GALV 5/16x2 1/2,PZ,689.89
451100003,AEROSOL PENETRIT 311 GRASA LIT  180,PZ,698.85
450818533,CINTA EVEL 220 PROFESIONAL 20 MT,PZ,700
424594393,MACHO TAP A/LAMINADO NF   10  x 32,PZ,700.5
424590303,CLAVO C/REDONDA 12-20,PZ,706.15
424580487,MECHA EZETA WIDIA CORTA 18 MM,CJ,716.22
424564981,MECHA EZETA WIDIA LARGA 400 12 MM,PZ,722.03
451305457,CEMENTO 81 DE CONTACTO  x  4     LT,PZ,726.94
451305574,CAÃ‘O RIEGO BLUE   1/2 x 50 MT,PZ,726.94
424566108,GRAMPA PRENSA CABLE GALV   3/16,PZ,734.61
424594249,MACHO URANGA A/ALEADO M 10 x 1.00,PZ,735
424564417,BANDA AA TELA 100x610 O/A MAD G. 50,PZ,735.84
450811235,GRAMPA P/CAJONERO 12-16,PZ,749.77
450600365,TELA MOSQ ALUM UNIV 0.82 x 30.0 MT,PQ,749.86
450409233,ANTIPARRA CAJA ENTERA  C/VENT ELEV,PZ,767.6847077
424588706,CLAVO CAJ PULIDO FRACC  18-100,PZ,773.5
450925376,BARRAL 0.40MT C/LLAVE GARRAFA 10 KG,PZ,775.76
424589580,MECHA EZETA CILINDRICA A/R 19.75 MM,PZ,776.96
424589581,MECHA EZETA CILINDRICA A/R 17.25 MM,PZ,776.96
450400581,SOPORTE ANGULO P/RIEL T/AMER LARGO,PZ,778.08
424589588,MECHA EZETA CILINDRICA A/R 16.50 MM,PZ,780
450904964,BISAGRA T/1842 25 MM,PZ,784.21
451404407,PITON HO PUL ESCUAD  22 -  60 x 100,PZ,787.11
450409128,ESTAÃ‘O ALAMBRE C/RESINA 40% x 1 KG,PZ,787.498898835
450409129,ESTAÃ‘O ALAMBRE C/RESINA 50% x 1 KG,PZ,787.498898835
450409130,ESTAÃ‘O ALAMBRE C/RESINA 40% x 10 U,PZ,787.498898835
424588482,MECHA EZETA CILIND TITANIO  2.75 MM,PZ,790.4
424565591,CABLE CORDON  5.0 MM 1 x 19,PZ,799.07
424588997,BROCHE A PALANCA HO PULIDO,PZ,799.75
424581688,MECHA EZETA DOBLE PUNTA 4.20 MM,PQ,803.08
424572203,MECHA EZETA CILIND TITANIO  7.75 MM,PZ,810.28
451305455,CANDADO 606 38 MM,PZ,817.76
451305611,CANDADO 606 50MM JGO 12 PZS COMB,PZ,817.76
450814933,POLIET SIXCOM 4 x 100 x 100 NEGRO,PZ,819
424573178,MECHA EZETA COLA CONICA 60.00 MM,PZ,819.35
450409205,SOMBRERETE DOBLE ALA GALV 3,PZ,820.906546679
451305187,ESPATULA S JUANA ENDUIR 100 MM,PZ,828
451305188,ESC BARREHOJA EL ABUELO REGULABLE,PZ,828
451305356,HORM ALLEMANDI LIQ  12 x 500 CM3,PZ,828.78
424596201,PITON S/TOPE ESCUAD  BCE 19-50 x 50,PZ,830.79
424572357,MECHA EZETA DE CENTRAR 1.00 MM,PZ,832.59
450409112,HORQUILLA GHERARDI 5 PUAS C/LARGO,PZ,834.500003389
450409113,HORQUILLA GHERARDI 6 PUAS C/CORTO,PZ,834.500003389
451305451,POLIET SIXCOM 8 x 200 x  50 NEGRO,PZ,835.05
451305452,POLIET SIXCOM 8 x 100 x  50 NEGRO,PZ,835.05
451305450,CAJA METALICA A1 12x17x30 1 BANDEJA,PZ,835.06
424576699,GARRAFAS 3 KG,PZ,835.59
424591402,CACEROLA FUND ENLOZADA N. 8,PZ,838.48
451305380,FLUIDO ALLEMANDI DESINFECT  12x500,PZ,840.75
451305381,LLAVE PASO DUKE METAL ESFERA   1/2,PZ,840.75
451305456,CANDADO 606 30 MM,PZ,840.75
451305612,CANDADO 606 IMIT 32 MM TRABA SIMPLE,PZ,840.75
451305193,ESCARDILLO PALA Y 2 PUAS 59 MM,PZ,841.9
424572201,MECHA EZETA DOBLE PUNTA 6.10 MM,PZ,844.66
424594365,POLIET SIXCOM 6 x 200 x  50 CRISTAL,PZ,850
450817509,GANCHO J P/GALPON      1/4 x 100 MM,PZ,850
450600134,MECHA EZETA CILIND TITANIO  7.25 MM,PZ,850.18
451305541,CINTA PVC P/SILLON ROJO     x 50 MT,PZ,852.53
451305542,CINTA PVC P/SILLON VERDE    x 50 MT,PZ,852.53
450409118,CARCIMA 3329 TIJERA PODA MANUAL,PZ,852.931809095
450409119,ESTUFA FUND RECTANGULAR 65x36x26,PZ,852.931809095
424572002,MECHA EZETA CILIND TITANIO  5.25 MM,PZ,853.61
424589304,MECHA EZETA CILIND TITANIO  2.25 MM,PZ,854.01
424588705,CLAVO CAJ PULIDO FRACC  18-164,PZ,855.2
450805436,MECHA NEIKE WIDIA CORTA 12 MM,PZ,855.33
451305440,PINTURA MATRA AEROSOL AZUL TRAFUL,PZ,862.22
451305441,PINTURA MATRA AEROSOL BEIGE,PZ,862.22
450818815,PITON HO PUL ESCUAD  23 -  60 x 100,PZ,862.492183826
451305379,DESINFECT ALLEMANDI PINO    12x1 LT,PZ,863.36
451305382,LLAVE PASO DUKE METAL ESFERA   3/4,PZ,863.36
451305613,CANDADO 606 IMIT 38 MM TRABA SIMPLE,PZ,863.36
451305616,CABEZAL P/CORTINA MOSQUERA  70 CM,PZ,863.36
450901211,MECHA EZETA CILIND TITANIO  4.50 MM,PZ,864.23
451305614,CANDADO 606 IMIT 50 MM TRABA SIMPLE,PZ,865.78
450812184,LIJA AA FENOB G. 40   150 x 45000,PZ,866.96
450812917,CLAVO ESPIRALADO FRACC  1,PZ,869.79
450817203,MACHO TAP A/LAMINADO NF  3/8  x 24,PZ,878.8
451305416,PLANCHUELA 1518 6     x   3/8,PZ,879.13
450303175,PALANQ  LAMINADA 1010  76.20 MM,PZ,884
424581050,MECHA EZETA CILIND TITANIO  8.75 MM,CJ,885.3
451305383,LLAVE PASO DUKE METAL ESFERA 1,PZ,885.78
451305384,LLAVE PASO DUKE METAL ESFERA 1 1/4,PZ,885.78
450819182,ESCARDILLO CORAZON Y PALA 59 MM,PZ,886.485528124
450409223,BALDE CHAPA GALV REF N.10   8 LT,PZ,888.18263751
450409224,CURVA CHAPA GALV CORRUGADA 6 ANG 90,PZ,888.18263751
424595689,GANCHO ESTIRA TEJ GALV 5/16 x  9,PZ,893
424595690,GANCHO ESTIRA TEJ GALV 5/16 x 10,PZ,893
424595691,GANCHO ESTIRA TEJ GALV 5/16 x  8,PZ,893
450814029,MACHO URANGA A/RAPIDO NF    10 x 32,PZ,898.56
424588703,GANCHO P/ARMARIO BCE 30 MM x 100,PZ,900
450409124,CUCHARA GHERARDI SOLDADA N. 7 ROMA,PZ,904.771262646
450409125,CUCHARA GHERARDI SOLDADA N. 8,PZ,904.771262646
450409126,CUCHARA GHERARDI SOLDADA N. 8 ROMA,PZ,904.771262646
450409127,ESTAÃ‘O ALAMBRE C/RESINA 33% x 1 KG,PZ,904.771262646
450409131,ESTAÃ‘O ALAMBRE C/RESINA 50% x 10 U,PZ,904.771262646
450409132,LIMPIA PILETA EL ABUELO C/CABO,PZ,904.771262646
451305615,CANDADO 606 IMIT 63 MM TRABA SIMPLE,PZ,908.39
451100029,CLAVO CAJ PULIDO 14- 40 x 30 KG,PZ,911.06
424581736,MECHA EZETA WIDIA CORTA 16 MM,PQ,911.85
451305405,DISCO XPERT   MAQ SENS 400x3x25 O/A,PZ,915.8
451305406,PLANCHUELA 1518 5     x   1/2,PZ,915.8
451305407,MEMBRANA AUTOADHESIVA 10 CM x 10 MT,PZ,915.8
450818695,MAQ K-10 CORTA CERAMICO 50 CM,PZ,920
450818379,MENSULA DOBLE BLANCA 370 MM,PZ,920.93
450813872,GANCHO CONTRA VIENTO 18 -  40 x 50,PZ,921.44
424596612,CAÃ‘O CONDUIT GALV 3     x 6.40 MT,PZ,921.57
450409149,FRATACHO PINO 12 x 35 CM,PZ,924.931050139
451305394,DISCO XPERT   C/D 178x6.4x22.2 O/A,PZ,937.08
450409195,RODILLO P/CEMENTISTA 120 MM,PZ,938.524506847
450409245,ESCUADRA S JUANA MILIMETRADA 25 CM,PZ,938.524506847
451305385,LLAVE PASO DUKE METAL ESFERA 1 1/2,PZ,942.59
450409272,CABO P/MARTILLO RECTO 0.35 MT,PZ,943.944505456
450819826,MECHA EZETA CILINDRICA A/R  0.40 MM,PZ,950
450409206,SOMBRERETE DOBLE ALA GALV 4,PZ,955.113131984
424596613,CAÃ‘O CONDUIT GALV 4     x 6.40 MT,PZ,955.88
451305409,MEMBRANA AUTOADHESIVA 15 CM x 10 MT,PZ,957.79
451305410,MEMBRANA AUTOADHESIVA 25 CM x 10 MT,PZ,957.79
451305411,PLANCHUELA 1518 5     x   3/8,PZ,957.79
450819438,PALA GHERARDI FORJ CORAZON      C/C,PZ,958
450812925,MACHO URANGA A/ALEADO M 14 x 1.25,PZ,959.92
450812285,CAÃ‘O CONDUIT GALV 1     x 6.40 MT,PZ,970.91
424564982,MECHA EZETA CILIND TITANIO 12.75 MM,PZ,980.91
424596614,MALLA Q 84 2.15x50 MT 150x150x4.0 MM,PZ,995.1
450901212,MECHA EZETA CILIND TITANIO  3.75 MM,PZ,998.64
450901214,MECHA EZETA CILIND TITANIO  3.50 MM,PZ,998.64
451305635,CAÃ‘O RIEGO GREEN   3/4 x 50 MT,PZ,998.83
451305386,LLAVE PASO DUKE METAL ESFERA 2,PZ,999.59
451305631,POLIET ECO 3 x 100 x 100 CRISTAL,PZ,999.59
451404401,CLAVO ACERO GALV 3.0 - 40 x 100,PZ,1005.39
450812948,BROCA MANUAL - MANGO BTU38 3/8,PZ,1006.72
451301764,MECHA EZETA COLA CONICA 50.00 MM,PZ,1009.35
450802152,TENSOR ACERO GALV IMP  5/8,PZ,1012.75
424564364,PITON C/TOPE ABIERTO BCE 19-50 x100,PZ,1013.96
424594623,MACHO URANGA A/ALEADO BSP  1/8 x 28,PZ,1014.37
450801720,MECHA NEIKE WIDIA LARGA 250 10 MM,PZ,1014.58
424599732,ARCO SIERRA CARNICERO C/HOJA 520 MM,PZ,1017.24
424585296,PITON C/TOPE CERRADO BCE 16-35 x200,PZ,1026.72
424588323,PITON C/TOPE CERRADO BCE 17-40 x200,PZ,1026.72
424596168,DISCO AA NO PAST 6 PERF 154  G.180,PZ,1027.2
424596171,DISCO AA NO PAST 6 PERF 154  G.150,PZ,1027.2
424596172,DISCO AA NO PAST 6 PERF 154  G.120,PZ,1027.2
424596173,DISCO AA NO PAST 6 PERF 154  G.100,PZ,1027.2
424596174,DISCO AA NO PAST 6 PERF 154  G. 80,PZ,1027.2
450800579,BANDA AA TELA  75x508 O/A MAD G.120,PZ,1028.86
450409133,LIMPIA PILETA EL ABUELO S/CABO,PZ,1039.208245523
450409134,ENROLLADOR P/CORTINA 4 MT PULIDO,PZ,1039.208245523
451305357,INSEC ALLEMANDI YARARA TARRO 24x250,PZ,1044.81
450409150,FRATACHO PINO 12 x 40 CM,PZ,1045.65937752
450802746,PITON S/TOPE CERRADO P/TACO  8 x 50,PZ,1046.29
451305543,REGULADOR P/GARR C/MANG 0.80 MT IMP,PZ,1056.02
451305447,PINTURA MATRA AEROSOL NARANJA,PZ,1059.25
451305448,PINTURA MATRA AEROSOL NEGRO,PZ,1059.25
450812362,CABLE CORDON  4.8 MM 1 x  7,PZ,1060.8
424564354,BANDA AA TELA 100x610 O/A MAD G. 60,PZ,1061.43
424592788,LEBRILLO CHAPA GALV REF N.26  70 LT,PZ,1062.05
424572066,MECHA EZETA WIDIA CORTA 22 MM,PZ,1063.83
450408941,MACHO URANGA A/RAPIDO M 11 x 1.00,PZ,1067.04
450408942,MACHO URANGA A/RAPIDO M 10 x 1.25,PZ,1067.04
451305340,LINGA ACERO VARIOS COLORES 0.90 CM,PZ,1067.8
451305343,DISCO XPERT   C/P 114x1.6x22.2 O/A,PZ,1067.8
424596615,MALLA R 84 2.15x50 MT 150x250x4.0 MM,PZ,1068.63
451305185,ESPATULA S JUANA ENDUIR 140 MM,PZ,1069.5
422002158,CLAVO ESCUADRA PUL 16 -  50,PZ,1071.36
450409232,CURVA CHAPA GALV CORRUGADA 4 ANG 45,PZ,1072.27029701
450901213,MECHA EZETA CILIND TITANIO  3.00 MM,PZ,1082.72
450409281,ACEITERA PLAST PICO RIGIDO 250 CM3,PZ,1087.389686421
450409283,ACEITERA PLAST PICO FLEX   250 CM3,PZ,1087.389686421
451305605,CANDADO 606 50MM JGO  6 PZS MAESTRO,PZ,1090.03
451305331,TORNILLO TIRAFONDO GALV 3/8 x2 1/4,PZ,1090.79
451305332,TORNILLO TIRAFONDO GALV 3/8 x2 1/2,PZ,1090.79
451305339,TORNILLO TIRAFONDO GALV 3/8 x5,PZ,1090.79
451305341,DISCO XPERT   C/P 114x1.0x22.2 O/A,PZ,1090.79
450409114,HORQUILLA GHERARDI 6 PUAS C/LARGO,PZ,1092.660482073
450409115,ESQUINERO ANG CROM  125 x 125 MM,PZ,1092.660482073
451305408,PLANCHUELA 1518 6     x   1/2,PZ,1099.34
451305644,CAJA METALICA A3 12x17x48 1 BANDEJA,PZ,1099.34
424588704,GANCHO P/ARMARIO BCE 25 MM x 100,PZ,1100
424589589,MECHA EZETA CILIND TITANIO  1.75 MM,PZ,1100
424596585,DISCO AA GOLD    6 PERF 154  G.320,PZ,1100
424588136,CHAIRA BIASSONI LISA 10 - 254 MM,FR,1102.88
424596609,CAÃ‘O CONDUIT GALV 2 1/2 x 6.40 MT,PZ,1102.94
424596170,CLAVO CAJ BARNIZADO FRACC  18-152,PZ,1104
450409231,ESPATULA S JUANA ENDUIR 240 MM,PZ,1104.871553354
450409191,BARRENO BIASSONI 1,PZ,1105.793143639
450409243,ABRAZ GALV CAÃ‘O ELECTRICIDAD  3/8,PZ,1105.793143639
450409244,ESCUADRA S JUANA MILIMETRADA 30 CM,PZ,1105.793143639
450300921,MECHA EZETA COLA CONICA 48.25 MM,PZ,1107.59
450409270,ACEITERA PLAST LISA,PZ,1107.670793468
450812286,HERRADURA ACANALADA PESADA 0,PZ,1130.48
450408973,RIEL RTO-CORRED PLAST C/CRUCE x  10,PZ,1138.82
424596616,MALLA Q 84 3x2 MT 150x150x4.0 MM,PZ,1142.16
451305619,CAÃ‘O ALTA PRESION ROJO  8 MM x50 MT,PZ,1142.28
450814126,REGULADOR PAZ P/GARR C/MANG 0.80 MT,PZ,1144.06
450819632,MECHA EZETA COLA CONICA 42.75 MM,PZ,1150
450819633,MECHA EZETA COLA CONICA 44.00 MM,PZ,1150
424589587,MECHA EZETA CILINDRICA A/R 16.75 MM,PZ,1151.01
450409273,RIEL RTO-CORDON PERLON SUP x 200 MT,PZ,1151.322182807
450812397,GUARDACABO GALV   3/4,PZ,1155.92
451305486,CEMENTO SIN TOLUENO x    1/4 LT,PZ,1158.62
450802777,ADAP HEXAG P/AUTOPERF  3/8 x 65 MM,PZ,1161.13
450803007,TOR P/MECHA C/FIJAD-PHIL 10 x   3/4,PZ,1161.13
450803627,RIEL DOBLE BLANCO 2.50 MT,PZ,1161.13
450817145,MECHA EZETA COLA CONICA 15.50 MM,HJ,1164.8
424575527,GANCHO ESTIRA TEJ GALV 3/8  x 12,PZ,1167.25
450812411,MECHA EZETA COLA CONICA 38.50 MM,PZ,1170.08
450409135,ENROLLADOR P/CORTINA 6 MT PULIDO,PZ,1173.06923447
424596610,CAÃ‘O CONDUIT GALV 2     x 6.40 MT,PZ,1176.47
424589592,MECHA EZETA CILIND TITANIO  1.50 MM,PZ,1181.86
450409121,ESTUFA FUND Y CHAPA ACC-CODO,PZ,1185.510703323
424593611,REGATON REGULABLE 3/8  BASE CHICA,PZ,1186.97
424588707,CLAVO CAJ PULIDO 10- 25 x 30 KG,PZ,1200
451305449,CAJA METALICA A2 12x17x41 1 BANDEJA,PZ,1201.56
424580342,MECHA EZETA CILIND TITANIO  7.50 MM,PZ,1202.5
450409219,BALDE CHAPA GALV REF N.12  13 LT,PZ,1206.361683528
450409220,BALDE CHAPA GALV REF N.13  15 LT,PZ,1206.361683528
450409222,BALDE CHAPA GALV REF N.11  10 LT,PZ,1206.361683528
450804444,CLAVO P/PARIS FRACC  4,PZ,1208.63
424588342,CLAVO ESPIRALADO FRACC  4,PZ,1210.31
424596617,MALLA R 84 3x2 MT 150x250x4.0 MM,PZ,1215.69
450805997,BIS FICHA P/SOLD REF  80-33-8 x 2.5,PZ,1230.82
450409139,FRATACHO ALGARROBO 12 x 20 CM,PZ,1240.11492773
450409140,FRATACHO ALGARROBO 12 x 25 CM,PZ,1240.11492773
450409141,FRATACHO ALGARROBO 12 x 30 CM,PZ,1240.11492773
451305610,CANDADO 606 50MM JGO  6 PZS COMB,PZ,1240.51
450409120,ESTUFA FUND Y CHAPA REDONDA 56x40,PZ,1246.566059727
424596611,CAÃ‘O CONDUIT GALV 1 1/2 x 6.40 MT,PZ,1250
450813437,ABRAZ AMERICANA 3003/5  38 -  50 MM,PZ,1253.92
451305487,CEMENTO SIN TOLUENO x    1/2 LT,PZ,1262.36
451305488,CEMENTO SIN TOLUENO x  1     LT,PZ,1262.36
450810819,DESTAPACAÃ‘ERIA CINTA ACERO  5 MT,PZ,1266.38
451305387,LLAVE PASO DUKE METAL ESFERA 2 1/2,PZ,1271.86
450819416,LIJA AA FENOB G.100   120 x 45000,PZ,1274
450819417,HERRADURA ACANALADA PESADA C/CLIP 7,PZ,1274
450409116,ESQUINERO ANG CROM  150 x 150 MM,PZ,1283.544869927
450409117,CARCIMA 3328 TIJERA CESPED FIJA,PZ,1283.544869927
424596175,CLAVO CAJ BARNIZADO FRACC  18-101,PZ,1284
424596176,CLAVO CAJ BARNIZADO FRACC  17- 75,PZ,1284
424596177,CLAVO CAJ BARNIZADO FRACC  16- 63,PZ,1284
424596178,CLAVO CAJ BARNIZADO FRACC  15- 50,PZ,1284
424596179,CLAVO CAJ BARNIZADO FRACC  14- 50,PZ,1284
424596180,CLAVO CAJ BARNIZADO FRACC  14- 40,PZ,1284
424596183,CLAVO CAJ BARNIZADO FRACC  13- 45,PZ,1284
424596184,CLAVO CAJ BARNIZADO FRACC  12- 38,PZ,1284
424596185,CLAVO CAJ BARNIZADO FRACC  12- 35,PZ,1284
424596186,CLAVO CAJ BARNIZADO FRACC  12- 32,PZ,1284
424596187,CLAVO CAJ BARNIZADO FRACC  10- 30,PZ,1284
424596188,PITON S/TOPE ESCUAD  BCE 20-60 x 50,PZ,1284
450905552,MECHA EZETA COLA CONICA 47.25 MM,PZ,1289.6
450812284,RIEL DOBLE ALUM   1.50 MT,PZ,1295.42
450905783,CINTA EVEL 105 STANDARD     5 MT,PZ,1296.699552238
450408944,CLAVO ESCUADRA PUL 24 - 100 x  50,PZ,1299.195
450400559,RIEL RTO-PERILLA PLAS C/PLOMO x  10,PZ,1303.57
450800137,BROCA MANUAL UR38 3/8,PZ,1305.41
450906004,ARCO SIERRA EL ABUELO FIJ RTO-CABO,PZ,1314.222556049
451305333,TORNILLO TIRAFONDO GALV 3/8 x2 3/4,PZ,1317.46
451305334,TORNILLO TIRAFONDO GALV 3/8 x3,PZ,1317.46
451305335,TORNILLO TIRAFONDO GALV 3/8 x3 1/4,PZ,1317.46
451305336,TORNILLO TIRAFONDO GALV 3/8 x3 1/2,PZ,1317.46
424593993,POLIET SIXCOM 4 x 200 x  50 CRISTAL,PZ,1319.63
424591414,REGADERA CHAPA GALV N.1   8 LT,PZ,1323.02
450812514,GUANTE LATEX P/CORTO  8,PZ,1325.38
450409137,DESTAPA INODORO EL ABUELO,PZ,1340.568268833
450409229,ESPATULA S JUANA PINTOR 40 MM,PZ,1340.568268833
450409230,ESPATULA S JUANA PINTOR 30 MM,PZ,1340.568268833
450813811,HERRADURA ACANALADA PESADA C/CLIP 2,PZ,1348.32
450400555,CABO P/MARTILLO RECTO 0.40 MT,PZ,1350.38
451305496,CEMENTO SOPLETEABLE INCOL x 18 LT,PZ,1357.93
424590241,ANAFE 1 HORN ENLOZ C/ROB GAS NAT,CJ,1361.92
451305471,AEROSOL MATRA CONVERTIDOR OXIDO,PZ,1362.68
424599002,GANCHO ESTIRA TEJ GALV 3/8  x  6,PZ,1365.65
424593994,POLIET SIXCOM 4 x 100 x 100 CRISTAL,PZ,1385.38
451305415,PLANCHUELA 1518 5     x   3/4,PZ,1385.67
451305417,PLANCHUELA 1518 6     x   5/8,PZ,1385.67
424565881,MECHA EZETA CILIND TITANIO  9.75 MM,CJ,1393.6
450819394,ALAMB GDO A/R OVAL 17/15 FORTIN,PZ,1397.99
450819325,CORTINA P/BAÃ‘O COMPLETA GRIS,PZ,1401.2
450409151,FRATACHO PINO 12 x 45 CM,PZ,1407.498763307
450409136,ENROLLADOR P/CORTINA 8 MT PULIDO,PZ,1407.613962093
450409225,LEBRILLO CHAPA GALV REF N.12  10 LT,PZ,1407.613962093
450409226,LEBRILLO CHAPA GALV REF N.14  12 LT,PZ,1407.613962093
450409227,CURVA CHAPA GALV CORRUGADA 6 ANG 45,PZ,1407.613962093
424589568,MECHA EZETA CILINDRICA A/R 18.75 MM,PZ,1407.7
451305472,CEMENTO 51 P/APARAR CALZADO x  1 LT,PZ,1408.28
451305585,CANDADO 606 40 MM ARCO ALTO  62 MM,PZ,1418.73
451305586,CANDADO 606 40 MM ARCO ALTO 125 MM,PZ,1418.73
451305587,CANDADO 606 40 MM CON COMBINACION,PZ,1418.73
424566073,GANCHO CONTRA VIENTO 24 - 110 x 15,PZ,1440.4
451305186,ESPATULA S JUANA ENDUIR 120 MM,PZ,1449
424564753,CLAVO C/PERDIDA  6-12,PZ,1457.29
450409142,FRATACHO ALGARROBO 12 x 35 CM,PZ,1474.774854138
450409143,FRATACHO ALGARROBO 12 x 40 CM,PZ,1474.774854138
413062573,MENSULA DOBLE ALUM   370 MM,PZ,1475.04
450817497,PITON HO PUL ESCUAD  21 -  40 x 100,PZ,1478.17
450905755,CABO P/RASTRILLO 1.50 MT,PZ,1482
424572090,MECHA EZETA DOBLE PUNTA 4.90 MM,PZ,1487.71
450409122,ESTAÃ‘O VARILLA 33%,PZ,1488.598708418
451305192,ESCARDILLO PALA Y 2 PUAS 67 MM,PZ,1504.2
413063495,MACHO URANGA A/ALEADO NF  7/16 x 20,PZ,1504.85
450409228,BARRENO BIASSONI    1/2,PZ,1507.952104411
424573395,MECHA MAX PLANA P/MAD    3/4,PZ,1509.09
451305681,CABO P/MARTILLO RECTO 0.30 MT,PZ,1512
451305526,CINTA TEJ P/SILLON AZUL      x 100 MT,PZ,1526.84
451305397,DISCO XPERT   MAQ SENS 350x3x25 O/A,PZ,1548.31
450818620,CUCHARA ROBLE P/ALBAÃ‘IL N. 8,PZ,1550
450818699,MAQ ZONTA RTO-PORTA RUEDA INCIDORA,PZ,1560
450811547,CABLE ACERO 14.0 MM 6 x 19+1,PZ,1568.32
424596199,BANDA AA TELA  50x478 O/A MET G. 80,PZ,1570.67
451305525,HORM ALLEMANDI DUAL BOLSA  20x 1 KG,PZ,1588.78
424572011,MECHA EZETA WIDIA LARGA 400 14 MM,PZ,1591.57
450814055,GRAMPA PRENSA CABLE GALV   7/8,PZ,1604.91
450409138,DESTAPADOR EL ABUELO SUPER SOPAPA,PZ,1608.405445514
450906061,ARANDELA FICHA BRONCEADA 11.0 MM,PZ,1613
450409221,BALDE CHAPA GALV REF N.14  22 LT,PZ,1620.962113152
450409144,FRATACHO ALGARROBO 12 x 45 CM,PZ,1641.928292144
450409145,FRATACHO ALGARROBO 12 x 50 CM,PZ,1641.928292144
450409196,ESCUADRA S JUANA MILIMETRADA 20 CM,PZ,1641.928292144
450813698,CLAVO ESCUADRA PUL 25 - 110,PZ,1669.45
450409189,BARRENO BIASSONI    3/4,PZ,1675.56633756
450409190,BARRENO BIASSONI    7/8,PZ,1675.56633756
450409193,BARRENO BIASSONI 1  1/2,PZ,1675.56633756
450409194,BARRENO BIASSONI 2,PZ,1675.56633756
424564980,MECHA EZETA WIDIA BOSCH  5 x 110 MM,PZ,1689.35
450802289,DISCO AA GOLD    6 PERF 154  G.800,PZ,1692.1
451305388,LLAVE PASO DUKE METAL ESFERA 3,PZ,1699.17
451305389,LLAVE PASO DUKE METAL ESFERA 4,PZ,1699.17
451305481,CEMENTO 51 P/APARAR CALZADO x 18 LT,PZ,1699.17
424580144,HILO CHORICERO 10 x  50 GR,PZ,1700.04
424595635,FLEX DUKE PLAST CONEX MET 1/2 x 30,PZ,1700.6
450409157,TUERCA ESTAMPADA HEXAGONAL 5/32,PZ,1709.204382975
450409158,TUERCA ESTAMPADA HEXAGONAL 3/16,PZ,1709.204382975
450409123,CUCHARA GHERARDI SOLDADA N. 7,PZ,1709.319581761
424564806,CINTA TEFLON    1/2 x 10 MT,PZ,1727.44
424593565,CHAIRA BIASSONI RAYADA  6 - 152 MM,PZ,1728.33
450818517,GANCHO CONTRA VIENTO 21 - 100 x 25,PZ,1736.43
450801826,CLAVO ESCUADRA PUL 23 - 100,PZ,1736.51
451305322,TORNILLO TIRAFONDO GALV 5/16x5,PZ,1738.31
450409249,ESQUINERO ANG PULIDO 100 x 100 MM,PZ,1742.496832034
450409250,ESQUINERO ANG PULIDO  90 x  90 MM,PZ,1742.496832034
450409251,ESQUINERO ANG PULIDO  25 x  25 MM,PZ,1742.496832034
450409252,ESCUADRA PLANA GALV 100 x 17 MM,PZ,1742.496832034
450409253,ESCUADRA PLANA GALV  90 x 15 MM,PZ,1742.496832034
450409254,ESCUADRA PLANA GALV  75 x 13 MM,PZ,1742.496832034
450409255,ESCUADRA PLANA GALV  65 x 10 MM,PZ,1742.496832034
450409256,ESCUADRA PLANA GALV  50 x 10 MM,PZ,1742.496832034
450409257,ESCUADRA PLANA GALV  38 x 10 MM,PZ,1742.496832034
451305358,INSEC ALLEMANDI YARARA TARRO 12x250,PZ,1744.39
424600069,GUANTE LATEX P/CORTO 11,PZ,1764
450816354,PITON P/MAD SOLDADO  20 -  60 x 50,PZ,1764.6
424590526,MECHA EZETA WIDIA LARGA 200  8 MM,PZ,1774.87
450811163,BIS FICHA P/SOLD REF  80-33   x 2.5,PZ,1784.64
450819435,MECHA EZETA CILINDRICA A/R 10.25 MM,PZ,1799.6
451305222,ALAMB FORRADO P/TENDEDERO x 100 MT,PZ,1804
424594587,MACHO URANGA A/RAPIDO M 16 x 1.50,PZ,1814.75
451305390,DISCO XPERT   C/D 114x3.0x22.2 O/A,PZ,1826.66
451305617,CABEZAL P/CORTINA MOSQUERA  80 CM,PZ,1826.66
451305555,COLA X-36 P/MADERA DURA x  1 KG,PZ,1832.93
451305492,CEMENTO SIN TOLUENO x  4     LT,PZ,1833.31
451305493,CEMENTO SIN TOLUENO x 10     LT,PZ,1833.31
451305494,CEMENTO SIN TOLUENO x 18     LT,PZ,1833.31
450409153,FRATACHO PLASTICO C/POL 20 CM,PZ,1843.295769494
450409154,FRATACHO PLASTICO C/POL 25 CM,PZ,1843.295769494
450409155,FRATACHO PLASTICO C/POL 30 CM,PZ,1843.295769494
450409156,TUERCA ESTAMPADA HEXAGONAL 1/8,PZ,1843.295769494
450802635,PALANQ  LAMINADA 1045  50.80 MM,PZ,1846.86
424594586,MACHO URANGA A/RAPIDO M 16 x 1.00,PZ,1848
424595489,TENSOR ACERO GALV IMP  3/4,PZ,1852.24
450813828,ADHESIVO DUKE P/PVC  220 CM3 PINCEL,PZ,1861.1
451305606,MACHO URANGA A/RAPIDO NC  9/16 x 12,PZ,1862.57
424592192,GANCHO ESTIRA TEJ GALV 5/16 x  5,PZ,1877.88
450905754,CABO P/RASTRILLO 1.65 MT,PZ,1878
424594622,MACHO URANGA A/ALEADO BSP  1/4 x 19,PZ,1883.82
450811189,MECHA EZETA COLA CONICA  5.25 MM,PZ,1885.07
424588702,PITON HO PUL ESCUAD  27 - 140 x  25,PZ,1900
424591775,MECHA EZETA CILIND TITANIO  5.50 MM,PZ,1908.59
451305391,DISCO XPERT   C/D 178x3.0x22.2 O/A,PZ,1910.64
451305516,IMPRIMACION P-61 x 5 KG,PZ,1910.64
424572866,MECHA EZETA CILIND TITANIO 10.00 MM,PZ,1943.14
450811541,CLAVO CAJ PULIDO 18-100 x 30 KG,PZ,1960.82
450409276,TENDEDERO EXTENS 7 V  45 CM,PZ,1969.013439097
450802762,CLAVO ESCUADRA PUL 23 - 110,PZ,1988.19
424592784,CACEROLA FUND ENLOZADA N. 2,PZ,1989.16
451305414,PLANCHUELA 1518 5     x   5/8,PZ,1995.95
451305527,CINTA TEJ P/SILLON NARANJA   x 100 MT,PZ,1995.95
450816388,CINTA EVEL 125 STANDARD    25 MT,PZ,1997.803581234
451305464,PINTURA MATRA AEROSOL VERDE INGLES,PZ,1998.8
450813594,MACHO URANGA A/ALEADO BSPT 1/4 x 19,PZ,2006.95
450409146,FRATACHO PINO 12 x 20 CM,PZ,2010.679605071
450409147,FRATACHO PINO 12 x 25 CM,PZ,2010.679605071
450409188,BARRENO BIASSONI   11/16,PZ,2010.679605071
450409192,BARRENO BIASSONI 1  1/8,PZ,2010.679605071
450804227,MACHO TAP A/LAMINADO NF  5/16 x 24,PZ,2017.6
451305607,CANDADO 606 40MM JGO  6 PZS COMB,PZ,2021.41
424581576,SIFON P/BACHA DOBLE  DIAM 50 MM,PZ,2028
450813593,MECHA EZETA COLA CONICA 19.75 MM,PZ,2046.62
424596203,PITON S/TOPE CERRADO BCE 18-40 x100,PZ,2054.4
424596204,PITON S/TOPE CERRADO BCE 17-35 x100,PZ,2054.4
424596205,PITON S/TOPE CERRADO BCE 16-30 x200,PZ,2054.4
424596207,PITON S/TOPE CERRADO BCE 15-25 x200,PZ,2054.4
450815957,PITON P/MAD SOLDADO  21 -  70 x 50,PZ,2055.24
450901051,BALDE PLAST PICO VERT 10 LT ROJO,PZ,2063.36
450409159,TUERCA ESTAMPADA HEXAGONAL 1/4,PZ,2077.610099546
450409160,TUERCA ESTAMPADA HEXAGONAL 5/16,PZ,2077.610099546
450409161,TUERCA ESTAMPADA HEXAGONAL 3/8,PZ,2077.610099546
450409162,TUERCA ESTAMPADA CUADRADA  1/8,PZ,2077.610099546
450409163,TUERCA ESTAMPADA CUADRADA  5/32,PZ,2077.610099546
450409165,TUERCA ESTAMPADA CUADRADA  1/4,PZ,2077.610099546
424572784,CINTA EVEL 202 RETROFLEX    2 MT,PZ,2081.04
450409369,MACHO URANGA A/RAPIDO NC  1/2  x 13,PZ,2085.25
424572687,GUANTE LATEX P/CORTO 10,PZ,2099.78
451305392,DISCO XPERT   C/D 230x3.0x22.2 O/A,PZ,2123.63
450905679,BISAGRA REVERSIBLE BCEADA  2x 5x1.5,PZ,2125.76
450817189,CORTINA P/BAÃ‘O RTO-PROTECT BEIGE,PZ,2130.13
450816507,ARGOLLA NIQUELADA 30 MM,PZ,2139.61
450409277,AZADA FERCAS CARPIR N.0  110 MM,PZ,2147.514043502
450409370,MACHO URANGA A/RAPIDO NC  7/16 x 14,PZ,2177.78
451301849,MECHA EZETA CILINDRICA A/R 13.25 MM,PZ,2186.39
424592437,CLAVO ESCUADRA PUL 19 -  60,KT,2189.62
450818806,CLAVO C/CHATA 10-40,PZ,2200
451305470,AEROSOL MATRA BARNIZ MARINO,PZ,2226.04
451305553,CEMENTO 91 DE CONTACTO  x  4     LT,PZ,2229.65
451305467,PINTURA MATRA AEROSOL ORO,PZ,2248.65
451305592,CAÃ‘O HIDROCARBURO  5 -  9  x 50 MT,PZ,2248.65
450816434,ROLDANA CHAPA GALV 38 MM,PZ,2263.132018636
424590529,REGLA EVEL METALICA 100 CM,PZ,2267.29
424593812,MACHO URANGA A/ALEADO NC  5/16 x 18,PZ,2268.24
451301080,CLAVO ESCUADRA PUL 24 - 120,PZ,2288
451305517,COLA T-15 P/TELGOPOR   200 GR,PZ,2293.49
424588156,CLAVO ESPIRALADO FRACC  2 1/2,PZ,2336.64
450409164,TUERCA ESTAMPADA CUADRADA  3/16,PZ,2345.90807137
424588484,CLAVO ACERO ESC GALV 4.0 - 90 x 50,PZ,2362.11486248
451305244,MACHO URANGA A/RAPIDO M  9 x 1.00,PZ,2362.65
451301847,MECHA EZETA CILINDRICA A/R 13.00 MM,PZ,2371.99
451301011,PITON HO PUL ESCUAD  26 - 120 x  25,PZ,2385.66
450816402,GANCHO HOOK P/COLGAR 150 x 150 MM,PZ,2387.799
424592235,MECHA EZETA CILIND TITANIO  6.50 MM,PQ,2388.24
424584771,CADENA P/PERRO N.15 LARGO 1.70 MT,PZ,2393.35
424590540,MECHA EZETA WIDIA CORTA  6 MM,PZ,2407.36
450803402,MAQ ZONTA PERF RTO-BRAZO GIRATORIO,PZ,2439.3
450806566,GANCHO ESTIRA TEJ GALV 5/16 x 13,PZ,2446.33
451305469,MACHO URANGA A/RAPIDO M  6 x 0.75,PZ,2453.09
450819469,ARGOLLA NIQUELADA 25 MM,PZ,2454.49
450819471,ARGOLLA NIQUELADA 27 MM,PZ,2454.49
450816409,CLAVO ESCUADRA PUL 24 -  80,PZ,2461.695255334
451301887,BISAGRA REVERSIBLE PULIDA 80x20x1.5,PZ,2463.76
451305146,RIEL RTO-TOPE PLAST COMUN     x  10,PZ,2478.06
450801503,GANCHO J P/GALPON COMP 1/4 x  70 MM,PZ,2484.62
451305473,CEMENTO 51 P/APARAR CALZADO x  4 LT,PZ,2489.76
450400705,ARCO SIERRA EL ABUELO BRICOLSIER,PZ,2495.41
451300792,CLAVO ESCUADRA PUL 25 -  80,PZ,2496
424599905,CLAVO ACERO ESC GALV 3.5 - 60 x100,PZ,2528.13
450409166,TUERCA ESTAMPADA CUADRADA  5/16,PZ,2546.814753576
450409167,TUERCA ESTAMPADA CUADRADA  3/8,PZ,2546.814753576
451300168,MECHA EZETA COLA CONICA 49.25 MM,PQ,2555.28
451305608,CAÃ‘O RIEGO GREEN 1     x 50 MT,PZ,2557.97
424596163,PITON S/TOPE ESCUAD  BCE 17-35 x100,PZ,2568
424596164,PITON S/TOPE ESCUAD  BCE 18-40 x100,PZ,2568
424596165,PITON S/TOPE ESCUAD  BCE 16-30 x200,PZ,2568
424596166,PITON S/TOPE ESCUAD  BCE 15-25 x200,PZ,2568
450819470,ALAM PUAS 16-101 x  25 MT,PZ,2568.29
450816438,CLAVO ACERO GALV 2.0 - 25 x 200,PZ,2580.19789336
450816497,MAQ RTO-RUEDA DE WIDIA x 5 U,PZ,2590
450816498,BUSCAPOLO EL ABUELO  x 10 U,PZ,2590
450819706,PUNTA GHERARDI HEXAGONAL 18-21 300,PZ,2597.33
451305278,TORNILLO TIRAFONDO GALV 3/16x2,PZ,2612.12
424564450,TELA M/SOMBRA 100 MT AZUL -BLAN 80%,PZ,2622.46
424595098,CABO P/LIMA PLANA     100 A 150 MM,PZ,2645.76
450800287,MECHA EZETA COLA CONICA 22.50 MM,PZ,2645.76
424590525,MECHA EZETA WIDIA LARGA 200 10 MM,PZ,2659.16
451305346,DISCO XPERT   C/P 178x1.6x22.2 O/A,PZ,2664.18
451404408,CLAVO ACERO GALV 3.0 - 30 x 100,PZ,2665.6
450803403,BISAGRA T/1842 63 MM,PZ,2693.6
450816496,BISAGRA REVERSIBLE PULIDA  2x 5x1.5,PZ,2693.6
424573248,MECHA MAX PLANA P/MAD    3/8,PZ,2698.8
424566336,CLAVO CAJ PULIDO 12- 25 x 30 KG,CJ,2701.23
451305349,HORM ALLEMANDI MIREX BOLSA 12x500GR,PZ,2705.41
424596200,GRIFERIA VENUS DUCHA S/TRANS CROMO,PZ,2717.12
413062561,MENSULA DOBLE ALUM   470 MM,PZ,2740.63
424564472,GRAMPA PRENSA CABLE GALV   7/16,PZ,2744.7
450819215,GRAMPA P/CERCO  9-38 MM,PZ,2757.758
450818672,MAQ ZONTA PERF RTO-BARRENADOR,PZ,2784.6
450409275,AZADA FERCAS ALBAÃ‘IL C/REGATON,PZ,2789.5252467
450803401,BISAGRA T/1842 38 MM,PZ,2795.96
451305149,MECHA EZETA COLA CONICA 46.00 MM,PZ,2801.13
424599825,FAROL RTO-BOQUILLA 250 W,PZ,2818.53
424590530,MECHA EZETA WIDIA LARGA 400 22 MM,PZ,2861.36
451305515,IMPRIMACION P-61 x 1 KG,PZ,2866.53
451305552,CEMENTO 91 DE CONTACTO  x  1     LT,PZ,2866.53
424564379,MECHA NEIKE WIDIA CORTA 10 MM,PZ,2884.72
451305393,DISCO XPERT   C/D 114x4.8x22.2 O/A,PZ,2972.93
451305182,MECHA EZETA COLA CONICA 44.50 MM,PZ,3018.143856109
424580873,MECHA EZETA WIDIA CORTA  8 MM,CJ,3065.44
451301278,BISAGRA REVERSIBLE BCEADA  2x 3x1.5,PZ,3086.35
451305241,TEJ ROMBO ACINDAR 150-63-14-10 ML,PZ,3108.59
424593810,MACHO URANGA A/ALEADO NC  1/4  x 20,PZ,3121.04
450816445,CLAVO ACERO GALV 1.7 - 20 x 200,PZ,3127.101634728
451305675,MECHA EZETA CILINDRICA A/R  0.20 MM,PZ,3127.5
450905726,CARCIMA 1000 JARDIN 4 PIEZAS,PZ,3150
451301280,BISAGRA T/1842 51 MM,PZ,3182.42
424588485,MECHA EZETA CILIND TITANIO  2.50 MM,PZ,3184.873971883
424588142,MECHA EZETA CILIND TITANIO  6.00 MM,PZ,3193.8
450409282,ACEITERA PLAST PICO FLEX   500 CM3,PZ,3199.57968255
450815611,BISAGRA 5005 PULIDA IMP  25 MM,PZ,3225.18
451305556,CEMENTO 101 DE CONTACTO x    1/8 LT,PZ,3244.44
450818671,PALA MAGER POCERA    C/LARGO,PZ,3258
451305523,COLA W-3 RESISTENTE AL AGUA x 20 KG,PZ,3258.88
451305554,CEMENTO 101 DE CONTACTO x  50    CC,PZ,3258.88
451305558,CEMENTO 101 DE CONTACTO x    1/2 LT,PZ,3284.91
451301146,ARANDELA FICHA BRONCEADA  9.0 MM,PZ,3319.52
424596167,PITON S/TOPE CERRADO BCE 19-50 x 50,PZ,3338.4
424596206,PITON S/TOPE CERRADO BCE 20-60 x 50,PZ,3338.4
450802002,MECHA EZETA COLA CONICA 49.50 MM,PZ,3373.48
450906105,MECHA EZETA CILINDRICA A/R  0.45 MM,PZ,3374.15
450400588,ARCO SIERRA EL ABUELO LA CALADORA,PZ,3383.42
424592791,LEBRILLO CHAPA GALV REF N.24  50 LT,PZ,3383.76
424589525,MECHA EZETA CILINDRICA A/R  6.00 MM,PZ,3435.905889541
424589526,MECHA EZETA CILINDRICA A/R  6.25 MM,PZ,3435.905889541
451404426,MAQ K-10 CORTA CERAMICO 42 CM,PZ,3440.25
424591461,PITON HO PUL ESCUAD  24 -  70 x  50,PZ,3449.07
451305524,HORM ALLEMANDI DUAL BOLSA    x25 KG,PZ,3462.75
450400670,SOPORTE ANGULO P/RIEL T/AMER CORTO,PZ,3464.06
450813503,MECHA EZETA COLA CONICA 15.25 MM,PZ,3464.18
450400703,RIEL RTO-TOPE PLAST 2 TIRAJES x  10,PZ,3493.6
450909267,ALAM PUAS 16-101 x  50 MT,PZ,3519.83
424572708,MECHA MAX PLANA P/MAD    7/16,PZ,3546.4
451301277,BISAGRA 5005 PULIDA IMP  51 MM,PZ,3549.46
424592237,MECHA EZETA CILIND TITANIO  5.00 MM,PZ,3556.11
450818886,MECHA EZETA CILINDRICA A/R 10.50 MM,PZ,3561
424500488,PITON P/MAD SOLDADO  20 -  50 x 50,PZ,3586
451301141,BISAGRA REVERSIBLE BCEADA  2x 3x2.0,PZ,3587.24
451305395,DISCO XPERT   C/D 230x6.4x22.2 O/A,PZ,3610.19
451301878,CUCHARA ROBLE P/ALBAÃ‘IL N. 7 MOCHA,PZ,3626.64
451305462,PINTURA MATRA AEROSOL TABACO,PZ,3634.32
451305223,ALAM PUAS 16-101 x 100 MT MINI BAGUAL,PZ,3703.387606139
451305348,HORM ALLEMANDI MIREX BOLSA 24x250GR,PZ,3706.52
450905731,MECHA EZETA CILINDRICA A/R 11.75 MM,PZ,3710.85
450804141,CABLE ACERO  5.0 MM 6 x  7+1,PZ,3712.4
450811494,PALA GHERARDI FORJ 1/2 L ANGOST C/C,PZ,3737.5
424572709,GUARDACABO GALV   1/4,PZ,3810
451305337,TORNILLO TIRAFONDO GALV 3/8 x4,PZ,3816.15
451305396,DISCO XPERT   MAQ SENS 300x3x25 O/A,PZ,3822.8
424591335,MECHA NEIKE WIDIA CORTA 14 MM,CJ,3888.66
424596625,GRIFERIA VENUS LAVAT SIMPLE BLANCO,PZ,3900
424596626,GRIFERIA VENUS DUCHA S/TRANS BLANCO,PZ,3900
424596627,GRIFERIA VENUS DUCHA C/TRANS CROMO,PZ,3900
451301336,CLAVO CAJ PULIDO FRACC  10- 25,PZ,3910.15
424589573,MECHA EZETA CILIND TITANIO  1.25 MM,PZ,3920
424589574,MECHA EZETA CILINDRICA A/R 20.00 MM,PZ,3920
424589575,MECHA EZETA CILIND TITANIO  1.00 MM,PZ,3920
424573982,MECHA EZETA CILIND TITANIO 11.00 MM,CJ,3940.37
450819858,AZADA FERCAS CARPIR N.00 100 MM,PZ,4000
424500489,GANCHO P/ARMARIO BCE 50 MM x 100,PZ,4005
450400666,CABO P/MARTILLO LABRADO 0.25 MT,PZ,4014.77
451305485,CEMENTO SIN TOLUENO x    1/8 LT,PZ,4032.56
450905343,CORREA SECCION A N.56,PZ,4040.8
451305197,RIEL DOBLE NEGRO  1.00 MT,PZ,4075
451305557,CEMENTO 101 DE CONTACTO x    1/4 LT,PZ,4090.32
424572303,CUCHARA ROBLE P/ALBAÃ‘IL N. 9,PZ,4116.51
451305338,TORNILLO TIRAFONDO GALV 3/8 x4 1/2,PZ,4190.07
450819192,ESCARDILLO PALA Y 2 PUAS 78 MM,PZ,4193.210864015
424593564,CHAIRA BIASSONI RAYADA  8 - 203 MM,PZ,4200
451305489,CINTA TEJ P/SILLON AMARILLO  x 100 MT,PZ,4277.47
451300588,MECHA EZETA COLA CONICA 49.00 MM,PZ,4322.4
451305490,CEMENTO SOPLETEABLE INCOL x 200 LT,PZ,4357.84
450815344,CLAVO P/PARIS FRACC  6,PZ,4379.76
451301276,BISAGRA T/1842 32 MM,PZ,4403.36
450801937,PITON C/TOPE CERRADO BCE 19-50 x100,PZ,4443.91
450818673,CLAVO C/CHATA 10-20,PZ,4485
451305561,CEMENTO 101 DE CONTACTO x 10     LT,PZ,4495.59
424504106,PINTURA MATRA AEROSOL PLATA,PZ,4500
451305677,MECHA EZETA CILINDRICA A/R  1.75 MM,PZ,4524.3
451305562,COLA A-10 SINTETICA x  1       KG,PZ,4530.93
451305623,MACHO URANGA A/RAPIDO NC  1/4  x 20,PZ,4545.37
451305624,MACHO URANGA A/RAPIDO NC    10 x 24,PZ,4545.37
451305559,CEMENTO 101 DE CONTACTO x  1     LT,PZ,4622.7
451305508,INSEC ALLEMANDI LIQ 12 x 1000 CM3,PZ,4629.73
451305510,COLA P-60 P/PISOS DE MAD x  5 KG,PZ,4629.73
451305625,MACHO URANGA A/RAPIDO NC     8 x 32,PZ,4629.73
451305626,MACHO URANGA A/RAPIDO NC     6 x 32,PZ,4629.73
451305491,COLA P-60 P/PISOS DE MAD x  1 KG,PZ,4642.65
450409266,TENDEDERO EXTENS 7 V 100 CM,PZ,4652.835167613
451305560,CEMENTO 101 DE CONTACTO x  4     LT,PZ,4657.47
424590527,MECHA EZETA WIDIA CORTA 10 MM,PZ,4669.06
422002167,CLAVO ESCUADRA PUL 19 -  50 x 100,PZ,4693.26
450409174,PASADOR PUERTA MADERA 22x180 CINC,PZ,4724.76299544
450409186,PASADOR PUERTA MADERA 22x180 BCEADO,PZ,4724.76299544
450816133,CLAVO C/CHATA  9-25,PZ,4746.77
424589682,CABO P/HACHITA 0.35 MT  VIZCAINA,PZ,4748.660199444
424592790,MAQ ZONTA PERF RTO-PRENSA,PZ,4770.14
450815963,BISAGRA REVERSIBLE PULIDA  2x 5x2.0,PZ,4789.83
451305680,MECHA EZETA CILINDRICA A/R  0.30 MM,PZ,4803.3
424500572,CLAVO CAJ PULIDO 14- 50 x 30 KG,PZ,4850
422502241,CAÃ‘O CONDUIT GALV   3/4 x 6.40 MT,PZ,4870
451305484,CEMENTO SIN TOLUENO x  50    CC,PZ,4883.57
451305678,MECHA EZETA CILINDRICA A/R  1.00 MM,PZ,4942.8
450806328,BRASERO FUNDICION 3 PATAS N.12,PZ,4956.68
450409176,PASADOR PUERTA MADERA 22x200 CINC,PZ,4959.538120634
450409178,MACETA MADERA N.2,PZ,4959.538120634
450409181,PINCEL CERDA P/MECANICO N.2,PZ,4959.538120634
450409187,BARRENO BIASSONI    5/8,PZ,4959.538120634
424500994,CLAVO ALBAÃ‘IL P/MARCO C/CORREDERA,PZ,5000
424590541,MECHA EZETA WIDIA LARGA 400 16 MM,PZ,5027.7
450409183,PINCEL CERDA P/MECANICO N.4,PZ,5060.106660523
450819397,CORTINA P/BAÃ‘O COMPLETA VIOLETA,PZ,5138
451300314,GANCHO J P/GALPON      1/4 x  80 MM,PZ,5140.18
450901124,BROCA MANUAL UR12 1/2,CJ,5154.24
424591773,MECHA EZETA WIDIA CORTA  3 MM,CJ,5210.34
450816528,MECHA EZETA CILINDRICA A/R  0.25 MM,PZ,5293.918506718
424588431,MAQ ZONTA RTO-GONIOMETRO,PZ,5316.278711228
424574520,PITON HO PUL ESCUAD  25 -  80 x  50,PZ,5348.42
450819474,ARGOLLA NIQUELADA 22 MM,PZ,5349.8
451301102,BISAGRA REVERSIBLE BCEADA 80x20x1.2,PZ,5373.78
424502015,CHAIRA BIASSONI RAYADA 10 - 254 MM,PZ,5385.94
450409184,PASADOR PUERTA MADERA 22x200 BCEADO,PZ,5428.397178307
45091152,ESPATULA S JUANA ENDUIR 180 MM,PZ,5450
424592460,MACHO TAP A/LAMINADO BSP 1/8 x 28,PZ,5493.28
424593813,MACHO URANGA A/ALEADO NC  3/8  x 16,PZ,5512
451305679,MECHA EZETA CILINDRICA A/R  0.35 MM,PZ,5557.5
424596189,PITON C/TOPE ESCUAD  BCE 21-70 x 50,PZ,5649.6
424596190,PITON C/TOPE ESCUAD  BCE 21-60 x 50,PZ,5649.6
424596191,PITON S/TOPE CERRADO BCE 14-20 x200,PZ,5649.6
424596192,PITON S/TOPE ABIERTO BCE 20-60 x 50,PZ,5649.6
424596193,PITON S/TOPE ABIERTO BCE 19-50 x 50,PZ,5649.6
424596194,PITON S/TOPE ABIERTO BCE 18-40 x100,PZ,5649.6
424596195,PITON S/TOPE ABIERTO BCE 17-35 x100,PZ,5649.6
424596196,PITON S/TOPE ABIERTO BCE 16-30 x200,PZ,5649.6
424596197,PITON S/TOPE ABIERTO BCE 15-25 x200,PZ,5649.6
424596198,PITON C/TOPE ESCUAD  BCE 23-80 x 25,PZ,5649.6
424573983,MECHA EZETA CILIND TITANIO  8.25 MM,CJ,5671.16
424589683,PERCHA PLAST AUTOADHESIVA GRANDE,PZ,5689.74
424573408,MECHA EZETA WIDIA LARGA 200  6 MM,PZ,5724.36
450409152,FRATACHO PINO 12 x 50 CM,PZ,5730.102797976
450409269,TEJ ROMBO MAGER 150x76x16x10 ML,PZ,5784.144867308
424594576,MACHO URANGA A/ALEADO BSPT 3/8 x 19,PZ,5816.8
450816220,BISAGRA 5005 PULIDA IMP  88 MM,PZ,5858.91
450409179,MACETA MADERA N.3,PZ,5864.194184494
450409182,PINCEL CERDA P/MECANICO N.3,PZ,5864.194184494
424594577,MACHO URANGA A/ALEADO BSPT 5/8 x 14,PZ,5869.6
422002125,CLAVO ESCUADRA PUL 18 -  40 x 100,PZ,5984.84
424596202,MECHA EZETA WIDIA LARGA 400 18 MM,CJ,6025.85
424593808,MACHO URANGA A/ALEADO NC    10 x 24,PZ,6038.33
450817485,MECHA EZETA COLA CONICA 47.75 MM,PZ,6040.57
451305350,HORM ALLEMANDI MIREX BOLSA 20x1  KG,PZ,6063.28
451305351,HORM ALLEMANDI MIREX BOLSA  4x5  KG,PZ,6063.28
451300637,CLAVO CAJ PULIDO 15- 50 x 30 KG,PZ,6137.9
422002187,CLAVO ESCUADRA PUL 16 -  40,PZ,6155.29
451305533,CINTA TEJ P/SILLON ROJO      x 100 MT,PZ,6172.15
450409168,CANILLA DUKE PVC ESF P/TAMBOR   1/2,PZ,6233.060696207
450409169,CANILLA DUKE PVC ESF P/TAMBOR   3/4,PZ,6233.060696207
451305466,PINTURA MATRA AEROSOL COBRE,PZ,6251
424573984,MECHA EZETA CILIND TITANIO  6.75 MM,CJ,6302.31
451301562,BISAGRA MOSQUERA HO EMPAVONADO,PZ,6309.9
451305352,HORM ALLEMANDI MIREX TARRO 24x200GR,PZ,6327
451305353,HORM ALLEMANDI LIQ  24 x  60 CM3,PZ,6327
450409264,TENDEDERO EXTENS 7 V  80 CM,PZ,6481.492600991
424599810,PITON HO PUL ESCUAD  24 -  80 x  50,PZ,6483.5
450409175,ABRAZ GALV CAÃ‘O ELECTRICIDAD 1 1/2,PZ,6487.995608894
450905987,ALAMB GDO A/R OVAL 16/14 INVENCIBLE,PZ,6508.4449176
424593807,MACHO URANGA A/ALEADO NC     8 x 32,PZ,6527.35
451301909,GANCHO J P/GALPON      1/4 x  60 MM,PZ,6535.9875
424588157,CLAVO ESPIRALADO FRACC  2,PZ,6542.6
424588158,CLAVO ESPIRALADO FRACC  3,PZ,6559.97
451404438,MAQ K-10 CORTA CERAMICO 33 CM,PZ,6587
450409170,CANILLA DUKE PVC ESF P/TAMBOR 1,PZ,6634.758861836
450816447,CLAVO ESCUADRA PUL 22 -  80 x  50,PZ,6800
450409171,PASADOR PUERTA MADERA 22x150 BCEADO,PZ,6835.895941615
450818670,BISAGRA REVERSIBLE PULIDA  2x 3x2.0,PZ,6925.62
424594578,MACHO URANGA A/ALEADO BSPT 1/2 x 14,PZ,6969.6
424572604,ALAMB REC NEGRO N.20 0.91 MM,PZ,6988.12
451305226,BISAGRA T 5 MODELO 522,PZ,7116.3
450409177,MACETA MADERA N.1,PZ,7152.462204634
450409172,PASADOR PUERTA MADERA 22x150 CINC,PZ,7304.870198074
450409173,ABRAZ GALV CAÃ‘O ELECTRICIDAD 2,PZ,7304.870198074
451301526,BARRETA SACACLAVOS 5/8  90 CM,PZ,7319.95
450819440,RIEL DOBLE NEGRO  3.00 MT,PZ,7333.92
450802743,PICO GHERARDI PALA-HACHA 102 MM,PZ,7473.4
424590524,MECHA EZETA CILIND TITANIO 11.50 MM,CJ,7550.4
450815480,CLAVO ACERO GALV 2.0 - 30 x 200,PZ,7592
450409265,TENDEDERO EXTENS 7 V  60 CM,PZ,7618.174779373
450409267,RIEL DOBLE NEGRO  2.50 MT,PZ,7618.174779373
450409268,RIEL DOBLE NEGRO  2.00 MT,PZ,7618.174779373
451305354,HORM ALLEMANDI LIQ  24 x 120 CM3,PZ,7718.18
451305355,HORM ALLEMANDI LIQ  12 x 250 CM3,PZ,7718.18
424573187,GANCHO CONTRA VIENTO 19 -  50 x 50,PZ,7814.3
424577278,CLAVO C/REDONDA 12-18,PZ,7822.37
451305221,ALAMBRE ESCOBERO N.20 0.91 MM,PZ,7836
451305682,MECHA EZETA CILINDRICA A/R  6.75 MM,PZ,7847.04
424583218,GANCHO CONTRA VIENTO 22 - 110 x 25,PZ,7952.88
451305589,TORNILLO TIRAFONDO GALV 1/4 x2 3/4,PZ,8002.8
451305590,CAÃ‘O HIDROCARBURO  4 -  8  x 50 MT,PZ,8002.8
451305591,CANDADO 606 65 MM,PZ,8002.8
450819115,MECHA EZETA CILINDRICA A/R 12.25 MM,PZ,8034.1
450409180,PINCEL CERDA P/MECANICO N.1,PZ,8062.187015064
451305588,CANDADO 606 50 MM,PZ,8062.64
450409185,GRAMPA PRENSA CABLE GALV   1/8,PZ,8108.957722046
424502295,CORREA SECCION A N.51,PZ,8204.63
451305219,MECHA EZETA CILINDRICA A/R  0.60 MM,PZ,8233.447562395
451305228,GRASERA MANO PICO HIDRAULICO   1 KG,PZ,8308.8
424589326,CLAVO ESPIRALADO 7      x 15 KG,PZ,8341.07
450815565,MECHA EZETA CILINDRICA A/R 15.00 MM,PZ,8341.44
451305230,GRASERA BALDE C/ALIMENTADOR 10 KG,PZ,8370.9
451305534,CINTA TEJ P/SILLON VERDE     x 100 MT,PZ,8377.1
450816433,ROLDANA CHAPA GALV 32 MM,PZ,8379.831591762
450409271,RIEL DOBLE NEGRO  0.50 MT,PZ,8407.929146487
450906027,MECHA EZETA CILINDRICA A/R  0.90 MM,PZ,8465.9
451301054,GANCHO J P/GALPON      1/4 x  70 MM,PZ,8470.08
450816281,CARCIMA 1018 PALITA ANCHA,PZ,8559.208725077
424593809,MACHO URANGA A/ALEADO NC    12 x 24,PZ,8628.2
450816450,CLAVO ESCUADRA PUL 23 -  60,PZ,8695.96
450814401,CADENA NUDO N. 8,PZ,8722.52
451305225,CABLE CORDON  1.5 MM 1 x  7 BOYERO,PZ,8829.9
451305231,GRASERA BALDE C/ALIMENTADOR  5 KG,PZ,8829.9
414010145,CLAVO ACERO GALV 1.7 - 25 x 400,PZ,8864.58
450805799,GANCHO J P/GALPON COMP 1/4 x  60 MM,PZ,8866.11
451305227,BISAGRA T 4 MODELO 521,PZ,8910
451305229,GRASERA MANO PICO HIDRAULICO 1/2 KG,PZ,8991
451300483,CLAVO ESPIRALADO 4      x 20 KG,PZ,9184.63
450818885,MECHA EZETA CILINDRICA A/R 10.75 MM,PZ,9437
450819441,AZADA FERCAS ALBAÃ‘IL C/OJO,PZ,9638.92
450400575,MECHA EZETA CILINDRICA A/R 15.50 MM,PZ,9775.71
450400583,ARCO SIERRA JUNIOR,PZ,9775.71
450400584,ARCO SIERRA EL ABUELO FIJO,PZ,9775.71
450400585,CABO P/MARTILLO LABRADO 0.30 MT,PZ,9775.71
450819642,MECHA EZETA COLA CONICA 42.50 MM,PZ,9817.9175
424588486,CLAVO ACERO ESC GALV 4.5 -110 x 50,PZ,10085.434244296
450409274,RIEL RTO-CORRED PLAST         x 100,PZ,10091.66396726
450819683,MECHA EZETA CILINDRICA A/R  7.50 MM,PZ,10096.62
450816310,BISAGRA 5005 PULIDA IMP  63 MM,PZ,10414.63
451305503,MACHO URANGA A/RAPIDO NC    12 x 24,PZ,10474.7
451305622,CAÃ‘O RIEGO GREEN   3/4 x 25 MT,PZ,10474.7
451305634,MACHO URANGA A/RAPIDO M 12 x 1.00,PZ,10474.7
424594575,MACHO URANGA A/RAPIDO BSP  3/4 x 14,PZ,10788.8
451305505,COLA X-36 P/MADERA DURA x 22 KG,PZ,11356.07
451305504,COLA X-36 P/MADERA DURA x  6 KG,PZ,11356.87
424520968,MACHO TAP A/LAMINADO NF  9/16 x 18,PZ,11500
424588625,MECHA BIASSONI P T E  1/2   LARGA,PZ,11978.54
424589700,CHAIRA BIASSONI LISA  6 - 152 MM,PZ,12110
451300366,MECHA EZETA COLA CONICA 47.50 MM,PZ,12144.07
450816454,GANCHO CONTRA VIENTO 27 - 170 x 10,PZ,12300
450409278,AZADA FERCAS CARPIR N.1  135 MM,PZ,12306.736930261
450819682,MECHA EZETA CILINDRICA A/R  7.75 MM,PZ,12375.71
450816387,CINTA EVEL 130 STANDARD    30 MT,PZ,12377.757242155
450816449,CLAVO ESCUADRA PUL 22 - 100,PZ,12519.68
450817507,CLAVO ALBAÃ‘IL P/MARCO T/CRUZ,PZ,12519.68
450409279,ACEITERA PLAST A FUELLE,PZ,12798.721666101
450409280,ACEITERA PLAST PICO RIGIDO 500 CM3,PZ,12798.721666101
450819684,MECHA EZETA CILINDRICA A/R  7.25 MM,PZ,13873.15
450906190,BISAGRA T 6 MODELO 523,PZ,14000
450817490,CINTA EVEL 150 STANDARD    50 MT,PZ,14341.141334191
424520925,MACHO TAP A/LAMINADO NF  5/8  x 18,PZ,14374.5
450818811,ESCARDILLO CORAZON Y 2 PUAS 59 MM,PZ,14500
450816361,CLAVO ESCUADRA PUL 20 -  50,PZ,15712.2
450819520,ARGOLLA NIQUELADA 20 MM,PZ,15829.6
451305683,MECHA EZETA CILINDRICA A/R  6.50 MM,PZ,16112.64
451301590,MECHA EZETA CILINDRICA A/R 17.50 MM,PZ,16471.43
451305684,MECHA EZETA CILINDRICA A/R 11.00 MM,PZ,16497.6
451301516,MECHA EZETA COLA CONICA 46.25 MM,PZ,16695.06
451301274,CADENA P/PERRO N.12 LARGO 1.40 MT,PZ,17490.3
450409082,MECHA EZETA CILINDRICA A/R 11.25 MM,PZ,17565.03
450819561,MECHA EZETA COLA CONICA 44.25 MM,PZ,17585.868800911
451408989,CLAVO ESPIRALADO FRACC  1 1/2,PZ,17616.018514714
424594156,MACHO URANGA A/ALEADO NC  9/16 x 12,PZ,17668.59
451404400,PITON HO PUL ESCUAD  22 -  50 x 100,PZ,17883.13
450817477,CINTA EVEL 205 PROFESIONAL  5 MT,PZ,18032.99
450810589,CLAVO ESCUADRA PUL 20 -  80,PZ,18200
424594305,BROCA MANUAL - MANGO BTU14 1/4,PZ,18502.59
451301367,BISAGRA 5005 PULIDA IMP  76 MM,PZ,19325.42
424594155,MACHO URANGA A/ALEADO NC  1/2  x 13,PZ,20251.43
450816480,GRAMPA COBREADA ANCHO  9 MM,PZ,20656.8
450816500,RIEL DOBLE NEGRO  1.50 MT,PZ,21905.43
424594154,MACHO URANGA A/ALEADO NC  7/16 x 14,PZ,22272.98
451301057,BISAGRA 5005 PULIDA IMP 101 MM,PZ,25183.6
450816360,CLAVO ESCUADRA PUL 20 -  40,PZ,27719.091
450819519,ARCO SIERRA EL ABUELO FIJ RTO-PERNO,PZ,27931.47
451305676,MECHA EZETA CILINDRICA A/R  7.00 MM,PZ,30466.8
451305216,CABLE CORDON  3.0 MM 1 x  7,PZ,32784.630620967
450817530,CLAVO C/CHATA 17-75,PZ,32850
450806325,MECHA EZETA COLA CONICA 48.50 MM,PZ,35839.59
450819643,AZADA FERCAS CARPIR N.2  145 MM,PZ,37127.997
424589323,CLAVO ESPIRALADO FRACC  7,PZ,37597
424595328,MACHO TAP A/LAMINADO NF  1/2  x 20,PZ,38289.9
450806302,CLAVO PUNTA PARIS 2 1/2  x 20 KG,PZ,38345.29
450815610,BRASERO FUNDICION RTO-REJA,PZ,38872.08
451301592,CLAVO PUNTA PARIS 3      x 20 KG,PZ,43639.6
450812497,CINTA EVEL 225 PROFESIONAL 25 MT,PZ,45734.41
424596531,PITON C/TOPE ESCUAD  BCE 19-50 x100,PZ,49855
450815618,BRASERO FUNDICION 3 PATAS N.11,PZ,51829.44
450817522,CLAVO PUNTA PARIS 2      x 20 KG,PZ,58240.351078716
451404444,GANCHO J P/GALPON      1/4 x  90 MM,PZ,60500
450815608,BISAGRA 5005 PULIDA IMP  38 MM,PZ,61428.5
450819644,ARANDELA FICHA BRONCEADA  7.0 MM,PZ,62931.572927467
450409263,ESPATULA S JUANA PINTOR 50 MM,PZ,68545.235852573
451305220,GRASERA BALDE C/ALIMENTADOR  3 KG,PZ,68944
424521439,MACHO URANGA A/ALEADO NF 1     x 12,KT,73552.5
450804267,PITON HO PUL ESCUAD  26 - 110 x  25,PZ,79354.11
450819256,GARRAFAS 2 KG,PZ,85721.449336252
451301879,CUCHARA ROBLE P/ALBAÃ‘IL N. 6,PZ,105000
451403892,PALA MAGER ANCHA     C/LARGO,PZ,130419.676704558
450816368,CLAVO ESCUADRA PUL 20 -  60 x 100,PZ,134442
450812019,PITON HO PUL ESCUAD  17 -  35 x 200,PZ,160895.09
451408981,GRAMPA P/CERCO  9-32 MM,PZ,203276.399074992
451408982,GRAMPA P/CERCO  8-45 MM,PZ,439603.508424183
