Description,Item,Unit,Cost
GANCHO ESTIRA TEJ GALV 3/8  x  8,450701238,PZ,0.01
SELLADOR S-28 SILIC NEGRO   50 GR,450818976,PZ,0.01
MECHA EZETA COLA CONICA 18.25 MM,450818977,PZ,0.01
MARTILLO 2235 CHAPISTA DIAM 35,450800832,PZ,0.1
PALANQ  LAMINADA 1010  50.80 MM,450801110,PZ,0.21
MENSULA DOBLE BLANCA 170 MM,450800175,PZ,0.23
MECHA EZETA CILIND TITANIO 10.50 MM,424582395,PZ,0.25
CADENA ENGANCHE N. 6 HO BRONCEADO,424570573,CJ,0.38
PALANQ  LAMINADA 1045  63.50 MM,450812520,PZ,0.4
MACHO URANGA A/ALEADO M 22 x 1.50,424504541,PZ,0.44
MECHA NEIKE WIDIA LARGA 400 14 MM,424572731,PZ,0.48
CLAVO CAJ PULIDO FRACC  15- 50,424560033,PZ,0.51
MENSULA DOBLE ALUM   270 MM,424562533,PZ,0.52
ABRAZ AMERICANA 3011/5 120 - 135 MM,450802490,PZ,0.62
CADENA MAGER TORCIDO CORTO N. 35,450805692,PZ,0.72
ARAND NEOPREN CHICA  16 MM,450305078,PZ,0.736
POLIET ECO 3 x 200 x  50 NEGRO,450812675,PZ,0.77
GUARDACABO GALV   7/8,450801118,PZ,1.04
CUCHARA GHERARDI FORJ N. 6,450814332,PZ,1.04
DESTAPACAÃ‘ERIA CINTA ACERO 20 MT,450800316,PZ,1.13
MECHA EZETA COLA CONICA  7.50 MM,450804512,PZ,1.22
MECHA FIBRA DE VIDRIO 10.2 MM,450812933,PZ,1.25
MENSULA DOBLE NEGRA  570 MM,424581756,PZ,1.29
MENSULA DOBLE ECO BLANCA 370 MM,424561778,PZ,1.31
MARTILLO 2240 CHAPISTA DIAM 40,424575454,PZ,1.32
BIS T/MUNICION C/AGUJ PUL  100x75,424572860,PZ,1.35
MECHA EZETA WIDIA BOSCH  8 x 460 MM,424560978,PZ,1.42
LIJA AA GOLD 24K  G.180,424560199,PZ,1.58
MENSULA DOBLE BLANCA 270 MM,450800669,PZ,1.61
CLAVO CAJ PULIDO FRACC  17- 75,424560260,PZ,1.74
LIJA AA FENOB G. 80   120 x 45000,450811958,PZ,1.76
MECHA EZETA COLA CONICA 24.50 MM,464502648,PZ,1.77
LLANA VOSS 2000 PLASTICA  6 x  6,450802605,PZ,1.84
PALA GHERARDI FORJ POCERA ESCOC C/C,424580280,PZ,1.88
CADENA P/PERRO N.11 LARGO 1.40 MT,450905532,PZ,1.88
CADENA P/PERRO N.10 LARGO 1.40 MT,450905533,PZ,1.88
PICO GHERARDI PTA-PALA  75 MM,424595752,PZ,1.97
GRAMPA PRENSA CABLE GALV   5/8,450800178,PZ,1.97
MACHO URANGA A/RAPIDO NF     6 x 40,450813672,PZ,2.01
RIEGO LLUVIA  ACOPLE ESPIGA,464502587,PZ,2.03
MECHA EZETA COLA CONICA 34.25 MM,450806145,PZ,2.17
MECHA BIASSONI P T E  5/16  LARGA,450810672,PZ,2.18
BANDA AA TELA  75x533 O/A MAD G.120,450811951,PZ,2.2
MALLA ACINDAR 50x 50x2.6MM 1.2x24MT,450800822,PZ,2.23
PICO GHERARDI PTA-PALA  62 MM,450811781,PZ,2.23
MENSULA DOBLE ECO BLANCA 170 MM,424562201,PZ,2.25
MECHA EZETA COLA CONICA  8.00 MM,450812628,PZ,2.26
LIJA AA GOLD 24K  G.150,424563350,PZ,2.3
ROLDANA CHAPA GALV 25 MM,450905534,PZ,2.31
MAQ HORMIGONERA RTO-TAMBOR C/R,450905535,PZ,2.31
GANCHO J P/GALPON COMP 1/4 x 100 MM,450814096,PZ,2.33
MACHO URANGA A/ALEADO NC  3/4  x 10,450813518,PZ,2.34
SIFON P/BACHA SIMPLE DIAM 50 MM,450814075,PZ,2.34
MACHO URANGA A/RAPIDO NF     8 x 36,464502668,PZ,2.35
MENSULA DOBLE BLANCA 570 MM,450800648,PZ,2.36
MECHA EZETA COLA CONICA 35.25 MM,450801828,PZ,2.44
ALAMB REC NEGRO N.12 2.64 MM,424581721,PZ,2.45
CLAVO P/PARIS FRACC  2 1/2,450802774,PZ,2.46
TOR P/MECHA C/FIJAD-PHIL  6 x   3/8,450803608,PZ,2.53
TOR P/MECHA C/FIJAD-PHIL 10 x 1 1/4,450803190,PZ,2.58
PALA GHERARDI T/CAMPING,450813521,PZ,2.58
CABALLETE TELESCOPICO HASTA 2 MT,450810567,PZ,2.6
SELLADOR S-28 SILIC BLANCO  50 GR,450804356,PZ,2.7
MECHA EZETA COLA CONICA  7.75 MM,450804547,PZ,2.74
BANDA AA TELA  75x533 O/A MAD G. 80,450811956,PZ,2.74
MACHO URANGA A/ALEADO NF  5/8  x 18,450812888,RL,2.75
MECHA EZETA COLA CONICA 23.00 MM,450801211,PZ,2.8
CLAVO PUNTA PARIS 1      x 20 KG,450814626,PZ,2.8
MECHA EZETA CILIND TITANIO 10.75 MM,424585821,PZ,2.84
MECHA EZETA COLA CONICA 18.50 MM,450813581,PZ,2.85
TENDEDERO EXTENS 9 V  45 CM,424588529,PZ,2.86
MECHA EZETA COLA CONICA  6.75 MM,450812146,PZ,2.89
MECHA EZETA DOBLE PUNTA 5.10 MM,424590713,PZ,2.91
SOGA ELASTICA 6 MM,450801209,PZ,2.91
MECHA NEIKE WIDIA LARGA 250  6 MM,450801210,PZ,2.91
ELECTRODO ESAB P/AZUL 3.25 MM,450801938,PZ,2.95
ROLDANA CHAPA GALV 50 MM,450810826,PZ,2.97
TELA MOSQ ALUM UNIV 1.22 x 30.0 MT,450814105,PZ,3.01
CLAVO PUNTA PARIS 1 1/2  x 20 KG,450813306,PZ,3.07
CADENA P/PERRO N.17 LARGO 1.70 MT,424582271,PZ,3.09
VIRUTA ACERO MEDIANA x 330 GR,450813497,PZ,3.11
ABRAZ A/INOXIDABLE 5506 12 - 16 MM,450802711,PZ,3.12
GRAMPA P/CAJONERO 14-20,450801213,PZ,3.17
CABLE CORDON  1.8 MM 1 x 19 BICI,450810706,PZ,3.19
TOR P/MECHA C/FIJAD-PHIL 10 x 1 1/2,450817150,PZ,3.2
CLAVO CAJ PULIDO FRACC  12- 35,413050011,PZ,3.23
MACHETE GHERARDI N.14  355 MM,424596137,PZ,3.3
MECHA EZETA CILIND TITANIO  4.75 MM,424560356,PZ,3.33
MECHA EZETA WIDIA CORTA 25 MM,424590714,PZ,3.39
GRAMPA PRENSA CABLE GALV   3/4,450812359,MT,3.42
GUANTE LATEX P/CORTO  8 1/2,450805555,PZ,3.45
CEPILLO ACERO CIRCULAR  7x1,450802863,PZ,3.58
BROCA MANUAL UR14 1/4,450804355,PZ,3.59
MECHA MAX PLANA P/MAD 1  1/4,500000964,PZ,3.62
MECHA EZETA COLA CONICA 29.75 MM,450812484,PZ,3.69
GANCHO P/CAÃ‘O ESTRUCT 30 x 100,424582668,BA,3.73
SEMILLA REFORZADA N. 7,450814104,PZ,3.74
MECHA MAX PLANA P/MAD    5/8,500000961,PZ,3.76
MECHA MAX PLANA P/MAD 1  1/2,500000962,PZ,3.76
MECHA MAX PLANA P/MAD 1  3/8,500000963,PZ,3.76
TIJERA GHERARDI CORTA PERNOS 30,450801074,PZ,3.8
MAQ ZONTA RTO-TRAZADOR,450814042,PZ,3.84
DISCO AA GOLD    6 PERF 154  G.220,450802475,PZ,3.87
POLIET SIXCOM 2 x 100 x 100 NEGRO,450810878,PZ,3.91
CLAVO CAJ PULIDO FRACC  12- 28,413050019,PZ,3.94
TOR P/MECHA C/FIJAD-PHIL  8 x 1 1/4,450812887,RL,3.97
COLLAR SUELA N.21 LISO - 46 CM,424582126,PZ,4.03
ALAMB REC NEGRO N.18 1.22 MM,424582170,PZ,4.05
TENDEDERO T/CALESITA C/BASE CEMENTO,450800824,PZ,4.06
GANCHO CONTRA VIENTO 27 - 210 x 10,450817147,PZ,4.06
MECHA EZETA COLA CONICA 33.50 MM,450801827,PZ,4.07
MECHA EZETA WIDIA BOSCH 18 x 460 MM,450812625,PZ,4.08
CLAVO CAJ PULIDO 13- 40 x 30 KG,450811648,PQ,4.12
CLAVO ESCUADRA PUL 16 -  35,450905817,PZ,4.13
TENDEDERO PIE PLEG 8 V ALAMB SIMPLE,450800823,PZ,4.14
MECHA EZETA COLA CONICA  7.00 MM,450812629,PZ,4.16
CABLE CORDON  2.5 MM 1 x 19,450811256,HJ,4.17
TOR P/MECHA C/FIJAD-PHIL 10 x 1,450803779,PZ,4.19
MECHA EZETA COLA CONICA 10.75 MM,450812648,PZ,4.21
GRILLETE FORJ GALV   3/4  x   7/8,450813516,PZ,4.23
CABLE ACERO  4.0 MM 6 x  7+1,424560466,PZ,4.26
CORTAFRIO GHERARDI HEXAG 18-21 300,450805556,PZ,4.28
MARTILLO 2227 CHAPISTA DIAM 27,450802775,PZ,4.31
PITON S/TOPE CERRADO P/TACO  4 x100,450800766,PZ,4.33
CINTA TEFLON    1/2 x 20 MT,450812342,PZ,4.34
CLAVO ESCUADRA PUL 21 -  60,450813110,PZ,4.37
MACHO URANGA A/RAPIDO NF     5 x 44,450813688,PZ,4.4
MECHA EZETA COLA CONICA 19.50 MM,450804513,PZ,4.42
LLANA VOSS 2000 PLASTICA  9 x  9,450805672,PZ,4.45
MECHA EZETA COLA CONICA 11.25 MM,450813103,PZ,4.47
MECHA EZETA COLA CONICA 13.75 MM,450811930,PZ,4.48
MECHA EZETA WIDIA BOSCH 20 x 460 MM,450804907,PZ,4.49
MACHO URANGA A/ALEADO NF  9/16 x 18,424584835,PQ,4.52
ALAMB REC NEGRO N.21 0.81 MM,424562121,PZ,4.53
GUARDACABO GALV   7/16,450802206,PZ,4.54
MECHA EZETA WIDIA BOSCH 10 x 350 MM,424560204,PZ,4.57
CEPILLO ALAMBRE ACERO  C/MANGO 3x19,450814785,PZ,4.61
CUCHARA GHERARDI FORJ N. 8 ROMA,450905572,PZ,4.87
MECHA EZETA COLA CONICA 37.25 MM,450803783,PZ,4.93
MECHA EZETA COLA CONICA 10.00 MM,450804535,PZ,4.93
TABLA PLANCHAR STANDARD C/MANGUERO,424564160,PZ,4.97
MECHA EZETA COLA CONICA 20.00 MM,450805097,PZ,5.13
GANCHO P/CAÃ‘O ESTRUCT 40 x 150,424582140,PQ,5.14
ALAMB REC NEGRO N.11 2.94 MM,424591593,PZ,5.19
CADENA NUDO N.13,450814043,PZ,5.2
HILO DE POLIP P/ARROLLADORA,424582146,PQ,5.29
MECHA EZETA COLA CONICA  8.75 MM,450813104,PZ,5.29
LIJA AA FENOB G. 80   150 x 45000,450810708,PZ,5.3
MECHA MAX PLANA P/MAD    5/16,500001062,PZ,5.32
MECHA MAX PLANA P/MAD   11/16,424501095,PZ,5.35
CADENA P/PERRO N.12 LARGO 1.70 MT,424560465,PZ,5.35
TENDEDERO ABANICO VERTICAL,450811257,HJ,5.37
ALAMB REC NEGRO N.13 2.33 MM,424591980,PZ,5.39
PITON C/TOPE ESCUAD  BCE 18-45 x100,424593750,PZ,5.43
MECHA EZETA COLA CONICA 17.75 MM,450810480,PZ,5.43
MECHA EZETA COLA CONICA 28.50 MM,450802603,PZ,5.46
CINTA EVEL 5004 LLAVERO 1 MT,424570826,PZ,5.57
MECHA EZETA WIDIA BOSCH 22 x 460 MM,450812634,PZ,5.57
PITON S/TOPE CERRADO P/TACO  6 x 50,450814770,PZ,5.62
TELA M/SOMBRA 100 MT NEGR-VERDE 80%,424501094,PZ,5.64
ALAMB REC NEGRO N. 9 3.66 MM,424591982,PZ,5.64
ALAMB REC NEGRO N.10 3.25 MM,424591983,PZ,5.64
CEPILLO ACERO CIRCULAR  6x1,450804718,PZ,5.65
CUCHARA GHERARDI FORJ N. 7 ROMA,450811340,PZ,5.65
MECHA EZETA COLA CONICA  8.50 MM,450812618,PZ,5.68
PITON C/TOPE CERRADO BCE 21-60 x 50,450600057,PZ,5.69
MECHA EZETA WIDIA CORTA  4 MM,424566103,PZ,5.71
MECHA EZETA CILIND TITANIO  8.50 MM,424580976,PZ,5.71
CLAVO P/PARIS FRACC  1 1/2,450814364,PZ,5.81
ALAMB REC NEGRO N.14 2.03 MM,424591594,PZ,5.82
MECHA EZETA COLA CONICA 15.00 MM,450804722,PZ,5.83
CLAVO C/CHATA  9-30,413052648,PZ,5.97
LEBRILLO CHAPA GALV REF N.18  25 LT,424583889,PZ,5.98
CLAVO CAJ PULIDO 12- 35 x 30 KG,424572660,PZ,6.05
GUARDACABO GALV   5/8,450802726,PZ,6.15
MAQ HORMIGONERA RTO-PIÃ‘ON,450814365,PZ,6.17
MECHA MAX PLANA P/MAD    9/16,500001051,PZ,6.17
MECHA MAX PLANA P/MAD 1  1/8,500001052,PZ,6.17
MECHA NEIKE WIDIA CORTA  6 MM,500001053,PZ,6.17
ALAMB REC NEGRO N.15 1.83 MM,424591984,PZ,6.2
MACHO URANGA A/RAPIDO M 22 x 2.00,450803609,PZ,6.24
CORREA SECCION A N.54,424560054,PZ,6.29
MECHA EZETA WIDIA LARGA 200 14 MM,424591065,PZ,6.33
DESTAPAPILETA EL ABUELO CINTA 10 MT,424582149,PQ,6.34
CLAVO CAJ PULIDO FRACC  12- 38,424570602,PZ,6.35
LIJA AA COLORADO RUBI G.220 E/F,450801339,PZ,6.39
LIJA AA FENOB G. 50   120 x 45000,450814363,PZ,6.4
MECHA EZETA COLA CONICA  9.25 MM,450818534,PZ,6.4
MECHA EZETA WIDIA BOSCH 20 x 300 MM,450812624,PZ,6.43
ADAP POZIDRIVE P/AUTOPERF 2 x 25 MM,450802195,PZ,6.44
MECHA EZETA CILIND TITANIO 13.00 MM,424585820,PZ,6.48
MACHO URANGA A/ALEADO NF   10  x 32,500000915,PZ,6.5
MACHO URANGA A/ALEADO NF  5/16 x 24,500000916,PZ,6.5
MACHO URANGA A/ALEADO NF  1/4  x 28,500000917,PZ,6.5
MACHO URANGA A/ALEADO NF   12  x 28,500000918,PZ,6.5
CINTA PASACABLES FLEJE 20 MT,450814404,PZ,6.52
CANILLA RTO-PICO BCE CROMADO   1/2,424583634,PZ,6.54
MACHO TAP A/LAMINADO NF  1/4  x 28,450817151,PZ,6.54
CORREA SECCION A N.50,424589638,PZ,6.59
MECHA EZETA COLA CONICA 10.50 MM,450811768,PZ,6.66
MENSULA DOBLE ECO NEGRA  170 MM,424560093,PZ,6.72
GANCHO CONTRA VIENTO 25 - 200 x 15,450803780,PZ,6.72
MACHO URANGA A/ALEADO M 10 x 1.25,500000642,UD,6.77
MACHO URANGA A/ALEADO M 12 x 1.00,500000643,UD,6.77
CINTA EVEL 5005 LLAVERO 1 MT -FRENO,424590149,PZ,6.79
NIVEL EVEL ALUMINIO 100 CM,450801389,PZ,6.83
MAQ ZONTA RTO-ALMOHADILLAS 33/42,450803590,PZ,6.86
GRIFERIA VENUS DUCHA C/TRANS BLANCO,424562167,PZ,6.93
CLAVO CAJ PULIDO FRACC  12- 25,413050707,PZ,6.99
MECHA EZETA COLA CONICA  6.00 MM,450813105,PZ,7.02
HERRADURA ACANALADA PESADA C/CLIP 0,450801071,PZ,7.04
RIEGO PISTOLA ACOPLE ESPIGA,450811844,PZ,7.04
HERRADURA ACANALADA PESADA 2,450817075,PZ,7.07
BANDA AA TELA  75x610 O/A MAD G. 40,424591985,PZ,7.11
MECHA EZETA COLA CONICA 31.50 MM,450801056,PZ,7.11
MECHA EZETA COLA CONICA 29.25 MM,450801057,PZ,7.11
MENSULA DOBLE ALUM   170 MM,424561178,PZ,7.27
SELLADOR APLICADOR A CREMALLERA IMP,450810676,PZ,7.39
MAQ ZONTA RTO-TORNILLO DE REGISTRO,450811816,PZ,7.73
GANCHO CONTRA VIENTO 18 -  30 x 50,450802606,PZ,7.77
BOMBA DE ALUMINIO P/TRASVASE,450811068,PZ,7.8
CLAVO C/CHATA  8-20,450813402,PZ,7.94
ADAP HEXAG P/AUTOPERF  1/4 x 65 MM,450812658,PZ,8.07
MECHA EZETA DOBLE PUNTA 3.75 MM,424560208,PZ,8.1
CALENTADOR P/GAS MINI ENLOZADO,450818515,PZ,8.11
CARRETILLA CUART MAGER C/PLATO PLAST,450811902,PZ,8.22
CABO P/LIMA PLANA     200 A 250 MM,424580160,EN,8.27
CUCHARA ROBLE P/ALBAÃ‘IL N.10,424580159,PZ,8.32
MAQ ZONTA RTO-RUEDA INCIDORA,450814041,PZ,8.32
ABRAZ AMERICANA 3004    40 -  55 MM,450806012,PZ,8.42
MECHA EZETA WIDIA BOSCH  8 x 110 MM,424560055,PZ,8.45
ARCO SIERRA CARNICERO RTO-HOJA 620,424560248,PZ,8.45
BIS FICHA P/SOLD REF  90-22   x 1.5,450802712,PZ,8.46
ADAP PHILLIPS P/AUTOPERF  2 x 25 MM,424575370,PZ,8.47
ANAFE 2 HORN ENLOZ C/ROB GAS ENV,424504957,PZ,8.52
RUEDA GOMA     MACIZA P/CARRETILLA,450817146,PZ,8.61
MECHA EZETA COLA CONICA 41.50 MM,450810499,PZ,8.66
MECHA EZETA COLA CONICA 37.00 MM,424581729,PZ,8.72
MECHA EZETA COLA CONICA  5.50 MM,450813106,PZ,8.75
CAÃ‘O CRISTAL 10 - 13  x  50 MT,424560799,PZ,8.79
CABLE ACERO  9.5 MM 6 x  7+1,450804900,PZ,8.81
CABLE ACERO  3.0 MM 6 x  7+1,424570551,PZ,8.84
RIEGO KIT MANGUERA 1/2 x 20 MTS,424570585,PZ,8.84
MECHA EZETA WIDIA LARGA 400 25 MM,424582538,JG,8.84
SOGA ELASTICA 8 MM,450600023,PZ,8.84
MECHA EZETA COLA CONICA 28.25 MM,450802616,PZ,8.85
CORTAFRIO GHERARDI CHATO 12-25 350,450814749,PZ,8.85
CLAVO ESCUADRA PUL 23 -  70,450900454,PZ,8.89
CORREA SECCION A N.30,450813806,PZ,8.92
PITON HO PUL ESCUAD  24 -  90 x  50,424598071,PZ,8.93
CADENA P/PERRO N.13 LARGO 2.20 MT,424560155,PZ,8.94
COLLAR SUELA N.19 LISO - 41 CM,424560157,PZ,8.94
MECHA EZETA COLA CONICA 22.25 MM,450800366,MT,8.95
CINTA TEFLON    3/4 x 10 MT,450812343,PZ,8.96
MACHO URANGA A/RAPIDO NF     3 x 56,424570579,PZ,9.04
MECHA EZETA COLA CONICA 12.75 MM,450811928,PZ,9.17
MECHA EZETA WIDIA BOSCH 12 x 210 MM,424561523,PZ,9.22
CLAVO C/PERDIDA  6-16,450812732,PZ,9.24
MECHA EZETA COLA CONICA 11.50 MM,450801392,PZ,9.27
CLAVO CAJ PULIDO 12- 38 x 30 KG,450818407,PZ,9.34
MECHA EZETA WIDIA LARGA 400 13 MM,424582142,PZ,9.36
RIEGO LANZA   ACOPLE RAPIDO,450814783,PZ,9.36
CABLE ACERO  5.0 MM 6 x 19+1,424502303,PZ,9.5
PITON S/TOPE ESCUAD  P/TACO  4 x100,450802702,PZ,9.54
MACHO URANGA A/ALEADO NPT 1/8 x 27,450811013,PZ,9.54
MECHA EZETA WIDIA BOSCH 14 x 460 MM,450813716,PZ,9.61
CLAVO CAJ PULIDO FRACC  14- 40,424572020,PZ,9.63
MECHA EZETA COLA CONICA  9.75 MM,450814642,PZ,9.65
SOGA TRENZ P/MOTOR EXPL 5.00 MM,424573016,PZ,9.67
MACHO URANGA A/RAPIDO NF     4 x 48,424570578,PZ,9.71
MECHA FIBRA DE VIDRIO 15.2 MM,450813304,PZ,9.81
CLAVO ESPIRALADO 3      x 20 KG,424566149,PZ,9.9
TELA M/SOMBRA  50 MT NEGRO      80%,450302417,PZ,9.93
ARAND NEOPREN GRANDE 26 MM,450812949,PZ,9.98
CHAIRA BIASSONI RAYADA 12 - 305 MM,450814099,PZ,10
CLAVO ALBAÃ‘IL P/MARCO T/ESCUADRA,450803471,PZ,10.04
MECHA EZETA COLA CONICA 36.25 MM,450814068,PZ,10.05
CADENA P/PERRO N.12 LARGO 2.20 MT,450300292,PZ,10.21
MECHA EZETA COLA CONICA 21.25 MM,450811115,PZ,10.22
PITON S/TOPE ABIERTO P/TACO  5 x 50,424560619,PZ,10.25
MECHA EZETA WIDIA BOSCH 24 x 250 MM,450813107,PZ,10.25
MECHA EZETA COLA CONICA 37.50 MM,450813224,PZ,10.34
CADENA ENGANCHE N.13 ESCALERA,424582155,PQ,10.38
MECHA EZETA COLA CONICA 34.50 MM,450800649,PZ,10.4
GRIFERIA VENUS COCINA MESADA CROMO,450801809,PZ,10.43
GRIFERIA VENUS LAVAT C/MEZC CROMO,451000088,PZ,10.52
MACHO URANGA A/ALEADO NC  5/8  x 11,450803301,PZ,10.77
MACHO URANGA A/ALEADO M 24 x 1.50,450802611,PZ,10.87
BANDA AA TELA  75x610 O/A MAD G. 60,450814771,PZ,11.52
ALAMB REC NEGRO N. 8 4.06 MM,424561502,PZ,11.54
CABLE ACERO  6.0 MM 6 x 19+1,450814336,PZ,11.69
POLIET SIXCOM 4 x 200 x  50 NEGRO,450810675,PZ,11.76
CLAVO CAJ PULIDO 12- 40 x 30 KG,450817152,PZ,11.78
CUCHARA GHERARDI FORJ N. 7,450813273,PZ,11.79
MENSULA DOBLE NEGRA  470 MM,424580251,PZ,11.83
MECHA EZETA WIDIA BOSCH 22 x 350 MM,450813141,PZ,11.95
CLAVO ESCUADRA PUL 25 -  90,413050160,PZ,12
GANCHO CONTRA VIENTO 19 -  60 x 50,450905818,PZ,12
CLAVO ESPIRALADO 2      x 20 KG,450816473,PZ,12.07
TOR P/MECHA C/HEXAG  C/A 14 x 1 1/2,424564462,PZ,12.17
MECHA EZETA COLA CONICA 27.50 MM,450801554,PZ,12.22
BANDA AA TELA  75x610 O/A MAD G. 80,450801073,PZ,12.25
ARCO SIERRA CARNICERO C/HOJA 800 MM,424582640,PQ,12.35
GUANTE LATEX P/LARGO GRANDE,424594391,PZ,12.36
RIEL DOBLE BLANCO 3.00 MT,450811240,PZ,12.4
CORTAFRIO GHERARDI HEXAG 18-21 400,450803059,PZ,12.42
MAQ ZONTA RTO-ESCUADRA DESPLAZABLE,450814763,PZ,12.48
MECHA EZETA COLA CONICA 32.25 MM,450800661,PZ,12.49
LIJA AA COLORADO RUBI G. 60 GRU,450801734,PZ,12.5
PALA GHERARDI FORJ RECTA CESPED C/C,450814106,PZ,12.54
MECHA EZETA WIDIA CORTA 20 MM,424560209,PZ,12.61
GANCHO P/CAÃ‘O ESTRUCT 40 x 120,424582599,BK,12.62
MECHA EZETA COLA CONICA 30.00 MM,450810554,PZ,12.81
PITON HO PUL ESCUAD  22 -  70 x 100,424560961,PZ,12.83
CORREA SECCION A N.52,424582639,PQ,12.84
MECHA NEIKE WIDIA LARGA 250 14 MM,450813657,PZ,13
CINTA EVEL 103 BOX          3 MT,424560077,PZ,13.06
GANCHO P/CAÃ‘O ESTRUCT 50 x 120,424560034,PZ,13.1
ADAP POZIDRIVE P/AUTOPERF 1 x 50 MM,450817317,PZ,13.22
MECHA EZETA COLA CONICA  5.75 MM,450813641,PZ,13.28
MECHA EZETA DE CENTRAR 2.50 MM,424582147,PQ,13.34
MECHA EZETA COLA CONICA 32.75 MM,424580197,PZ,13.45
DISCO AA NO PAST 6 PERF 154  G.400,424595782,PZ,13.48
DISCO AA NO PAST 6 PERF 154  G.500,424595783,PZ,13.48
DISCO AA GOLD    6 PERF 154  G. 80,424595784,PZ,13.48
DISCO AA NO PAST 6 PERF 154  G.280,424595785,PZ,13.48
DISCO AA NO PAST 6 PERF 154  G.320,424595786,PZ,13.48
DISCO AA GOLD    6 PERF 154  G.120,424595787,PZ,13.48
DISCO AA NO PAST 6 PERF 154  G.360,424595789,PZ,13.48
CORTAFRIO GHERARDI CHATO 12-25 200,450803198,PZ,13.51
HILO ALGODON CRUDO 10 x  40 GR,424580004,PZ,13.52
PALA GHERARDI FORJ 1/2 L ANCHA  C/L,450805736,PZ,13.57
MECHA EZETA COLA CONICA 23.75 MM,450805540,PZ,13.83
MECHA EZETA WIDIA BOSCH 16 x 460 MM,450812613,PZ,13.94
CADENA ENGANCHE N. 7 HO NIQUELADO,424581698,PQ,14.01
DISCO AA GOLD    6 PERF 154  G.600,450801119,PZ,14.47
GRAMPA PRENSA CABLE GALV   3/8,424560611,PZ,14.49
MECHA EZETA CILINDRICA A/R 17.75 MM,424589521,PZ,14.49
MACHO URANGA A/RAPIDO NF  5/16 x 24,424593601,PZ,14.49
CADENA P/PERRO N.17 LARGO 2.20 MT,424560612,PZ,14.56
MENSULA DOBLE ECO NEGRA  270 MM,424565543,PZ,14.56
MENSULA DOBLE ECO NEGRA  370 MM,424565545,PZ,14.56
CAÃ‘O CRISTAL  7 - 10  x  50 MT,424599962,PZ,14.56
ALAMB REC NEGRO N.17 x 1 KG,450812886,RL,14.65
CACEROLA FUND S/ENLOZAR N. 5,424560247,PZ,14.79
CLAVO CAJ PULIDO FRACC  14- 45,424561473,PZ,14.82
PALA GHERARDI ALUMINIO  CARBONERA,450802641,PZ,14.82
CABLE CORDON  6.0 MM 1 x  7,450817076,PZ,14.87
DISCO AA GOLD    6 PERF 154  G.500,450804947,PZ,15.05
MECHA EZETA MULTIMATERIAL 10 MM,424573281,PZ,15.06
TOR P/MECHA C/HEXAG  C/A 12 x 1,424560809,PZ,15.11
COLLAR SUELA N.25 LISO - 49 CM,424560265,PZ,15.22
MALLA ACERO 5x2 MT 150x150x4 MM,450804263,PZ,15.24
TOR P/MECHA C/FIJAD-PHIL  6 x  7/16,450901053,PZ,15.26
CACEROLA FUND S/ENLOZAR N.10,424565547,PZ,15.29
GANCHO P/CAÃ‘O ESTRUCT 25 x  80,424582123,CJ,15.36
BALDE PLAST PICO VERT 10 LT BLANCO,424582124,CJ,15.36
CLAVO C/CHATA 12-40,424574370,PZ,15.48
TENDEDERO PIE PLEG 7 V ALAMB C/ALAS,450800232,PZ,15.66
MACHO URANGA A/RAPIDO NF  1/2  x 20,424593685,PZ,15.67
BANDA AA TELA  75x533 O/A MAD G. 50,450814797,PZ,15.7
DISCO AA GOLD    6 PERF 154  G.180,450814804,PZ,15.7
LIJA AA GOLD 24K  G.120,424561464,PZ,15.91
CLAVO CAJ PULIDO 16- 63 x 30 KG,450814530,PZ,15.97
TENSOR ACERO GALV IMP  7/8,424595493,PZ,16.01
MECHA EZETA COLA CONICA 35.50 MM,450813807,PZ,16.03
MARTILLO 2241 RTO-CABEZA DIAM 40,450812679,PZ,16.23
POLIET SIXCOM 3 x 100 x 100 CRISTAL,450814798,PZ,16.34
CLAVO ESCUADRA PUL 20 -  90,450802210,PZ,16.5
MJA RTO-CLAVIJA HO NIQUELADO x 100,450813401,PZ,16.52
CORTAFRIO GHERARDI CHATO 12-25 300,450802737,PZ,16.58
CLAVO CAJ PULIDO FRACC  12- 30,413050677,PZ,16.64
POLIET SIXCOM 6 x 200 x  50 NEGRO,424561821,PZ,16.76
PITON P/MAD SOLDADO  27 - 160 x 25,413050090,PZ,16.85
TENDEDERO TECHO   GRANDE,424575475,PZ,16.85
MECHA EZETA COLA CONICA 36.75 MM,450803194,PZ,16.85
MECHA EZETA COLA CONICA 32.50 MM,450812188,PZ,16.85
ADAP POZIDRIVE P/AUTOPERF 3 x 25 MM,450814066,PZ,16.94
MECHA EZETA COLA CONICA 10.25 MM,450801121,PZ,16.95
RIEGO ROCIA GIRAT C/BASE ACOPLE ESP,450812687,PZ,16.95
PALA MAGER CORAZON   C/LARGO,424596134,PZ,17.07
DISCO AA NO PAST 6 PERF 154  G.220,424596135,PZ,17.07
MECHA EZETA COLA CONICA 21.75 MM,450814403,PZ,17.18
PUNTA GHERARDI HEXAGONAL 18-21 250,450814409,PZ,17.22
POLIET SIXCOM 6 x 100 x  50 CRISTAL,424561820,PZ,17.34
MECHA NEIKE WIDIA LARGA 250 12 MM,450813485,PZ,17.47
POLIET SIXCOM 3 x 200 x  50 NEGRO,450814775,PZ,17.51
CLAVO C/CHATA 12-50,450812631,PZ,17.6
PITON S/TOPE ABIERTO P/TACO 10 x 25,450818526,PZ,17.6
TELA MOSQ ALUM UNIV 0.92 x 30.0 MT,450812907,PZ,17.62
TELA M/SOMBRA  50 MT AZUL -BLAN 80%,424582122,CJ,17.65
GUARDACABO GALV 1,450802132,PZ,17.67
PICO GHERARDI PTA-PALA 102 MM C/CAB,450600403,PZ,17.76
CACEROLA FUND S/ENLOZAR N. 8,424564170,PZ,17.87
LIJA AA FENOB G. 40   120 x 45000,450800635,PZ,18
BANDA AA TELA  75x533 O/A MAD G. 40,450814542,PZ,18.12
GANCHO P/CAÃ‘O ESTRUCT 25 x  70,450904903,PQ,18.2
CLAVO C/CHATA 14-40,450812630,PZ,18.48
MACHETE GHERARDI N.18  457 MM,424596138,PZ,18.5
PITON HO PUL ESCUAD  21 -  60 x 100,450801551,PZ,18.51
MAQ ZONTA RTO-ALMOHADILLAS 64,450814816,PZ,18.51
PITON S/TOPE ESCUAD  P/TACO  5 x 50,450812776,PZ,18.53
POLIET SIXCOM 6 x 100 x  50 NEGRO,450810551,PZ,18.55
MECHA MAX PLANA P/MAD   13/16,424501096,PZ,18.72
MECHA EZETA COLA CONICA 16.25 MM,450801560,PZ,18.77
PITON S/TOPE ABIERTO P/TACO  6 x 50,424564544,PZ,18.86
BANDA AA TELA  75x457 O/A MAD G. 40,424596139,PZ,19
BANDA AA TELA  75x457 O/A MAD G. 50,424596140,PZ,19
BANDA AA TELA  75x457 O/A MAD G. 60,424596141,PZ,19
BANDA AA TELA  75x457 O/A MAD G. 80,424596142,PZ,19
BANDA AA TELA  75x457 O/A MAD G.100,424596144,PZ,19
BANDA AA TELA  75x457 O/A MAD G.120,424596145,PZ,19
BANDA AA TELA  75x508 O/A MAD G. 36,424596146,PZ,19
BANDA AA TELA  75x508 O/A MAD G. 40,424596147,PZ,19
BANDA AA TELA  64x410 O/A MAD G. 80,424596148,PZ,19
BANDA AA TELA  75x508 O/A MAD G. 50,424596149,PZ,19
BANDA AA TELA  64x410 O/A MAD G. 50,424596150,PZ,19
GRINFA EL ROBLE ACERO FORJADO N. 8,424596151,PZ,19
BANDA AA TELA  64x410 O/A MAD G.100,424596152,PZ,19
BANDA AA TELA  64x410 O/A MAD G. 60,424596153,PZ,19
GUANTE PVC ROJO P/LARGO  9 1/2,424596154,PZ,19
GUANTE PVC ROJO P/LARGO 10 1/2,424596155,PZ,19
GUANTE PVC ROJO P/CORTO 10 1/2,424596156,PZ,19
GUANTE PVC ROJO P/CORTO  9 1/2,424596157,PZ,19
GRINFA EL ROBLE ACERO FORJADO N.30,424596158,PZ,19
GRINFA EL ROBLE ACERO FORJADO N.22,424596159,PZ,19
GRINFA EL ROBLE ACERO FORJADO N.18,424596160,PZ,19
GRINFA EL ROBLE ACERO FORJADO N.16,424596161,PZ,19
GRINFA EL ROBLE ACERO FORJADO N.10,424596162,PZ,19
CADENA NUDO N.11,450817000,PZ,19.09
REGADERA PLAST 10 LT RTO-FLOR,450813094,PZ,19.14
RIEL DOBLE BLANCO 1.50 MT,450813070,PZ,19.15
CLAVO P/PARIS FRACC  5,450803929,PZ,19.17
REGLA EVEL METALICA  30 CM,424581722,PZ,19.24
PITON S/TOPE ABIERTO P/TACO 12 x 20,450814787,PZ,19.26
SEMILLA REFORZADA N. 8,450800929,PZ,19.28
PITON C/TOPE CERRADO BCE 21-70 x 50,450801012,PZ,19.33
MECHA EZETA COLA CONICA 13.50 MM,450801391,PZ,19.34
MECHA EZETA WIDIA BOSCH 10 x 110 MM,424564935,PZ,19.35
RIEGO KIT MANGUERA 1/2 x 15 MTS,424564461,PZ,19.51
CADENA P/PERRO N.15 LARGO 2.20 MT,424561015,PZ,19.73
CORTINA P/BAÃ‘O COMPLETA AMARILLA,424588814,PZ,19.73
PITON S/TOPE ESCUAD  P/TACO 10 x 25,424593634,PZ,19.74
RIEGO ROCIADOR GIRATORIO ACOPLE ESP,424564592,PZ,19.76
POLIET SIXCOM 2 x 200 x  50 CRISTAL,450801581,PZ,19.97
CABO P/HACHA   0.90 MT  RECTO,450810931,PZ,20.01
ABRAZ A/INOXIDABLE 5508 13 - 19 MM,450819437,PZ,20.17
CORREA SECCION A N.46,450802422,PZ,20.18
MECHA EZETA COLA CONICA 19.25 MM,450802131,PZ,20.28
ALAMB REC NEGRO N.22 0.71 MM,424574048,PZ,20.4
BALDE PLAST ALBAÃ‘IL MAGER,450812966,PZ,20.44
CADENA ONETO CALIBRADA N.50,450812967,PZ,20.44
PUNTA GHERARDI HEXAGONAL 18-21 200,450814408,PZ,20.45
LIJA AA COLORADO RUBI G. 40 E/G,450805115,PZ,20.49
HERRADURA ACANALADA PESADA 6,450817074,PZ,20.59
POLIET SIXCOM 3 x 200 x  50 CRISTAL,450814811,PZ,20.63
CABO P/PALA 1.20 MT,450814892,PZ,20.7
CLAVO CAJ PULIDO 12- 32 x 30 KG,424580255,PZ,20.76
MACHO URANGA A/ALEADO BSP  3/4 x 14,424560348,PZ,20.8
MAQ ZONTA CORTA CERAMICO 42 CM,424589609,PZ,20.8
TIJERA RTO-CAB COMP HUALA 42,424560303,PZ,21.41
ABRAZ A/INOXIDABLE 5510 14 - 22 MM,450818406,PZ,21.46
HERRADURA ACANALADA PESADA 5,450813815,PZ,21.59
TOR P/MECHA C/HEXAG  C/A 14 x 2,424563019,PZ,21.63
GRILLETE FORJ GALV   5/16 x   3/8,424595722,PZ,21.71
MECHA EZETA CILINDRICA A/R 18.00 MM,424589522,PZ,21.73
MECHA EZETA COLA CONICA 20.25 MM,450813687,PZ,21.74
MJA RTO-CLAVIJA HO BRONCEADO x 100,450814098,PZ,21.74
CABLE CORDON  2.0 MM 1 x 19,450813808,PZ,21.78
CABLE ACERO  8.0 MM 6 x 19+1,450800634,PZ,21.87
TENDEDERO EXTENS 9 V  80 CM,450817434,MT,21.9
BALDE PLAST ALBAÃ‘IL MAGER MJA INY,450812965,PZ,21.94
BIS FICHA P/SOLD REF  60- 8   x 2.5,450814072,PZ,22.04
CABO P/PALA 0.60 MT EMPUNAD METAL,450800364,MT,22.13
TOR P/MECHA C/HEXAG  C/A 14 x 1,424560316,PZ,22.35
MACHO URANGA A/RAPIDO M 22 x 1.50,450813814,PZ,22.36
BANDA AA TELA  75x533 O/A MAD G. 36,450814815,PZ,22.36
MECHA EZETA WIDIA BOSCH 22 x 250 MM,450806086,PZ,22.52
MACHO URANGA A/ALEADO BSP  1/2 x 14,424580940,PZ,22.69
BANDA AA TELA 100x610 O/A MAD G. 40,450812928,PZ,22.77
MECHA EZETA COLA CONICA 18.75 MM,450804108,PZ,22.83
MECHA EZETA COLA CONICA 23.50 MM,450800789,PZ,22.88
TABLA PLANCHAR PREMIUM S/PARRILLA,450812668,PZ,22.88
PALETA MATA MOSCA,424564678,PZ,22.9
PITON C/TOPE ABIERTO BCE 23-80 x 25,424570448,PZ,23
CABO P/PICO 0.90 MT,450803970,PZ,23.16
TOR P/MECHA C/FIJAD-PHIL  6 x   3/4,450814108,PZ,23.21
ALAMBRE PUAS S/BAGUAL 15-101 500 MT,450812968,PZ,23.39
CLAVO C/CHATA  8-25,450814011,PZ,23.46
CABO P/LIMA MATRICERO  75 A 150 MM,424593703,PZ,23.54
FLEX SIFOLIMP PVC REG 1/2 x 30 CM,424593704,PZ,23.54
CORTINA P/BAÃ‘O COMPLETA ROSA,450814101,PZ,23.61
SOGA TRENZ P/MOTOR EXPL 3.00 MM,424560076,PZ,23.62
MECHA EZETA COLA CONICA 39.50 MM,450813647,PZ,23.65
REGADERA PLAST  5 LT,450812969,PZ,23.67
TELA MOSQ ALUM UNIV 1.02 x 30.0 MT,450812929,PZ,23.68
CLAVO ESPIRALADO FRACC  5,424572082,PZ,23.74
CLAVO ESPIRALADO FRACC  6,424572084,PZ,23.74
GRAMPA P/CORREA N.45,450802614,PZ,23.87
REGATON REGULABLE 5/16 BASE CHICA,424582151,RL,23.92
MACHO URANGA A/ALEADO NF  3/4  x 16,450817112,PZ,23.92
ADAP HEXAG P/AUTOPERF  5/16x 65 MM,424581005,PZ,24
CLAVO C/PLOMO  76 MM x 100 U,450806148,PZ,24.01
PICO GHERARDI 2 PUNTAS LARGO 570 MM,450811724,PZ,24.03
TELA MOSQ ALUM UNIV 0.72 x 30.0 MT,450812289,RL,24.08
CORTAFRIO GHERARDI HEXAG 18-21 250,450811821,PZ,24.11
TENDEDERO EXTENS 9 V 100 CM,450814489,PZ,24.11
MECHA EZETA WIDIA BOSCH 25 x 250 MM,450813108,PZ,24.6
MALLA Q216 3x1.20 MT  25x25 x2.6 MM,450810550,PZ,24.65
CABLE ACERO 25.4 MM 6 x 19+1,450817316,PZ,24.65
BANDA AA TELA 100x610 O/A MAD G. 36,450811258,PZ,24.68
TENAZA GHERARDI ARMAD N.12 CA CHICA,424595588,PZ,24.72
PUNTA GHERARDI HEXAGONAL 18-21 400,424595589,PZ,24.72
CLAVO C/CHATA 10-25,450802962,PZ,24.82
MENSULA DOBLE BLANCA 470 MM,450802423,PZ,24.84
MECHA EZETA COLA CONICA  6.25 MM,450804109,PZ,24.98
MECHA EZETA COLA CONICA  6.50 MM,450804113,PZ,24.98
MARTILLO GHERARDI BOLITA 500 GR,424595609,PZ,25
TIJERA RTO-CUCHILLA HUALA 30,424573158,PZ,25.06
GRILLETE FORJ GALV   7/16 x   1/2,424595723,PZ,25.32
ABRAZ AMERICANA 3010   100 - 115 MM,450812136,PZ,25.48
SEMILLA REFORZADA N. 9,424572683,PZ,25.66
DISCO AA GOLD    6 PERF 154  G.150,450814812,PZ,25.75
BIS T/MUNICION C/AGUJ PUL   75x75,424580074,PZ,25.91
MECHA EZETA COLA CONICA 14.25 MM,450803561,PZ,25.96
CABLE CORDON 10.0 MM 1 x  7,450812363,PZ,26
POLIET SIXCOM 2 x 100 x 100 CRISTAL,450814053,PZ,26
TOR P/MECHA C/FIJAD-PHIL  8 x 1,450817002,PZ,26
TIJERA RTO-CAB COMP HUALA 24,424560529,PZ,26.05
TIJERA RTO-CAB COMP HUALA 18,424561058,PZ,26.05
TOPE AUTOADHESIVO REDONDO,450814100,PZ,26.38
CORREA SECCION A N.48,450812869,PZ,26.53
CLAVO ESCUADRA PUL 15 -  25,424560083,PZ,27.04
CLAVO CAJ PULIDO FRACC  14- 50,424570361,PZ,27.1
MECHA EZETA COLA CONICA 26.50 MM,450813405,PZ,27.38
LEBRILLO CHAPA GALV REF N.22  46 LT,450600054,PZ,27.51
CLAVO CAJ PULIDO FRACC  16- 63,424564545,PZ,27.56
SELLADOR APLICADOR A CREMALLERA NAC,450812482,PZ,27.73
CEPILLO ACERO CIRCULAR  4x1,450813307,PZ,27.74
TIJERA RTO-CAB COMP HUALA 30,413054469,PZ,28.05
CLAVO C/CHATA  8-30,450814999,PZ,28.06
CABLE ACERO  3.0 MM 6 x 19+1,450812636,PZ,28.08
MECHA EZETA COLA CONICA 41.00 MM,450813635,PZ,28.08
HERRADURA ACANALADA PESADA C/CLIP 1,450817106,PZ,28.4
TOR P/MECHA C/FIJAD-PHIL  8 x 1 1/2,450810811,PZ,28.49
CORREA SECCION A N.36,450802213,PZ,28.6
TIJERA RTO-CAB COMP HUALA 36,424564679,PZ,28.62
TENAZA GHERARDI CARP N. 6  152 MM,424595626,PZ,28.78
CLAVO ESCUADRA PUL 22 -  90,450800993,PZ,28.85
CLAVO CAJ PULIDO FRACC  12- 32,413051983,PZ,28.87
MECHA EZETA COLA CONICA 36.00 MM,450810780,PZ,29.12
MECHA BIASSONI P T E  3/8   CORTA,450814631,PZ,29.19
CLAVO ESPIRALADO 2 1/2  x 20 KG,450803118,PZ,29.37
ABRAZ AMERICANA 3005/5  50 -  65 MM,450805148,PZ,29.39
GRINFA EL ROBLE ACERO FORJADO N.20,424595610,PZ,29.42
CINTA EVEL 115 STANDARD    15 MT,424562003,PZ,29.67
DISCO AA GOLD    6 PERF 154  G.240,450803930,PZ,30.14
CUCHARA ROBLE P/ALBAÃ‘IL N. 7,450811380,PZ,30.16
MECHA EZETA COLA CONICA 42.00 MM,450812670,PZ,30.16
GRILLETE FORJ GALV   1/2  x   9/16,450814512,PZ,30.21
CUCHARA GHERARDI FORJ N. 9,424560832,PZ,30.24
MENSULA DOBLE NEGRA  270 MM,450811671,PZ,30.38
MENSULA DOBLE ECO BLANCA 270 MM,424560056,PZ,30.56
GANCHO P/CAÃ‘O ESTRUCT 50 x 150,424582600,BK,30.59
CABLE ACERO  9.5 MM 6 x 19+1,450818408,PZ,30.62
TOR P/MECHA C/FIJAD-PHIL  8 x   3/4,450800261,PZ,30.78
ENROLLADOR C/BASE,450803340,PZ,30.97
MACHO URANGA A/RAPIDO BSP  3/8 x 19,450802398,PZ,31.02
TABLA PLANCHAR PREMIUM C/PARRILLA,450804287,PZ,31.03
ALAMB REC NEGRO N.19 1.02 MM,424570634,PZ,31.14
CORTINA P/BAÃ‘O COMPLETA BEIGE,424572809,PZ,31.14
CLAVO C/PLOMO 101 MM x 100 U,450801252,PZ,31.14
CORREA SECCION A N.31,450811269,PZ,31.3
ABRAZ AMERICANA 3006    60 -  75 MM,450810845,PZ,31.35
CINTA EVEL 602 CAJA ZAMAC   2 MT,424561259,PZ,31.44
MECHA EZETA COLA CONICA 41.75 MM,450813707,PZ,31.81
CLAVO CAJ PULIDO 14- 45 x 30 KG,424588362,PZ,31.93
MECHA EZETA CILINDRICA A/R 13.50 MM,450905730,PZ,31.93
MECHA EZETA CILINDRICA A/R 12.00 MM,450905732,PZ,31.93
MECHA EZETA CILINDRICA A/R 11.50 MM,450905734,PZ,31.93
GANCHO P/CAÃ‘O ESTRUCT 30 x  80,424582031,PQ,32
MECHA EZETA COLA CONICA 39.75 MM,450813071,PZ,32.21
ARCO SIERRA CARNICERO C/HOJA 720 MM,424570632,PZ,32.24
MENSULA DOBLE NEGRA  370 MM,424570633,PZ,32.24
CORREA SECCION A N.49,450812412,PZ,32.28
TENDEDERO RTO-BASE CEMENTO,450802550,PZ,32.61
MECHA EZETA WIDIA BOSCH 16 x 300 MM,450813628,PZ,32.69
MECHA EZETA COLA CONICA 24.75 MM,450801111,PZ,32.81
BISAGRA T 8 MODELO 524,450816307,PZ,33.21
MECHA EZETA COLA CONICA 44.75 MM,451301815,PZ,33.21
MECHA EZETA WIDIA BOSCH  8 x 210 MM,424582029,PQ,33.28
MECHA NEIKE WIDIA RADIAL,424582030,PZ,33.28
MECHA BIASSONI P T E  1/2   CORTA,450805765,PZ,33.28
ELECTRODO ESAB P/AZUL 2.00 MM,450813708,PZ,33.28
CINTA EVEL 203 RETROFLEX    3 MT,424591027,PZ,33.43
MALLA ACINDAR 50x 50x2.6MM 1.0x24MT,450803564,PZ,33.59
GANCHO ESTIRA TEJ GALV 3/8  x 10,424589273,PZ,33.72
MACHO URANGA A/RAPIDO BSP  1/2 x 14,451401927,PQ,33.8
ALAMBRE PUAS BAGUAL   16-101 500 MT,450802549,PZ,33.89
MECHA EZETA COLA CONICA 27.00 MM,450812955,PZ,33.89
MECHA EZETA COLA CONICA 37.75 MM,450810495,PZ,33.96
MACHO URANGA A/RAPIDO NF 1     x 12,424593691,PZ,34.15
SOPAPA ACERO DE LAVATORIO 40 MM,424593692,PZ,34.15
MECHA EZETA COLA CONICA  5.00 MM,450804917,PZ,34.18
CEPILLO ACERO CIRCULAR  5x1,450801243,PZ,34.32
LIJA AA FENOB G. 50   150 x 45000,450814177,PZ,34.42
TENAZA GHERARDI CARP N. 9  233 MM,424595646,PZ,34.45
TENAZA GHERARDI CARP N.10  251 MM,424595647,PZ,34.45
BANDA AA TELA  75x508 O/A MAD G. 60,424595648,PZ,34.45
CLAVO C/CHATA 15-50,450804395,PZ,34.82
MECHA EZETA COLA CONICA 24.00 MM,450814191,PZ,34.94
CABLE ACERO 16.0 MM 6 x 19+1,450813406,PZ,34.96
MACHO TAP A/LAMINADO NF    8  x 36,424594301,PZ,35
MACHO URANGA A/RAPIDO NF    12 x 28,413062683,PZ,35.09
CORREA SECCION A N.59,450812502,MT,35.36
CABO P/GUADAÃ‘A COMPLETO,450802214,PZ,35.52
ARCO SIERRA CARNICERO C/HOJA 620 MM,424590120,PQ,35.56
GRIFERIA VENUS COCINA MESADA BLANCO,450805370,PZ,35.8
FLEX DUKE PLAST CONEX MET 1/2 x 20,424595670,PZ,35.86
FLEX DUKE EXTENSIBLE 50 x 40-50 MM,424595671,PZ,35.86
BANDA AA TELA  50x478 O/A MET G.100,424595672,PZ,35.86
PITON P/MAD SOLDADO  25 - 110 x 25,413062440,PZ,35.89
CALENTADOR P/GAS GRANDE ENLOZADO,450802228,PZ,35.9
MACHO TAP A/LAMINADO NF  3/16 x 32,464502644,PZ,35.9
MECHA EZETA CILINDRICA A/R 18.25 MM,424589523,PZ,36.23
BANDA AA TELA  75x610 O/A MAD G. 36,450817080,PZ,36.23
MECHA EZETA COLA CONICA 30.75 MM,450804850,PZ,36.31
CLAVO ACERO GALV 3.0 - 60 x 100,424591730,PZ,36.4
ACOPLE DUKE COMPRESION PROF 3/4,424595611,PZ,36.54
MECHA EZETA COLA CONICA 38.00 MM,450811659,PZ,36.67
GUANTE LATEX P/CORTO  9 1/2,450810555,PZ,36.9
GANCHO P/CAÃ‘O ESTRUCT 40 x 100,424583418,CJ,36.92
PITON HO PUL ESCUAD  16 -  30 x 200,424573123,PZ,37
TABLA PLANCHAR ESPECIAL S/PARRILLA,450300349,PZ,37.01
MECHA EZETA COLA CONICA 14.75 MM,450802323,PZ,37.18
GANCHO P/CAÃ‘O ESTRUCT 50 x 100,424561014,PZ,37.37
CORREA SECCION A N.53,424580252,PZ,37.37
COLLAR SUELA N.12 LISO - 29 CM,424574184,PZ,37.44
MACHO TAP A/LAMINADO NC  1/2 x 13,424594300,PZ,37.44
MECHA EZETA COLA CONICA 18.00 MM,450814125,KG,37.44
MECHA EZETA COLA CONICA 36.50 MM,450811787,KG,37.7
PICO GHERARDI PUNTA-HACHA,413063888,PZ,37.76
MECHA EZETA COLA CONICA 25.25 MM,450819592,PZ,38.02
CORTINA P/BAÃ‘O COMPLETA AZUL,424560214,PZ,38.17
CLAVO ESPIRALADO 1      x 20 KG,450905872,PQ,38.42
MECHA EZETA MULTIMATERIAL 12 MM,424582025,PQ,38.48
TENSOR ACERO GALV IMP  5/16,450813095,PZ,38.48
CORREA SECCION O N.20,450802324,PZ,38.58
ABRAZ AMERICANA 3002    25 -  35 MM,450800894,PZ,38.6
MACHO URANGA A/RAPIDO M 14 x 1.00,450814893,PZ,38.69
MECHA EZETA COLA CONICA 40.75 MM,450813665,PZ,38.93
TENDEDERO RODANTE GRANDE,450813725,CJ,39.45
MECHA EZETA COLA CONICA 42.25 MM,450812451,PZ,39.52
RIEGO SOPORTE DE MANGUERA,450812741,PZ,39.62
TEJIDO P/CERDO  7Hx0.65x15x12,424561789,PZ,39.86
TOR P/MECHA WIN 10 - 16 x 1 5/8,424593699,PZ,40.02
TOR P/MECHA WIN 12 - 14 x 2,424593700,PZ,40.02
TOR P/MECHA WIN 12 - 14 x 2 1/2,424593701,PZ,40.02
FLEX SIFOLIMP PVC REG 1/2 x 20 CM,424593702,PZ,40.02
MECHA EZETA COLA CONICA 29.00 MM,450814190,PZ,40.04
MECHA EZETA COLA CONICA 13.25 MM,450805749,PZ,40.56
ABRAZ AMERICANA 3009    90 - 105 MM,450814624,PZ,40.58
PICO GHERARDI PTA-PALA  62 MM C/CAB,450804117,PZ,41.01
MECHA EZETA COLA CONICA 40.00 MM,450813072,PZ,41.15
MECHA EZETA WIDIA BOSCH  8 x 160 MM,424582141,PZ,41.31
CEPILLO ALAMBRE ACERO  RECTANG 6x19,450801690,PZ,41.59
CARCIMA 1023 SACAYUYO MANUAL,424580478,PZ,41.6
CORREA SECCION A N.47,450813666,PZ,41.68
ABRAZ AMERICANA 3011   110 - 125 MM,450811658,PZ,41.86
CINTA PELIGRO 8 CM x 200 MT,413051297,PZ,42.04
PITON HO PUL ESCUAD  21 -  70 x 100,450802700,PZ,42.17
LIJA AA GOLD 24K  G.360,424595596,PZ,42.29
MECHA EZETA COLA CONICA 15.75 MM,450801120,PZ,42.37
MECHA EZETA CILINDRICA A/R  0.80 MM,450906030,PZ,42.5
CADENA MAGER TORCIDO CORTO N. 25,450814306,PZ,42.64
MACHO URANGA A/RAPIDO NF  7/16 x 20,424593684,PZ,42.92
CORREA SECCION O N.23,450814176,PZ,43.18
BIS T/MUNICION C/AGUJ CINC 100x75,424574018,PZ,43.24
PITON S/TOPE ESCUAD  P/TACO  8 x 50,424593635,PZ,43.41
MACHO URANGA A/ALEADO BSP 1    x 11,424594298,PZ,43.41
MACHO URANGA A/ALEADO BSP  7/8 x 14,424594299,PZ,43.41
MECHA EZETA COLA CONICA 38.75 MM,450812671,KG,43.68
SELLADOR S-28 SILIC NEGRO  300 GR,450804616,PZ,43.7
DISCO AA GOLD    6 PERF 154  G.280,450802145,PZ,43.89
REGULADOR PAZ P/GARR S/MANGUERA,450802271,PZ,44.02
LIMPIAMANOS ALLEMANDI POLVO   x15KG,451305369,PZ,44.08
MACHO URANGA A/RAPIDO NF  3/8  x 24,424593683,PZ,44.26
CLAVO P/PARIS FRACC  3,450813910,PZ,44.26
CLAVO ACERO ESC GALV 4.0 - 70 x 50,450804118,PZ,44.39
CLAVO ESCUADRA PUL 21 -  90,450800222,PZ,44.42
MECHA EZETA COLA CONICA 31.00 MM,450813598,PZ,44.55
CADENA NUDO N.12,450812704,MT,44.65
PICO GHERARDI PALA-HACHA  75 MM C/C,450814523,PZ,44.75
TIJERA GHERARDI CORTA PERNOS 14,450803055,PZ,45.05
CARCIMA 1022 CULTIVADOR 3 GARRAS,424590137,PQ,45.32
GANCHO CONTRA VIENTO 24 - 160 x 15,450814628,PZ,45.45
MECHA EZETA COLA CONICA 40.25 MM,450802151,PZ,45.55
MACHO URANGA A/RAPIDO NF  1/4  x 28,424593602,PZ,45.65
DESTAPAPILETA EL ABUELO CINTA  5 MT,424570558,PZ,45.67
HERRADURA ACANALADA PESADA C/CLIP 4,450801685,PZ,45.72
CACEROLA FUND S/ENLOZAR N. 3,450800996,PZ,45.76
LIJA AA FENOB G.120   120 x 45000,450801684,PZ,45.76
CADENA P/PERRO N. 8 LARGO 2.20 MT,422001482,PZ,45.78
CLAVO C/CHATA 16-63,450804933,PZ,46.29
DESTAPACAÃ‘ERIA CINTA ACERO 15 MT,450813032,PZ,46.42
BANDA AA TELA  75x508 O/A MAD G. 80,424595627,PZ,46.47
ALAMB REC NEGRO N.16 x 1 KG,450813603,PZ,46.71
MACHO URANGA A/RAPIDO M 18 x 1.50,450804420,PZ,46.72
MARTILLO GHERARDI GALP C/UÃ‘A 500 GR,424595612,PZ,46.99
MECHA EZETA DE CENTRAR 6.30 MM,424582922,PZ,47.01
MECHA EZETA COLA CONICA 20.50 MM,450800666,PZ,47.16
MACHO TAP A/LAMINADO NF  7/16 x 20,450802613,PZ,47.42
GANCHO P/ARMARIO BCE 40 MM x 100,450817003,PZ,47.5
DISCO AA GOLD    6 PERF 154  G.100,450812173,PZ,47.61
MACHO URANGA A/ALEADO NF  1/2  x 20,450813987,PZ,47.84
MECHA EZETA COLA CONICA 46.50 MM,450818795,PZ,47.84
TENAZA GHERARDI CARP N. 8  203 MM,424595629,PZ,47.91
CADENA NUDO N.18,450811912,PZ,47.96
GANCHO CONTRA VIENTO 22 - 120 x 25,424580343,PZ,48
ALAMB REC NEGRO N.16 1.63 MM,413051199,PZ,48.33
MECHA EZETA COLA CONICA 33.25 MM,450812501,PZ,48.56
CORREA SECCION O N.24,450813317,PZ,48.88
PITON S/TOPE ABIERTO P/TACO  8 x 50,450817271,PZ,48.88
MECHA EZETA DE CENTRAR 1.60 MM,424580002,PZ,48.91
CABO P/MARTILLO LABRADO 0.35 MT,450301149,PZ,48.98
MECHA EZETA CILINDRICA A/R 10.00 MM,450819689,PZ,49
MECHA EZETA COLA CONICA 32.00 MM,450812903,PZ,49.22
LIJA AA GOLD 24K  G.400,424595597,PZ,49.29
MECHA EZETA JUEGO A/R Y WIDIA x 9 U,424580058,PQ,49.33
GANCHO P/CAÃ‘O ESTRUCT 35 x 100,424582130,BA,49.48
MACHO URANGA A/ALEADO M 16 x 1.50,450814912,PZ,49.61
NIVEL EVEL ALUMINIO  60 CM,450801683,PZ,49.76
CADENA P/PERRO N.18 LARGO 1.70 MT,424580014,PQ,50.23
PITON HO PUL ESCUAD  23 -  80 x 100,450900403,PZ,50.34
PITON HO PUL ESCUAD  23 -  70 x 100,450900404,PZ,50.34
LIJA AA FENOB G. 36   150 x 45000,450801837,PZ,50.69
AZADA GHERARDI CARPIR N.2,424595579,PZ,50.83
AZADA GHERARDI ALGODONERA N.0,424595580,PZ,50.83
AZADA GHERARDI ALGODONERA N.1,424595581,PZ,50.83
AZADA GHERARDI ALGODONERA N.2,424595582,PZ,50.83
AZADA GHERARDI 2 AGUJEROS,424595583,PZ,50.83
BANDA AA TELA  75x533 O/A MAD G. 60,450803940,PZ,50.97
MECHA EZETA WIDIA BOSCH 14 x 350 MM,450817312,PZ,51.02
MACHO URANGA A/RAPIDO M 20 x 1.50,450812770,PZ,51.16
MECHA EZETA COLA CONICA 13.00 MM,450818405,PZ,51.88
CLAVO CAJ PULIDO 12- 28 x 30 KG,424588359,CJ,51.9
CLAVO CAJ PULIDO 12- 30 x 30 KG,424588360,CJ,51.9
CAÃ‘O CRISTAL  5 -  8  x  50 MT,450804617,PZ,51.94
CADENA P/PERRO N.13 LARGO 1.70 MT,424592740,PZ,52
MECHA EZETA WIDIA LARGA 200 12 MM,424592810,CJ,52
CADENA P/PERRO N.13 LARGO 1.40 MT,424592811,CJ,52
MECHA EZETA COLA CONICA 28.00 MM,450801732,PZ,52
MECHA EZETA COLA CONICA 27.75 MM,450801733,PZ,52
MACHO URANGA A/RAPIDO M 12 x 1.25,450805937,PZ,52.36
CINTA EVEL 120 STANDARD    20 MT,424560271,PZ,52.5
PICO GHERARDI PALA-HACHA 102 MM C/C,450802194,PZ,52.64
MACHO URANGA A/RAPIDO NF  5/8  x 18,424593688,PZ,52.74
TELA MOSQ ALUM UNIV 1.12 x 30.0 MT,450817012,PZ,52.74
CADENA NUDO N. 9,450802701,PZ,52.89
GANCHO P/CAÃ‘O ESTRUCT 40 x  80,424591344,FR,52.94
GUARDACABO GALV   1/2,450804935,PZ,53
CORREA SECCION O N.22,450813600,PZ,53.04
TENAZA GHERARDI CARP N. 7  178 MM,424595628,PZ,53.25
TIJERA RTO-CUCHILLA HUALA 18,424574936,PZ,53.56
MECHA EZETA COLA CONICA 34.75 MM,450814579,PZ,53.59
MECHA EZETA DE CENTRAR 5.00 MM,424560094,PZ,53.73
CUCHARA GHERARDI FORJ N. 5 1/2,450813038,PZ,53.82
GANCHO ESTIRA TEJ GALV 3/8  x 13,424595724,PZ,54.26
DISCO AA GOLD    6 PERF 154  G.400,464502650,PZ,54.37
PALA GHERARDI FORJ POCERA       C/C,450814509,PZ,54.63
LIJA AA GOLD 24K  G.320,424595595,PZ,54.64
MACHO URANGA A/RAPIDO BSP 1    x 11,424594991,PZ,54.88
CINTA EVEL 503 FLEJE 17MM   3 MT,424574937,PZ,55.04
CORTINA P/BAÃ‘O RTO-PROTECT AMARILLO,450813093,PZ,55.06
MACHO TAP A/LAMINADO BSP 1/4 x 19,450813804,PZ,55.22
BIS FICHA P/SOLD REF  80-22   x 1.5,450814107,PZ,55.54
MECHA EZETA WIDIA CORTA 14 MM,424581089,PZ,55.85
TENSOR ACERO GALV IMP  1,424595494,PZ,55.85
MECHA EZETA COLA CONICA 22.75 MM,450800825,PZ,56.05
MACHO URANGA A/RAPIDO M 10 x 1.00,450409342,PZ,56.24
PITON C/TOPE ABIERTO BCE 17-40 x200,424560457,PZ,56.34
MECHA EZETA CILINDRICA A/R 12.75 MM,451301842,PZ,56.46
MECHA EZETA CILINDRICA A/R 12.50 MM,451301843,PZ,56.46
PITON P/MAD SOLDADO  24 -  90 x 25,424582464,CJ,56.67
PICO GHERARDI PALA-HACHA  75 MM,450810862,PZ,56.79
BANDA AA TELA  75x610 O/A MAD G.100,450813601,PZ,56.93
FLEX DUKE PLAST CONEX MET 1/2 x 50,450814752,PZ,57.16
MECHA EZETA CILIND TITANIO 11.75 MM,424580780,RL,57.2
CLAVO C/CHATA  6-20,424560960,PZ,57.51
MACHO TAP A/LAMINADO NC    6 x 32,424594296,PZ,57.52
MACHO TAP A/LAMINADO NC    8 x 32,424594297,PZ,57.79
MACHO URANGA A/RAPIDO M 20 x 1.00,450813712,PZ,57.89
MECHA EZETA JUEGO A/R x 6 UNID,424580274,PZ,58.24
TENDEDERO PIE PLEG 7 V ALAMB SIMPLE,450810865,PZ,58.24
BANDA AA TELA 100x620 O/A MAD G.120,424595625,PZ,58.38
MECHA EZETA CILINDRICA A/R 18.50 MM,424589524,PZ,58.69
MACHO URANGA A/RAPIDO BSP  5/8 x 14,424594374,PZ,58.85
MACHO URANGA A/ALEADO M 20 x 1.50,450812695,PZ,58.9
LIJA AA GOLD 24K  G.100,424582032,PZ,58.92
PITON P/MAD SOLDADO  23 -  90 x 50,450801682,PZ,58.98
CABLE ACERO  6.0 MM 6 x  7+1,450814378,PZ,58.99
GRAMPA P/CORREA N.35,450813227,PZ,59.18
TELA AA FENOB G. 36   120 x 45000,450814480,LA,59.19
MECHA EZETA WIDIA BOSCH 12 x 350 MM,424599017,PZ,59.28
MECHA EZETA WIDIA BOSCH 12 x 460 MM,424599660,PZ,59.28
MECHA EZETA COLA CONICA 30.50 MM,450812508,PZ,59.28
CABLE ACERO 22.0 MM 6 x 19+1,424580971,PZ,59.95
LIJA AA COLORADO RUBI G.180 FIN,450800252,PZ,61.14
MECHA EZETA COLA CONICA  8.25 MM,450802248,PZ,61.2
MAQ ZONTA RTO-REGLA CENTIMETRADA,450813761,PZ,61.29
CORTINA P/BAÃ‘O COMPLETA VERDE,450813035,PZ,61.36
BROCA MANUAL UR34 3/4,450814192,PZ,61.36
PITON C/TOPE ABIERTO BCE 21-60 x 50,424560459,PZ,61.52
GRAMPA PRENSA CABLE GALV   5/16,424560580,PZ,61.62
GRAMPA P/CORREA N.15,450821758,PZ,62
TIJERA GHERARDI CESPED 3 POSICIONES,450805374,PZ,62.11
TABLA PLANCHAR RTO-FUNDA P/PREMIUM,424573143,PZ,62.4
CUCHARA GHERARDI FORJ N.10,424595769,PZ,62.5
REGADERA PLAST 10 LT,413052483,PZ,62.68
BANDA AA TELA  75x533 O/A MAD G.100,450803941,PZ,62.83
HERRADURA ACANALADA PESADA 1,450803181,PZ,62.85
MECHA EZETA WIDIA BOSCH 10 x 460 MM,424572714,PZ,62.97
MECHA EZETA DE CENTRAR 4.00 MM,424572715,PZ,63.09
TOR P/MECHA C/HEXAG  C/A 14 x 4,450814178,PZ,63.28
MACHO URANGA A/ALEADO NC 1     x  8,450800813,PZ,63.43
MACHO URANGA A/ALEADO M  8 x 1.00,450814474,PZ,63.52
ALAMB REC NEGRO N.14 x 1 KG,450813073,PZ,63.65
MAQ P/RALLAR RTO-TACO,464502377,PZ,63.86
ABRAZ AMERICANA 3005    45 -  60 MM,450814124,PZ,63.88
HILO ALGODON CRUDO 10 x  50 GR,424589974,PZ,63.96
CLAVO C/CHATA  9-20,450813404,PZ,63.97
RIEL DOBLE BLANCO 1.00 MT,424573144,PZ,64.36
PALA GHERARDI FORJ 1/2 L ANCHA  C/C,450813126,PZ,64.43
GRILLETE FORJ GALV   1/4  x   5/16,424595710,PZ,64.47
MECHA EZETA COLA CONICA 35.00 MM,424573145,PZ,64.48
TIJERA RTO-CUCHILLA HUALA 36,424561133,PZ,64.83
AZADA GHERARDI MENDOCINA 2      LBS,424596136,PZ,65
HERRADURA ACANALADA PESADA C/CLIP 6,450803182,PZ,65
TIJERA GHERARDI CORTA PERNOS 24,450813416,PZ,65.32
CLAVO CAJ PULIDO 12- 50 x 30 KG,450802917,PZ,65.39
PALANQ  LAMINADA 1045  76.20 MM,450811410,PZ,65.47
CORTINA P/BAÃ‘O COMPLETA ROJA,450802249,PZ,65.72
PALANQ  LAMINADA 1010 101.60 MM,450803363,PZ,65.74
TELA M/SOMBRA 100 MT NEGRO      80%,424580007,PQ,66.66
FLEX DUKE EXTENSIBLE 40 x 40-50 MM,424595685,PZ,66.75
TENAZA GHERARDI AZULEJISTA N.6,424595686,PZ,66.75
PINZA GHERARDI PICO LORO D/CREM 250,424595687,PZ,66.75
CLAVO P/PARIS FRACC  3 1/2,450804597,PZ,66.85
MAZA GHERARDI FORJADA 1.00 KG,424595616,PZ,67.03
MACHO TAP A/LAMINADO NF  5/32 x 36,450813904,PZ,67.24
GUANTE LATEX P/LARGO CHICO,424593605,PZ,67.28
LIJA AA FENOB G. 36   120 x 45000,450802681,PZ,67.43
CLAVO C/PIZARRA 16-50,424599012,PZ,67.47
CINTA EVEL 102 BOX          2 MT,422501491,PZ,67.6
MECHA EZETA COLA CONICA 31.75 MM,450804624,PZ,67.78
LLANA VOSS 2000 PLASTICA 12 x 12,450804401,PZ,67.94
CLAVO ESCUADRA PUL 21 -  70 x 100,450813310,PZ,68
RIEGO ROCIADOR GIRATORIO ACOPLE RAP,424560997,PZ,68.03
MARTILLO GHERARDI BOLITA 200 GR,424595598,PZ,68.26
MECHA EZETA COLA CONICA  7.25 MM,450813630,PZ,68.52
CADENA P/PERRO N. 8 LARGO 1.70 MT,424566919,PZ,68.64
MENSULA DOBLE NEGRA  170 MM,450806076,PZ,68.72
CLAVO P/PARIS FRACC  2,450810954,PZ,68.89
CADENA NUDO N.15,422501414,PZ,69.14
PITON HO PUL ESCUAD  25 - 110 x  50,424564741,PZ,69.24
LIJA AA GOLD 24K  G.500,424595650,PZ,69.48
GUANTE LATEX P/CORTO  9,450801758,PZ,69.67
MECHA EZETA COLA CONICA 41.25 MM,450805639,PZ,69.77
SELLADOR S-28 SILIC TRANSP  50 GR,450810720,PZ,69.9
GANCHO J P/GALPON COMP 1/4 x  50 MM,450817508,PZ,70
LEBRILLO CHAPA GALV REF N.20  35 LT,450803662,PZ,70.47
AZADA GHERARDI MENDOCINA 2 1/2  LBS,424595574,PZ,70.72
TOR P/MECHA C/FIJAD-PHIL 10 x   1/2,450813364,PZ,70.72
CAÃ‘O CRISTAL 16 - 20  x  25 MT,450814165,PZ,70.72
VIRUTA ACERO GRUESA  x 330 GR,450814488,PZ,70.72
GRAMPA P/CORREA N.27,424580028,PZ,71.18
BANDA AA TELA  64x410 O/A MAD G. 36,424595633,PZ,71.51
MECHA EZETA DOBLE PUNTA 2.50 MM,424560613,PZ,71.61
CORREA SECCION O N.21,450813955,PZ,71.94
BISAGRA T 3 MODELO 520,450906149,PZ,72
TENDEDERO EXTENS 9 V  60 CM,424589913,PZ,72.8
CLAVO ACERO ESC GALV 4.0 - 80 x 50,450802129,PZ,72.88
MACHO URANGA A/RAPIDO NF  9/16 x 18,424593687,PZ,73.39
GANCHO ESTIRA TEJ GALV 3/8  x  9,450901049,PZ,73.46
COLLAR SUELA N.16 LISO - 37 CM,424560534,PZ,73.55
RIEGO REGADOR 5V ACOPLE RAPIDO,424566917,PZ,74.36
GANCHO P/CAÃ‘O ESTRUCT 35 x  90,424583416,CJ,74.74
CORREA SECCION A N.33,450804301,PZ,74.88
CLAVO PUNTA PARIS 5      x 20 KG,450817102,PZ,75.07
ADAP POZIDRIVE P/AUTOPERF 1 x 25 MM,450811407,PZ,75.14
RIEGO REGADOR 1V ACOPLE RAPIDO,424565244,PZ,75.28
TENDEDERO PIE PLEG 9 V ALAMB SIMPLE,450814123,PZ,75.37
ARANDELA FICHA BRONCEADA 10.0 MM,450906091,PZ,75.43
SOGA ELASTICA 5 MM,450813498,PZ,75.46
TENSOR ACERO GALV IMP  1/4,450800228,PZ,75.56
FAROL A GAS P/MICROGARRAFA,450803178,PZ,75.65
RIEL DOBLE ALUM   2.00 MT,450818724,PZ,75.92
MECHA NEIKE WIDIA LARGA 400 12 MM,424573105,PZ,75.93
GANCHO P/CAÃ‘O ESTRUCT 30 x  90,424582659,BK,76.51
MECHA EZETA COLA CONICA 34.00 MM,450800653,PZ,76.54
HERRADURA ACANALADA PESADA C/CLIP 3,450810917,PZ,76.65
MARTILLO GHERARDI BOLITA 300 GR,424595600,PZ,77.06
MAZA GHERARDI FORJADA 1.50 KG,424595617,PZ,77.06
RIEGO KIT MANGUERA 1/2 x 10 MTS,424575307,PZ,77.17
MECHA EZETA COLA CONICA  9.00 MM,450812983,PZ,77.38
LIJA AA COLORADO RUBI G.120 MED,450814054,PZ,78
MECHA EZETA WIDIA BOSCH 10 x 210 MM,424560349,PZ,78.89
PINZA CORTA CERAMICO C/LAPIZ WIDIA,424590182,PZ,79.04
PITON S/TOPE CERRADO P/TACO 10 x 25,450814592,PZ,79.04
POLIET SIXCOM 3 x 100 x 100 NEGRO,424581250,PZ,79.05
LIMPIAMANOS ALLEMANDI PASTA 36x400G,451305370,PZ,79.61
MECHA NEIKE WIDIA LARGA 400  8 MM,424572691,PZ,79.83
SELLADOR SN-4 SILIC NEUTRO 300 GR,450804612,PZ,79.9
CUCHARIN ROBLE P/ALBAÃ‘IL N. 5,450811903,PZ,79.96
CORREA SECCION A N.41,450813582,PZ,80.05
MECHA EZETA COLA CONICA 30.25 MM,450800654,PZ,80.08
SOPAPA ACERO DE BAÃ‘ERA,424593694,PZ,80.48
TOR P/MECHA C/HEXAG  C/A 14 x 3,450814179,PZ,80.6
CEPILLO ACERO CIRCULAR  8x1,450813407,PZ,80.69
MACHO URANGA A/ALEADO M 12 x 1.50,450814279,RL,81.12
BISAGRA REVERSIBLE BCEADA  2x 5x2.0,450905663,PZ,81.54
ABRAZ AMERICANA 3001    16 -  22 MM,450813731,PZ,81.72
CAÃ‘O CRISTAL 15 - 19  x  25 MT,450805147,PZ,81.99
HERRADURA ACANALADA PESADA 7,450802760,PZ,82.3
LIJA AA COLORADO RUBI G.100 MED,450814109,PZ,82.35
PERCHA PLAST AUTOADHESIVA CHICA,413052437,PZ,82.47
TOR P/MECHA C/FIJAD-PHIL  8 x   1/2,450810660,PZ,83.19
MECHA EZETA COLA CONICA 33.00 MM,450812174,PZ,83.76
CORTAFRIO GHERARDI CHATO 12-25 250,450804104,PZ,84.06
MECHA EZETA COLA CONICA 25.75 MM,450803306,PZ,84.24
CAÃ‘O CRISTAL  4 -  7  x  50 MT,450817264,PZ,84.38
MECHA EZETA COLA CONICA 26.00 MM,450814122,PZ,84.69
MECHA EZETA WIDIA BOSCH 12 x 160 MM,424561963,PZ,84.98
BROCA MANUAL - MANGO BTU58 5/8,450814193,PZ,85.28
BANDA AA TELA  64x410 O/A MAD G. 40,424595634,PZ,85.89
MECHA EZETA COLA CONICA 29.50 MM,450813403,PZ,86.11
MAZA GHERARDI FORJADA 2.00 KG,424595618,PZ,86.16
MAQ ZONTA CORTA CERAMICO 42 CM C/T,450813468,PZ,86.32
CORTINA P/BAÃ‘O RTO-PROTECT ROSA,450812223,PZ,86.36
GANCHO P/CAÃ‘O ESTRUCT 30 x 120,424582558,PQ,86.65
CORREA SECCION A N.60,450810747,PZ,86.83
SEMILLA REFORZADA N.10,450818300,PZ,87.59
MECHA EZETA COLA CONICA 25.00 MM,450812218,PZ,87.88
PALA GHERARDI POCERA ESCOCESA C/HIE,450814195,PZ,87.96
ESCARDILLO CORAZON Y PALA 78 MM,45091155,PZ,88
MECHA EZETA WIDIA BOSCH 16 x 210 MM,450804896,PZ,88.25
BANDA AA TELA 100x610 O/A MAD G. 80,424564373,PZ,88.36
CORREA SECCION A N.32,450805462,PZ,88.4
BROCA MANUAL UR58 5/8,450817293,PZ,88.4
TEJ ROMBO ACINDAR 100-50-14-10 ML,450409396,PZ,88.54
CAÃ‘O RIEGO GREEN   1/2 x 25 MT,451305637,PZ,88.54
GANCHO P/CAÃ‘O ESTRUCT 35 x 120,424582617,BK,88.9
FLEX SIFOLIMP PVC REG 1/2 x 40 CM,424593705,PZ,88.96
PICO GHERARDI PTA-PALA  75 MM C/CAB,450812676,PZ,89.18
PITON C/TOPE ABIERTO BCE 16-35 x200,424564428,PZ,89.26
MECHA BIASSONI P T E  7/16  CORTA,450813751,PZ,89.39
MACHO URANGA A/ALEADO M 18 x 1.50,450812926,LA,89.44
CEPILLO ALAMBRE ACERO  C/MANGO 4x19,450818571,PZ,89.44
TEJ ROMBO ACINDAR 180-63-14-10 ML,451305258,PZ,89.68
CARBURO DE CALCIO x 115 KG,413050523,PZ,90.19
VIRUTA ACERO FINA    x 330 GR,450813632,PZ,90.27
GUARDACABO GALV   5/16,450817291,PZ,90.52
CAJA METALICA F3 20x20x48 2 FUELLES,451305638,PZ,90.82
COLLAR SUELA N.14 LISO - 33 CM,424560714,PZ,91.5
CABO P/HACHA   0.90 MT  VIZCAINA,450813295,PZ,91.6
MARTILLO EL ROBLE GALPONERO,450817456,PZ,91.98
MECHA EZETA WIDIA BOSCH  6 x 160 MM,424560095,PZ,92.21
TEJ ROMBO ACINDAR 200-50-14-10 ML,451305268,PZ,93.29
PITON HO PUL ESCUAD  23 -  90 x 100,422500123,PZ,93.42
CAÃ‘O CRISTAL 12 - 15  x  50 MT,450817310,PZ,94
TEJ ROMBO ACINDAR 200-63-14-10 ML,451305269,PZ,94.05
CINTA EVEL 210 PROFESIONAL 10 MT,450817393,PZ,94.06
MACHO URANGA A/RAPIDO NF  7/8  x 14,424593690,PZ,95.19
DISCO AA NO PAST 6 PERF 154  G.240,450804787,PZ,95.22
CADENA NUDO N.10,450812677,MT,95.39
GRINFA EL ROBLE ACERO FORJADO N.14,424595599,PZ,96.46
TEJ ROMBO ACINDAR 125-50-14-10 ML,450409397,PZ,96.71
MACHO URANGA A/RAPIDO NC  7/8  x  9,451305270,PZ,96.71
CAJA METALICA F2 20x20x42 2 FUELLES,451305639,PZ,96.71
MECHA EZETA COLA CONICA 19.00 MM,450801901,PZ,96.72
MECHA EZETA DE CENTRAR 3.15 MM,424580082,PZ,96.76
CORREA SECCION A N.57,464502393,PZ,96.87
ELECTRODO ESAB P/AZUL 4.00 MM,450819821,PZ,97.07
REGADERA CHAPA GALV N.2  10 LT,413053302,PZ,97.16
BIS FICHA P/SOLD REF  60-33-8 x 2.5,450812734,PZ,97.24
CORREA SECCION A N.44,450802674,PZ,97.26
MACHO URANGA A/ALEADO NF  7/8  x 14,450803307,PZ,97.76
MECHA EZETA CILINDRICA A/R  9.75 MM,450819690,PZ,98
BANDA AA TELA  50x478 O/A MET G.120,424595676,PZ,98.79
MACHO URANGA A/RAPIDO M 18 x 1.00,450810812,PZ,99.36
TOR P/MECHA C/FIJAD-PHIL  6 x 1,450800906,PZ,100.58
TENDEDERO ABANICO LATERAL,450813315,LA,100.69
PITON C/TOPE ESCUAD  BCE 17-40 x200,450805857,PZ,100.71
MECHA EZETA COLA CONICA 16.50 MM,450801403,PZ,101.52
MECHA EZETA WIDIA LARGA 400 10 MM,424573107,PZ,101.92
MECHA EZETA COLA CONICA 45.50 MM,450818805,PZ,101.92
TEJ ROMBO ACINDAR 200-76-14-10 ML,451305271,PZ,102.22
MECHA EZETA COLA CONICA 12.50 MM,450804510,PZ,102.66
MECHA EZETA CILINDRICA A/R 16.00 MM,450900619,PZ,102.96
MARTILLO GHERARDI BOLITA 400 GR,424595601,PZ,102.99
MECHA BIASSONI P T E  5/16  CORTA,450814793,PZ,103.17
BROCA MANUAL - MANGO BTU56 5/16,450817295,PZ,103.48
PALA GHERARDI FORJ CORAZON      C/L,450814194,PZ,103.5
PITON HO PUL ESCUAD  27 - 120 x  25,450817338,PZ,103.8
GRILLETE FORJ GALV   7/8  x 1,450814543,PZ,103.92
GRINFA EL ROBLE ACERO FORJADO N.25,424595613,PZ,104.39
TEJ ROMBO ACINDAR 125-63-14-10 ML,450409398,PZ,104.5
LIMPIAMANOS ALLEMANDI PASTA 12x1 KG,451305371,PZ,104.5
MACHO URANGA A/RAPIDO M 14 x 1.25,450814823,PZ,104.51
PITON HO PUL ESCUAD  18 -  40 x 100,424562026,PZ,104.81
TABLA PLANCHAR CLASICA COMPLETA,450804021,PZ,104.89
MACHO URANGA A/RAPIDO NF  3/4  x 16,424593689,PZ,105.03
GRAMPA PRENSA CABLE GALV   1/2,450801204,PZ,105.88
GRAMPA PRENSA CABLE GALV   9/16,450801205,PZ,105.88
ABRAZ AMERICANA 3001/5  20 -  28 MM,450813092,PZ,106.08
MACHO URANGA A/ALEADO NPT 1/2 x 14,422000814,PZ,106.84
MECHA EZETA COLA CONICA 23.25 MM,450800652,PZ,107.07
PINZA GHERARDI PICO LORO D/CREM 300,424595636,PZ,108.05
MECHA EZETA COLA CONICA 38.25 MM,450803751,PZ,108.99
MACHO URANGA A/ALEADO NF  3/8  x 24,424585637,PZ,109.2
MECHA EZETA COLA CONICA 40.50 MM,450805375,PZ,109.6
GANCHO ESTIRA TEJ GALV 5/16 x  6,424594375,PZ,110.75
ACOPLE DUKE COMPRESION PROF 1/2,424595637,PZ,110.93
MECHA EZETA WIDIA LARGA 400  6 MM,424582608,BK,111.22
GANCHO ESTIRA TEJ GALV 5/16 x 11,450813961,PZ,111.52
MECHA EZETA DOBLE PUNTA 3.30 MM,424581282,PZ,112.32
GRINFA EL ROBLE ACERO FORJADO N.28,424595614,PZ,112.33
MECHA EZETA WIDIA BOSCH  6 x 110 MM,424560004,PZ,112.73
REGATON REGULABLE 3/8  BASE GRANDE,424572059,PZ,113.36
BARRAL 0.40MT S/LLAVE GARRAFA 10 KG,450803266,PZ,113.36
REGADERA PLAST  5 LT RTO-FLOR,450819662,PZ,113.98
GRILLETE FORJ GALV 1 1/8  x 1 1/4,450812483,PZ,114.35
MACHO URANGA A/ALEADO M  8 x 0.75,450817315,PZ,114.4
MECHA EZETA COLA CONICA 45.25 MM,450818804,PZ,114.4
MACHO URANGA A/ALEADO NPT 3/8 x 18,422000824,PZ,114.92
CABO P/LIMA PLANA     250 A 300 MM,424562773,PZ,114.93
MECHA EZETA MULTIMATERIAL  5 MM,424580029,PZ,116.11
PITON HO PUL ESCUAD  15 -  25 x 300,450817149,BA,116.48
BANDA AA TELA 100x620 O/A MAD G.100,424595638,PZ,117.2
BANDA AA TELA  50x478 O/A MET G.150,424595677,PZ,117.23
TOR P/AGUJ C/TROMP P/MAD  6 x 1 1/2,450409093,PZ,117.502761383
TOR P/AGUJ C/TROMP P/MAD  6 x 1 5/8,450409094,PZ,117.502761383
MECHA EZETA COLA CONICA 47.00 MM,450905373,PZ,118.75
TEJ ROMBO ACINDAR 180-76-14-10 ML,451305261,PZ,118.94
TOR P/MECHA C/HEXAG  C/A 14 x 2 1/2,390000042,PZ,119
GRILLETE FORJ GALV 1 1/2  x 1 5/8,450805367,PZ,119.28
MECHA EZETA CILINDRICA A/R  3.25 MM,451305200,PZ,120.78
CABO P/LIMA PLANA     300 A 350 MM,424560310,PZ,121.07
GRILLETE FORJ GALV 1 1/4  x 1 3/8,450812428,PZ,121.21
FLEX SIFOLIMP PVC REG 1/2 x 50 CM,424594303,PZ,122
MECHA EZETA COLA CONICA 14.50 MM,450810584,PZ,122.43
LIJA AA GOLD 24K  G.220,424595682,PZ,122.62
CLAVO ESCUADRA PUL 24 -  90,424589741,PZ,123.1
CORREA SECCION A N.45,450812960,PZ,124.01
TOR P/AGUJ C/TROMP P/MAD  6 x 2,450409095,PZ,124.069092166
CLAVO CAJ PULIDO FRACC  12- 50,424574882,PZ,124.56
MECHA EZETA CILIND TITANIO 11.25 MM,424581134,PZ,124.56
CADENA ONETO CALIBRADA N.55,450800698,PZ,124.56
PALANQ  LAMINADA 1010  63.50 MM,450803832,PZ,124.8
MECHA EZETA COLA CONICA 35.75 MM,450812435,PZ,124.8
SOPAPA ACERO CON RECEPTACULO BAÃ‘ERA,424593695,PZ,124.83
TEJ ROMBO ACINDAR 200-63-12-10 ML,451305272,PZ,124.83
BROCA MANUAL UR56 5/16,450800815,PZ,126.07
MECHA EZETA COLA CONICA 24.25 MM,450803571,PZ,126.67
RIEL DOBLE BLANCO 2.00 MT,450812068,PZ,127.38
MECHA BIASSONI P T E  3/8   LARGA,450805292,PZ,129.27
CAÃ‘O CRISTAL 14 - 18  x  50 MT,450805150,PZ,130
AZADA GHERARDI CARPIR N.1,424595578,PZ,130.32
MECHA EZETA COLA CONICA 17.50 MM,450814696,PZ,131.66
MAQ HORMIGONERA C/MOTOR,450814578,PZ,131.82
CAJA METALICA B2 15x20x43 1 BANDEJA,450408943,PZ,131.86
HORM ALLEMANDI DUAL TARRO  24x250GR,451305364,PZ,131.86
CAJA METALICA B1 15x20x32 1 BANDEJA,451305643,PZ,131.86
CLAVO ESCUADRA PUL 22 -  60,450813560,PZ,132.15
CORREA SECCION A N.42,450810746,PZ,133.54
MECHA EZETA CILIND TITANIO 10.25 MM,424592236,PZ,133.78
CUCHARA ROBLE P/ALBAÃ‘IL N. 8 MOCHA,424572630,PZ,134.46
CLAVO ESPIRALADO 6      x 20 KG,450816379,PZ,134.59
MACHO URANGA A/RAPIDO M 18 x 2.00,450813222,PZ,134.95
GRAMPA P/CORREA N.20,450925787,PZ,135
PITON S/TOPE ESCUAD  P/TACO  6 x 50,413050661,PZ,135.76
MACHO URANGA A/RAPIDO NC  5/8  x 11,451305277,PZ,136.42
CANDADO 606 40MM JGO 12 PZS COMB,451305632,PZ,136.42
MECHA EZETA MULTIMATERIAL  8 MM,424580972,PZ,137.34
TIJERA GHERARDI PODAR 240 MM,424595584,PZ,137.55
PITON S/TOPE CERRADO P/TACO  5 x 50,450802622,PZ,137.89
MECHA EZETA DE CENTRAR 1.25 MM,424587996,RL,137.97
MAQ ZONTA RTO-PALANCA 42,450818697,PZ,138
CAJA METALICA B3 15x20x49 1 BANDEJA,450409286,PZ,138.89
MACHO URANGA A/RAPIDO NC  3/4  x 10,451305294,PZ,138.89
MECHA EZETA CILINDRICA A/R  0.75 MM,450906029,PZ,139
POLIET SIXCOM 2 x 200 x  50 NEGRO,450813579,PZ,139.61
ABRAZ AMERICANA 3000    14 -  20 MM,450811408,PZ,139.62
GRAMPA PRENSA CABLE GALV   1/4,450925788,PZ,139.73
ADHESIVO DUKE P/PVC 1000 CM3,450826249,PZ,140
ADHESIVO DUKE P/PVC  250 CM3,450826250,PZ,140
ADHESIVO DUKE P/PVC  500 CM3,450826253,PZ,140
FAROL RTO-BOQUILLA 500 W,450813763,PZ,140.08
GRILLETE FORJ GALV 1      x 1 1/8,450803200,PZ,140.25
MACHO URANGA A/ALEADO NC  7/8  x  9,450805984,PZ,141.12
GANCHO J P/GALPON COMP 1/4 x  90 MM,450818473,PZ,142.29
TIJERA GHERARDI PODAR RTO-RESORTE,424595585,PZ,142.7
BALDE CHAPA P/ALBAÃ‘IL 1 PZA,450300022,PQ,143
GANCHO P/CAÃ‘O ESTRUCT 40 x  90,424561234,PZ,143.41
TENSOR ACERO GALV IMP  1/2,450813660,PZ,143.45
PITON C/TOPE ESCUAD  BCE 16-35 x200,450814885,PZ,143.47
REGADERA CHAPA GALV N.4  14 LT,424572629,PZ,143.84
CADENA P/PERRO N. 9 LARGO 2.20 MT,424586192,BK,144.03
TOR P/AGUJ C/TROMP P/MAD  6 x   5/8,450409089,PZ,144.113680873
TOR P/AGUJ C/TROMP P/MAD  6 x 1,450409091,PZ,144.113680873
TOR P/AGUJ C/TROMP P/MAD  6 x 1 1/4,450409092,PZ,144.113680873
CEPILLO MANUAL CURVO MANGO PLASTICO,450817108,PZ,144.6
TIJERA RTO-CUCHILLA HUALA 24,424572627,PZ,144.84
CLAVO CAJ PULIDO 17- 75 x 30 KG,450812129,PZ,145.32
TENDEDERO PIE PLEG 9 V ALAMB C/ALAS,450813166,PZ,147.39
CANDADO 606 50MM JGO 12 PZS MAESTRO,451305640,PZ,147.44
PITON S/TOPE CERRADO P/TACO 12 x 20,450813378,PZ,147.98
SOGA TRENZ P/MOTOR EXPL 4.00 MM,424563372,PZ,149.74
CABO P/MARTILLO RECTO 0.25 MT,450901250,PZ,150
DISCO AA GOLD    6 PERF 154  G.360,450814548,PZ,150.7
CORREA SECCION A N.34,450814305,PZ,151.4
GANCHO CONTRA VIENTO 20 -  80 x 50,450900639,PZ,151.95
TEJ ROMBO ACINDAR 150-76-14.5-10 ML,451305273,PZ,152.19
CORTAVIDRIO T/JOBO CABO MADERA,450811913,PZ,153.8
MECHA EZETA COLA CONICA 55.00 MM,450303094,RL,154.14
PITON C/TOPE ABIERTO BCE 21-70 x 50,424561901,PZ,154.26
TELA MOSQ ALUM UNIV 0.61 x 30.0 MT,450806020,PZ,155.43
MECHA EZETA COLA CONICA 26.75 MM,450802593,PZ,156.26
MACHO URANGA A/ALEADO NPT 3/4 x 14,422000826,CJ,157.04
CARCIMA 1019 PALITA TRANSPLANTADORA,450801861,PZ,158.39
CLAVO C/CHATA  7-16,450817001,PZ,159.23
SELLA ROSCAS DUKE  25 GR,450826251,PZ,160
ANAFE 1 HORN ENLOZ C/ROB GAS ENV,450826252,PZ,160
ARANDELA FICHA BRONCEADA  8.0 MM,451102416,PZ,160
ARANDELA FICHA BRONCEADA  8.5 MM,451102417,PZ,160
MECHA NEIKE WIDIA CORTA  4 MM,450303103,RL,160.31
MECHA EZETA COLA CONICA 12.00 MM,450813128,PZ,160.6
MECHA EZETA COLA CONICA 58.00 MM,450303224,RL,161.71
GARRAFAS 1 KG,424560572,PZ,161.74
BIS T/MUNICION C/AGUJ CINC  75x75,424582510,PQ,162.25
ABRAZ A/INOXIDABLE 5504  9 - 13 MM,450801836,PZ,162.95
NIVEL EVEL ALUMINIO  30 CM,450814557,PZ,163.28
GANCHO CONTRA VIENTO 21 -  90 x 25,450900253,PZ,163.45
REGLA EVEL METALICA  50 CM,424590242,PZ,163.56
MECHA EZETA COLA CONICA 39.00 MM,450813562,PZ,163.59
CORTAFRIO GHERARDI HEXAG 18-21 200,450801565,PZ,164.69
POLIET ECO 3 x 100 x 100 NEGRO,450810661,PZ,164.94
MECHA EZETA COLA CONICA 48.00 MM,450818794,PZ,165.36
MECHA EZETA CILIND TITANIO  3.25 MM,450303212,RL,165.64
MECHA EZETA COLA CONICA 52.00 MM,450303225,RL,165.64
TENAZA GHERARDI ARMAD N. 9 ME CORTE,424595649,PZ,165.89
CADENA P/PERRO N. 9 LARGO 1.40 MT,451301275,PZ,166.08
MECHA EZETA COLA CONICA 46.75 MM,450813693,PZ,166.4
MACHO URANGA A/ALEADO NPT 1/4 x 18,422000810,PZ,166.92
MECHA NEIKE WIDIA CORTA  5 MM,450303097,RL,167.15
RIEL DOBLE BLANCO 0.50 MT,450805613,PZ,167.46
HORM ALLEMANDI DUAL TARRO  12x250GR,451305365,PZ,168.15
CABLE ACERO 13.0 MM 6 x 19+1,450814627,PZ,168.91
MECHA EZETA COLA CONICA 51.00 MM,450303223,RL,169.83
BANDA AA TELA  50x478 O/A MET G. 40,424595621,PZ,170.12
BANDA AA TELA  50x478 O/A MET G. 50,424595622,PZ,170.12
BANDA AA TELA  50x478 O/A MET G. 60,424595623,PZ,170.12
MECHA EZETA CILINDRICA A/R  2.25 MM,451301269,PZ,170.2
MECHA EZETA COLA CONICA 27.25 MM,450801128,PZ,170.47
MECHA EZETA COLA CONICA 57.00 MM,450303095,RL,170.55
GRILLETE FORJ GALV   3/8  x   7/16,424595737,PZ,171
MACHO URANGA A/ALEADO M 12 x 1.25,450804615,PZ,171.6
CORTAFRIO GHERARDI HEXAG 18-21 350,450814669,PZ,172.77
HERRADURA ACANALADA PESADA 3,450817113,PZ,174.72
CABO P/RASTRILLO 1.35 MT,450813292,PZ,175.39
PALA MAGER PUNTA     C/LARGO,450811167,PZ,175.5
MECHA FIBRA DE VIDRIO 13.5 MM,424581684,RL,175.94
GANCHO CONTRA VIENTO 23 - 130 x 25,424571103,PZ,176
MECHA NEIKE WIDIA CORTA  3 MM,450303096,RL,176.62
BROCHE A PALANCA HO CINCADO,450303102,RL,176.62
TIJERA GHERARDI PODAR RTO-TORNILLO,424595586,PZ,176.79
PALA GHERARDI FORJ 1/2 L ANGOST C/L,450814189,PZ,177.61
REGULADOR PAZ P/GARR C/MANG 1.50 MT,424572801,PZ,177.71
CLAVO ESCUADRA PUL 14 -  35,450905802,PZ,180
MENSULA DOBLE ALUM   570 MM,413051001,PZ,180.6
GANCHO CONTRA VIENTO 20 -  70 x 50,450905841,PZ,180.65
MECHA EZETA WIDIA LARGA 400  8 MM,424581233,PZ,180.74
GANCHO PLASTICO P/SOGA ELASTICA,450812680,PZ,180.75
CADENA P/PERRO N. 9 LARGO 1.70 MT,450901038,PZ,181.52
MECHA EZETA WIDIA BOSCH 14 x 160 MM,450819830,PZ,181.6
MACHO URANGA A/ALEADO M  7 x 0.75,450812190,PZ,181.63
TORNILLO TIRAFONDO GALV 3/8 x1 3/4,451305329,PZ,181.64
MACHO TAP A/LAMINADO NF  1/8  x 44,424589943,PZ,182
MECHA EZETA CILIND TITANIO  9.00 MM,424574057,PZ,182.52
MECHA NEIKE WIDIA LARGA 250  8 MM,450813002,PZ,184.04
MECHA MAX PLANA P/MAD 1,422003013,PZ,184.39
MAQ ZONTA PERF RTO-ALESADOR,450818698,PZ,185
BANDA AA TELA  75x610 O/A MAD G. 50,450818604,PZ,185.14
TEJ ROMBO ACINDAR 180-50-12-10 ML,451305263,PZ,185.25
CANDADO 606 IMPO 60 MM TRABA DOBLE,451305641,PZ,185.25
CLAVO C/PIZARRA 16-40,450803700,PZ,185.28
CABLE ACERO FORRADO x 100 MT,424564958,PZ,186.16
MECHA EZETA CILINDRICA A/R  3.50 MM,451305201,PZ,186.91
CAÃ‘O CRISTAL  9 - 12  x  50 MT,424564959,PZ,186.95
PITON S/TOPE ESCUAD  P/TACO 12 x 20,424573037,PZ,186.95
ABRAZ AMERICANA 3003    35 -  45 MM,450817083,PZ,187.1
CAÃ‘O CRISTAL  3 -  6  x 100 MT,450901259,PZ,187.77
TOR P/AGUJ C/TROMP P/MAD  6 x 2 1/4,450409096,PZ,187.774020641
MECHA EZETA CILINDRICA A/R 13.75 MM,451301263,PZ,190.46
MECHA EZETA CILINDRICA A/R 14.00 MM,451301264,PZ,190.46
MECHA EZETA CILINDRICA A/R 14.25 MM,451301265,PZ,190.46
MECHA EZETA CILINDRICA A/R 14.50 MM,451301266,PZ,190.46
MECHA EZETA CILINDRICA A/R 14.75 MM,451301267,PZ,190.46
TOR P/MECHA C/FIJAD-PHIL  6 x   5/8,450812850,PZ,190.56
CORREA SECCION A N.55,413063056,PZ,190.58
TORNILLO TIRAFONDO GALV 3/16x1,451305274,PZ,190.76
TORNILLO TIRAFONDO GALV 3/16x1 1/4,451305275,PZ,190.76
TORNILLO TIRAFONDO GALV 5/16x1,451305309,PZ,190.76
MACHO URANGA A/RAPIDO M  8 x 0.75,451305310,PZ,190.76
CANDADO 606 IMPO 20 MM TRABA SIMPLE,451305642,PZ,190.76
TOR P/AGUJ C/TROMP P/MAD  6 x   3/4,450409090,PZ,191.114785426
MECHA EZETA DOBLE PUNTA 2.75 MM,424585138,PZ,191.95
MECHA EZETA WIDIA BOSCH 25 x 460 MM,450804920,PZ,192.21
MECHA EZETA COLA CONICA 16.75 MM,450600387,RL,192.4
CUCHARA GHERARDI FORJ N. 8,450813954,PZ,193.76
MECHA EZETA COLA CONICA 39.25 MM,450803948,PZ,194.11
GRIFERIA VENUS DUCHA ARTIC CROMO,450813090,PZ,194.58
FRATACHO PINO 12 x 30 CM,450409148,PZ,194.685947781
ARGOLLA GUADAÃ‘A REF C/TORNILLO,424595587,PZ,194.75
ABRAZ AMERICANA 3008    80 -  95 MM,450600307,MT,195.14
MECHA EZETA CILIND TITANIO  9.25 MM,424572799,PZ,197.39
CABLE ACERO 19.0 MM 6 x 19+1,424587965,PZ,197.6
PITON HO PUL ESCUAD  17 -  40 x 200,450812117,PZ,197.8
TORNILLO TIRAFONDO GALV 3/16x1 1/2,451305276,PZ,198.55
MECHA EZETA COLA CONICA 12.25 MM,450800826,PZ,198.74
TENDEDERO PIE PLEG 7 V CAÃ‘O  C/ALAS,450813838,PZ,199.1
MAQ P/RALLAR RTO-MANIJA,424575403,PZ,199.13
MECHA EZETA CILIND TITANIO  2.00 MM,424589282,PZ,199.604973
MECHA EZETA COLA CONICA 43.75 MM,450819949,PZ,200
TABLA PLANCHAR RTO-FUNDA,424561823,PZ,200.72
CARRETILLA CUART RUEDA GOMA  MACIZA,424563345,PZ,200.72
BANDA AA TELA  50x478 O/A MET G. 24,424595624,PZ,201.77
CAÃ‘O HIDROCARBURO  9 - 15  x 50 MT,451305595,PZ,202.35
CLAVO CAJ PULIDO 18-164 x 20 KG,450814237,PZ,202.41
MECHA EZETA WIDIA CORTA 13 MM,424570568,PZ,202.43
LIJA AA FENOB G. 60   120 x 45000,450802235,PZ,202.8
MECHA BIASSONI P T E  7/16  LARGA,450805293,PZ,202.8
TORNILLO TIRAFONDO GALV 3/8 x2,451305330,PZ,204.06
GRIFERIA VENUS BIDET CROMO,450811892,MT,204.31
TOR P/AGUJ C/TROMP P/MAD  6 x 2 1/2,450409097,PZ,204.593043349
BANDA AA TELA  50x478 O/A MET G. 36,424595620,PZ,204.74
GRAMPA PRENSA CABLE GALV 1,450813272,PZ,204.93
MECHA EZETA CILINDRICA A/R  3.75 MM,451305206,PZ,206.779229425
MECHA EZETA CILINDRICA A/R  4.00 MM,451305208,PZ,206.779229425
MECHA EZETA CILINDRICA A/R  4.25 MM,451305209,PZ,206.779229425
MECHA EZETA CILINDRICA A/R  4.50 MM,451305210,PZ,206.779229425
MECHA EZETA CILINDRICA A/R  4.75 MM,451305211,PZ,206.779229425
MECHA EZETA CILINDRICA A/R  5.00 MM,451305212,PZ,206.779229425
MECHA EZETA CILINDRICA A/R  5.25 MM,451305213,PZ,206.779229425
MECHA EZETA CILINDRICA A/R  5.50 MM,451305214,PZ,206.779229425
MECHA EZETA CILINDRICA A/R  5.75 MM,451305215,PZ,206.779229425
CORTINA P/BAÃ‘O RTO-PROTECT BLANCO,450813426,PZ,206.82
FLEX DUKE PLAST CONEX MET 1/2 x 40,450821306,PZ,207
TEJ ROMBO ACINDAR 150-76-14-10 ML,451305246,PZ,207.48
TORNILLO TIRAFONDO GALV 3/16x2 3/4,451305293,PZ,207.48
CADENA P/PERRO N.15 LARGO 1.40 MT,424590201,BK,207.6
ARCO SIERRA CARNICERO RTO-HOJA 520,450302952,PQ,207.79
BROCA MANUAL UR36 3/16,450805263,PZ,208
MECHA EZETA COLA CONICA 54.00 MM,424500809,PZ,210
TORNILLO TIRAFONDO GALV 1/4 x3 1/4,451305304,PZ,210.14
MECHA EZETA COLA CONICA 11.75 MM,450814633,PZ,210.46
MECHA EZETA JUEGO WIDIA CORTA x 4 U,450302955,PQ,210.86
LIJA AA GOLD 24K  G.280,424595679,PZ,211.18
MECHA EZETA WIDIA BOSCH 18 x 210 MM,450813591,PZ,212.13
MECHA EZETA COLA CONICA 28.75 MM,450813119,PZ,213
MECHA EZETA DOBLE PUNTA 3.60 MM,424580048,PQ,213.04
CABO P/PALA 0.70 MT EMPUNAD PLAST,424582556,PQ,213.04
MACHO URANGA A/ALEADO BSP  3/8 x 19,424572391,PZ,213.2
MACHO URANGA A/ALEADO NC     6 x 32,424599828,PZ,213.26
MECHA NEIKE WIDIA LARGA 400  6 MM,424590108,BK,214.71
CONEXION FUELLE INODORO,424593686,PZ,214.77
MECHA EZETA CILINDRICA A/R 17.00 MM,424501688,PZ,216.22
CADENA P/PERRO N.18 LARGO 1.40 MT,422501878,CJ,216.32
MECHA EZETA COLA CONICA 59.00 MM,422003019,PZ,216.7
CLAVO C/PIZARRA 16-35,424589312,PZ,217.79
GRIFERIA VENUS LAVAT SIMPLE CROMO,424504951,PZ,218.5
TORNILLO TIRAFONDO GALV 1/4 x1,451305295,PZ,218.88
TORNILLO TIRAFONDO GALV 1/4 x3 1/2,451305305,PZ,218.88
CANDADO 606 IMPO 25 MM TRABA SIMPLE,451305598,PZ,218.88
MECHA MAX PLANA P/MAD    7/8,422003006,PZ,219.66
CLAVO C/CHATA 12-25,450818808,PZ,220
PITON C/TOPE ABIERTO BCE 18-45 x100,424561673,PZ,220.34
MECHA EZETA COLA CONICA 26.25 MM,450802973,PZ,220.48
MECHA EZETA COLA CONICA 17.00 MM,450810918,PZ,220.99
CLAVO C/PIZARRA 16-25,424589310,PZ,221.06
CLAVO C/PIZARRA 16-30,424589311,PZ,221.06
RIEL DOBLE ALUM   1.00 MT,450818619,PZ,221.52
MECHA EZETA WIDIA BOSCH  8 x 300 MM,424570567,PZ,221.53
CLAVO PUNTA PARIS 6      x 20 KG,424589305,PZ,221.57
CLAVO PUNTA PARIS 7      x 20 KG,424589306,PZ,221.57
CLAVO PUNTA PARIS 8      x 20 KG,424589307,PZ,221.57
CLAVO C/PIZARRA 16-20,424589308,PZ,221.57
BANDA AA TELA  75x508 O/A MAD G.100,450814541,PZ,222.05
MECHA EZETA WIDIA BOSCH 20 x 200 MM,450804927,PZ,222.06
CINTA TEFLON    3/4 x 20 MT,424585139,PZ,223.18
GRIFERIA VENUS LAVAT C/MEZC BLANCO,450801197,PZ,224.22
GRILLETE FORJ GALV   9/16 x   5/8,450814216,PZ,224.66
LIJA AA GOLD 24K  G.240,424595681,PZ,225.51
MECHA EZETA CILINDRICA A/R  9.25 MM,424589313,PZ,226.5
GRAMPA P/CORREA N.55,413063905,PZ,228.08
CABO P/PALA 0.70 MT EMPUNAD METAL,450812456,PZ,228.36
MECHA EZETA CILINDRICA A/R  2.50 MM,424589503,PZ,228.61
MECHA EZETA CILINDRICA A/R 19.25 MM,424589498,PZ,228.64
MECHA EZETA CILINDRICA A/R  9.00 MM,424589499,PZ,228.64
MECHA EZETA CILINDRICA A/R  8.75 MM,424589500,PZ,228.64
MECHA EZETA CILINDRICA A/R  2.75 MM,424589501,PZ,228.64
MECHA EZETA CILINDRICA A/R 19.00 MM,424589502,PZ,228.64
TELA M/SOMBRA 100 MT GRIS       90%,424583420,CJ,228.8
MECHA EZETA COLA CONICA 45.00 MM,450818807,PZ,228.8
MECHA EZETA CILINDRICA A/R  9.50 MM,424589309,PZ,230.43
CADENA P/PERRO N.11 LARGO 1.70 MT,450901037,PZ,231.31
CAÃ‘O HIDROCARBURO  7 - 11  x 50 MT,451305593,PZ,231.61
TORNILLO TIRAFONDO GALV 1/4 x1 1/4,451305296,PZ,232.37
MECHA EZETA WIDIA BOSCH 10 x 160 MM,424572037,PZ,232.81
LIJA AA COLORADO RUBI G. 80 GRU,450803954,PZ,232.96
TORNILLO TIRAFONDO GALV 3/16x2 1/4,451305291,PZ,235.22
SELLADOR S-28 SILIC TRANSP 300 GR,450802573,PZ,235.77
TORNILLO TIRAFONDO GALV 1/4 x2 1/4,451305300,PZ,238.26
GUANTE LATEX P/LARGO MEDIANO,424589634,PZ,238.83
BALDE PLAST ALBAÃ‘IL VOSS 2000,424589620,PZ,240.26
LIJA AA GOLD 24K  G.800,424595602,PZ,241.71
BANDA AA TELA 100x620 O/A MAD G. 36,424595603,PZ,241.71
MARTILLO 2228 RTO-CABEZA DIAM 27,450812248,PZ,243.23
CABO P/MARTILLO LABRADO 0.40 MT,450904802,PZ,243.36
CAJA METALICA F1 20x20x32 2 FUELLES,450409333,PZ,244.15
REGULADOR P/GARR S/MANGUERA     IMP,451305544,PZ,244.15
CINTA EVEL 502 FLEJE 17MM   2 MT,424564496,PZ,245.11
ADHESIVO DUKE P/PVC  100 CM3,450812073,PZ,245.42
MAQ HORMIGONERA S/MOTOR,424588388,PZ,245.8
TELA M/SOMBRA  50 MT VERDE-BLAN 80%,422003014,PZ,245.86
TELA M/SOMBRA 100 MT VERDE-BLAN 80%,422003009,PZ,246.25
CABLE ACERO  4.0 MM 6 x 19+1,424599966,RL,246.48
RIEGO KIT MANGUERA 1/2 x 25 MTS,424588919,PZ,247.09
CINTA EVEL 603 CAJA ZAMAC   3 MT,413062553,PZ,247.55
ELECTRODO ESAB P/AZUL 2.50 MM,450814544,PZ,248.02
CINTA PELIGRO 8 CM x 100 MT,413062006,PZ,248.72
BIS FICHA P/SOLD REF 100-33   x 2.5,450800036,PZ,248.93
MECHA EZETA CILINDRICA A/R  2.00 MM,451305232,PZ,249.095664214
MECHA EZETA CILINDRICA A/R  8.50 MM,451305233,PZ,249.095664214
MECHA EZETA CILINDRICA A/R  1.50 MM,451305234,PZ,249.095664214
MECHA EZETA CILINDRICA A/R  1.25 MM,451305235,PZ,249.095664214
MECHA EZETA CILINDRICA A/R  8.25 MM,451305236,PZ,249.095664214
MECHA EZETA CILINDRICA A/R  8.00 MM,451305237,PZ,249.095664214
INSEC ALLEMANDI YARARA TARRO 12x1KG,451305359,PZ,249.66
GANCHO CONTRA VIENTO 26 - 190 x 10,424500054,PZ,250
MARTILLO 2236 RTO-CABEZA DIAM 35,450813900,PZ,252.95
PITON HO PUL ESCUAD  22 -  80 x 100,413051796,PZ,255.37
TOR P/AGUJ C/TROMP P/MAD  8 x 1,450409098,PZ,255.395707829
TOR P/AGUJ C/TROMP P/MAD  8 x 1 1/2,450409099,PZ,255.395707829
MECHA EZETA COLA CONICA 49.75 MM,451100020,PZ,255.84
MECHA EZETA CILIND TITANIO  8.00 MM,424580340,PZ,256.1
INSEC ALLEMANDI YARARA BOLSA 20x1KG,451305360,PZ,256.31
MAQ HORMIGONERA RTO-CORONA,450803614,PZ,256.36
BANDA AA TELA  75x610 O/A MAD G.120,450814840,PZ,257.64
CAÃ‘O CRISTAL  8 - 11  x  50 MT,424562377,PZ,257.92
CADENA NUDO N.17,450812780,PZ,258.22
GANCHO J P/GALPON      1/4 x  50 MM,451305183,PZ,258.75
CADENA P/PERRO N.17 LARGO 1.40 MT,424582573,PQ,259.08
CORREA SECCION A N.35,450813074,PN,259.5
CANILLA RTO-PICO BCE CROMADO   3/4,413052449,PZ,259.98
CADENA ENGANCHE N. 4 HO GALVANIZADO,424580022,PZ,262.86
GRINFA EL ROBLE ACERO FORJADO N. 6,424595590,PZ,262.95
MACHETE GHERARDI N.22  558 MM,424595591,PZ,262.95
MACHETE GHERARDI N.20  510 MM,424595592,PZ,262.95
GRINFA EL ROBLE ACERO FORJADO N.12,424595593,PZ,262.95
REGADERA CHAPA GALV N.3  12 LT,413051484,PZ,263.04
CANDADO 606 IMPO 30 MM TRABA SIMPLE,451305599,PZ,263.15
BANDA AA TELA 100x620 O/A MAD G. 60,424595640,PZ,263.69
BANDA AA TELA 100x620 O/A MAD G. 50,424595641,PZ,263.69
BANDA AA TELA 100x620 O/A MAD G. 40,424595642,PZ,263.69
PINZA GHERARDI PICO LORO 230 MM,424595643,PZ,263.69
BANDA AA TELA  50x478 O/A MET G.180,424595644,PZ,263.69
LIJA AA GOLD 24K  G.600,424595645,PZ,263.69
MACHO URANGA A/RAPIDO NC 1     x  8,451305362,PZ,264.86
ESCUADRA PLANA GALV  25 x 10 MM,450409258,PZ,265.072405825
ESPATULA S JUANA PINTOR 90 MM,450409259,PZ,265.072405825
ESPATULA S JUANA PINTOR 80 MM,450409260,PZ,265.072405825
ESPATULA S JUANA PINTOR 70 MM,450409261,PZ,265.072405825
ESPATULA S JUANA PINTOR 60 MM,450409262,PZ,265.072405825
CABEZAL P/CORTINA MOSQUERA 100 CM,451305629,PZ,266.76
RIEGO LLUVIA  ACOPLE RAPIDO,450812444,PZ,267.33
MECHA EZETA COLA CONICA 21.50 MM,450813762,PZ,267.43
PALANQ  LAMINADA 1045 101.60 MM,424589776,PZ,270.25
CORREA SECCION O N.18,450813803,PZ,270.76
LIJA AA COLORADO RUBI G. 50 E/G,450811165,PZ,270.96
PITON C/TOPE CERRADO BCE 18-45 x100,450804290,PZ,272.33
COLA A-10 SINTETICA x  6       KG,451305563,PZ,272.65
GANCHO ESTIRA TEJ GALV 3/8  x  5,450802758,PZ,273.02
PITON S/TOPE ABIERTO P/TACO  4 x100,450800722,PZ,275.81
GUARDACABO GALV   3/8,450802205,PZ,277.03
TORNILLO TIRAFONDO GALV 1/4 x1 1/2,451305297,PZ,277.97
COLA A-20 SINTETICA x     1/8  KG,451305564,PZ,277.97
MECHA EZETA CILIND TITANIO 12.50 MM,424572800,PZ,279.16
MECHA EZETA CILIND TITANIO  9.50 MM,424574235,PZ,280.11
GANCHO ESTIRA TEJ GALV 3/8  x  7,450900685,PZ,282.9
LIJA AA FENOB G.100   150 x 45000,450813723,PZ,283.3
TORNILLO TIRAFONDO GALV 1/4 x2 1/2,451305301,PZ,283.86
SEMILLA REFORZADA N. 6,450812346,GL,284.02
MACHO URANGA A/RAPIDO M  4 x 0.50,451305363,PZ,286.71
LIJA AA GOLD 24K  G. 80,424594596,PZ,286.91
MECHA EZETA COLA CONICA 17.25 MM,450811495,PZ,289.17
GANCHO ESTIRA TEJ GALV 3/8  x 11,450800575,PZ,289.55
TORNILLO TIRAFONDO GALV 1/4 x4,451305306,PZ,289.75
INSEC ALLEMANDI YARARA BOLSA 4x5 KG,451305361,PZ,289.75
PITON HO PUL ESCUAD  24 - 100 x  50,424574250,PZ,290.64
TORNILLO TIRAFONDO GALV 3/16x3,451305597,PZ,291.65
PINZA GHERARDI PICO LORO D/CREM 175,424595594,PZ,292.37
CANILLA SIFOLIMP PVC 1/2 C/PICO,424593696,PZ,292.48
CADENA NUDO N. 6,450813902,PZ,293.7
GANCHO ESTIRA TEJ GALV 5/16 x 12,424589505,PZ,293.84
RIEGO ACOPLE RAPIDO M 1/2,450814485,PZ,294.06
CABO P/LIMA REDONDA   100 A 150 MM,450800862,PZ,294.11
LIJA AA FENOB G.120   150 x 45000,450814090,GL,294.52
CLAVO C/REDONDA 12-16,450806321,PZ,298.94
MECHA EZETA COLA CONICA 31.25 MM,450811811,PZ,299.52
MECHA EZETA CILINDRICA A/R 16.25 MM,451102265,PZ,299.98
MECHA EZETA CILINDRICA A/R 15.75 MM,451102329,PZ,299.98
CLAVO ESCUADRA PUL 23 -  80,450814094,GL,300.59
HERRADURA ACANALADA PESADA C/CLIP 5,450814095,GL,300.59
GRILLETE FORJ GALV   5/8  x   3/4,450814510,PZ,301.39
MECHA MAX PLANA P/MAD    1/2,424588271,PZ,301.6
CLAVO ESCUADRA PUL 25 - 100,424572008,PZ,301.65
CAÃ‘O CRISTAL 19 - 25  x  25 MT,450801010,PZ,301.74
PITON C/TOPE CERRADO BCE 23-80 x 25,424589764,PZ,302.22
MECHA EZETA WIDIA BOSCH 14 x 210 MM,450819829,PZ,304
MACHO URANGA A/RAPIDO BSP  1/4 x 19,424570009,PZ,304.06
MECHA EZETA COLA CONICA 11.00 MM,450812914,PZ,304.1
MECHA EZETA WIDIA LARGA 400 20 MM,424580098,PZ,304.11
CAÃ‘O CRISTAL  6 -  9  x  50 MT,424588920,PZ,304.28
CLAVO ESPIRALADO 1 1/2  x 20 KG,424574155,PZ,304.65
MACHO URANGA A/ALEADO M 14 x 1.50,450813931,PZ,304.93
PITON HO PUL ESCUAD  21 -  50 x 100,450817498,PZ,305.41
TOR P/AGUJ C/TROMP P/MAD 10 x 3,450409106,PZ,305.507179595
TOR P/AGUJ C/TROMP P/MAD 10 x 4,450409107,PZ,305.507179595
TOR P/AGUJ C/TROMP P/MAD 10 x 5,450409108,PZ,305.507179595
MAQ ZONTA PERF RTO-PALANCA PRESION,422003007,PZ,306.33
TOR P/AGUJ C/TROMP P/MAD 10 x 2,450409104,PZ,307.23516138
BANDA AA TELA  75x457 O/A MAD G. 36,424595721,PZ,309.32
AZADA GHERARDI MENDOCINA 3      LBS,424595575,PZ,311.91
HORQUILLA GHERARDI 4 PUAS C/CORTO,450409109,PZ,311.958311592
BISAGRA REVERSIBLE PULIDA  2x 3x1.5,451305194,PZ,312
MECHA EZETA COLA CONICA 21.00 MM,450814092,GL,312.01
MACHO URANGA A/RAPIDO M  8 x 1.00,451305376,PZ,312.36
COLA P-60 P/PISOS DE MAD x 25 KG,451305512,PZ,312.36
MACHO URANGA A/ALEADO BSPT 1/8 x 28,450801724,PZ,314.18
MECHA EZETA COLA CONICA 14.00 MM,450812915,PZ,315.76
MECHA MAX PLANA P/MAD   15/16,424564983,PZ,317.2
MECHA NEIKE WIDIA LARGA 400 10 MM,424580220,PZ,317.2
BIS FICHA P/SOLD REF 100-33-8 x 2.5,450813587,PZ,317.2
CEMENTO SOPLETEABLE ROJO  x 18 LT,451305497,PZ,317.87
MECHA EZETA COLA CONICA 16.00 MM,450800042,PZ,318.28
TOR P/AGUJ C/TROMP P/MAD 10 x 2 1/2,450409105,PZ,318.755039947
CADENA P/PERRO N.18 LARGO 2.20 MT,424590005,PZ,319.9
MAQ ZONTA PERFORADORA AZULEJOS,450818696,PZ,320
CORREA SECCION A N.37,450817051,PZ,320.17
ALAMB REC NEGRO N.17 1.42 MM,424561072,PZ,321.17
CUCHARIN ROBLE P/ALBAÃ‘IL N. 5 1/2,424590036,PQ,322.14
PLANCHUELA 1518 6     x   3/4,451305418,PZ,323.38
CINTA BLANCA PESADA    x 100 MT,451305419,PZ,323.38
CINTA MINISTERIO VERDE x 100 MT,451305420,PZ,323.38
CINTA MARRON LIVIANA   x 100 MT,451305421,PZ,323.38
CAÃ‘O FUM-EVA 50 BAR 10x 50 MT,451305422,PZ,323.38
CAÃ‘O ALTA PRESION ROJO  6 MM x50 MT,451305423,PZ,323.38
MACHO URANGA A/RAPIDO M  5 x 0.50,451305424,PZ,323.38
COLA A-20 SINTETICA x     200  GR,451305565,PZ,323.38
CANDADO 606 IMPO 40 MM TRABA DOBLE,451305600,PZ,323.38
GANCHO CONTRA VIENTO 27 - 190 x 10,450810637,PZ,323.47
MECHA EZETA CILINDRICA A/R  3.00 MM,451305199,PZ,325.51
CUCARACHICIDA ALLEMANDI LIQ 12x500,451305377,PZ,326.8
CLAVO PUNTA PARIS 3 1/2  x 20 KG,451102267,PZ,326.97
TEJ ROMBO ACINDAR 180-50-14-10 ML,451305252,PZ,329.46
COLA A-20 SINTETICA x     1/4  KG,451305566,PZ,329.46
CLAVO ACERO GALV 2.0 - 40 x 200,450806136,PZ,330.83
HERRADURA ACANALADA PESADA 4,450814091,GL,330.83
ENROLLADOR REGADOR C/RUEDA,450801725,PZ,332.65
TORNILLO TIRAFONDO GALV 1/4 x1 3/4,451305298,PZ,334.97
CANDADO 606 IMPO 50 MM TRABA DOBLE,451305601,PZ,334.97
GANCHO CONTRA VIENTO 26 - 210 x 10,450905698,PZ,335.34
CORTINA P/BAÃ‘O COMPLETA CELESTE,450819598,PZ,335.6
CLAVO P/PARIS FRACC  8,424500871,PZ,336.56
ADHESIVO DUKE P/PVC   50 CM3,450825853,PZ,336.6
MECHA MAX PLANA P/MAD    1/4,422002998,PZ,336.87
PITON P/MAD SOLDADO  22 -  80 x 50,450812978,PZ,337.35
CINTA PASACABLES FLEJE 10 MT,413062942,PZ,337.52
CAÃ‘O RIEGO GREEN 1     x 25 MT,451305302,PZ,340.48
TORNILLO TIRAFONDO GALV 3/16x1 3/4,451305602,PZ,340.48
MACHO URANGA A/RAPIDO NC  3/8  x 16,451305620,PZ,340.48
MECHA NEIKE WIDIA CORTA  8 MM,450302745,PZ,343.46
PITON P/MAD SOLDADO  26 - 120 x 25,450801755,PZ,344.82
CAÃ‘O ALTA PRESION ROJO 12 MM x50 MT,451305627,PZ,345.99
CAÃ‘O HIDROCARBURO  6 - 10  x 50 MT,451305633,PZ,345.99
GRIFERIA VENUS DUCHA ARTIC BLANCO,424504952,PZ,346.32
TORNILLO TIRAFONDO GALV 3/16x2 1/2,451305292,PZ,346.37
CAÃ‘O HIDROCARBURO 10 - 16  x 50 MT,451305596,PZ,346.37
CLAVO ESPIRALADO FRACC  3 1/2,424575181,PZ,348.77
CABLE CORDON  1.5 MM 1 x 19,450810952,PZ,349.38
MECHA EZETA CILINDRICA A/R  0.70 MM,450906028,PZ,350
CLAVO ESPIRALADO 5      x 20 KG,424575249,PZ,350.96
CLAVO ESPIRALADO 3 1/2  x 15 KG,450816455,PZ,351
CABO P/HORQUILLA RECTO S/REGATON,450803634,PZ,351.92
CANILLA SIFOLIMP PVC 1/2 SERVICIO,424593697,PZ,352.07
CANILLA DUKE METAL NIQ ESFERA 1,451305425,PZ,352.07
CANILLA DUKE METAL NIQ ESFERA   3/4,451305426,PZ,352.07
CANILLA DUKE METAL NIQ ESFERA   1/2,451305427,PZ,352.07
CINTA BLANCA C/3 RAYAS x 100 MT,451305428,PZ,352.07
CANILLA MET DOBLE  P/LAVARROPA 1/2,451305429,PZ,352.07
POLIET ECO 3 x 200 x  50 CRISTAL,451305430,PZ,352.07
PINTURA MATRA AEROSOL AMARILLO,451305431,PZ,352.07
MACHO URANGA A/RAPIDO NC  5/16 x 18,451305621,PZ,352.07
PALA GHERARDI FORJ ANCHA        C/L,450806023,PZ,352.43
CINTA PASACABLES FLEJE 25 MT,450811896,PZ,353.5
LIJA AA FENOB G. 60   150 x 45000,450802957,PZ,353.6
TOR P/AGUJ C/TROMP P/MAD  8 x 2,450409100,PZ,355.273055004
TOR P/AGUJ C/TROMP P/MAD  8 x 2 1/2,450409101,PZ,355.273055004
ESPATULA S JUANA ENDUIR 160 MM,451305184,PZ,362.25
ESC BARREHOJA EL ABUELO PLASTICA,451305189,PZ,362.25
ESCARDILLO CORAZON Y 2 PUAS 78 MM,451305190,PZ,362.25
ESCARDILLO CORAZON Y 2 PUAS 67 MM,451305191,PZ,362.25
CLAVO ACERO GALV 3.0 - 50 x 100,451404427,PZ,363
TORNILLO TIRAFONDO GALV 5/16x4,451305320,PZ,363.47
TORNILLO TIRAFONDO GALV 5/16x4 1/2,451305321,PZ,363.47
GRAMPA P/CERCO 10-25 MM,450813699,PZ,366.88
ENROLLADOR REGADOR C/BASE,450800585,PZ,369.86
TOR P/MECHA WIN 10 - 24 x 1 7/16,424593698,PZ,372.97
HORM ALLEMANDI DUAL TARRO  12x 1 KG,451305366,PZ,374.87
RIEGO REGADOR 5V ACOPLE ESPIGA,424564885,PZ,375.34
CORREA SECCION A N.40,450811888,PZ,375.44
DESTAPACAÃ‘ERIA CINTA ACERO 10 MT,450814052,PZ,377.83
CHAIRA BIASSONI LISA  8 - 203 MM,424500507,PZ,378
MECHA MAX   JUEGO A/R x 6 UNID,422000590,CJ,379.6
BIS FICHA P/SOLD REF  80- 8   x 2.5,450814018,PZ,379.6
BANDA AA TELA  64x410 O/A MAD G.120,424595651,PZ,380.07
CLAVO P/PARIS FRACC  1,450814093,GL,381.56
RIEGO PISTOLA ACOPLE RAPIDO,450813737,PZ,382.2
LIMPIAMANOS ALLEMANDI PASTA   x6 KG,451305372,PZ,383.8
INSEC ALLEMANDI LIQ 12 x  500 CM3,451305373,PZ,383.8
CEMENTO 81 DE CONTACTO  x    1/4 LT,451305545,PZ,383.8
CEMENTO 81 DE CONTACTO  x    1/2 LT,451305546,PZ,383.8
CEMENTO 81 DE CONTACTO  x  1     LT,451305547,PZ,383.8
PITON HO PUL ESCUAD  20 -  60 x 100,424565514,PZ,384.17
MAQ ZONTA RTO-TRONZADOR,451100184,PZ,384.8
MECHA EZETA COLA CONICA 56.00 MM,424588242,PZ,385.39
MECHA EZETA COLA CONICA 25.50 MM,450802594,PZ,385.74
COLA A-20 SINTETICA x     1/2  KG,451305567,PZ,386.08
MECHA EZETA CILINDRICA A/R  0.50 MM,450906113,PZ,390
TEJ ROMBO ACINDAR 150-50-14-10 ML,451305240,PZ,390.45
MACHO URANGA A/RAPIDO BSP  1/8 x 28,450805146,PZ,390.92
COLA A-20 SINTETICA x     800  GR,451305568,PZ,391.59
CORREA SECCION A N.43,450812128,PZ,393.64
PICO GHERARDI PTA-PALA 102 MM,450813446,PZ,394.38
DESINFECT ALLEMANDI LAVANDA 12x1 LT,451305378,PZ,395.01
PITON HO PUL ESCUAD  25 - 100 x  50,424572429,PZ,396.18
MECHA EZETA COLA CONICA 43.00 MM,450819339,PZ,400
TORNILLO TIRAFONDO GALV 1/4 x2,451305299,PZ,403.18
TORNILLO TIRAFONDO GALV 1/4 x4 1/2,451305307,PZ,403.18
LIMPIAMANOS ALLEMANDI POLVO 24x400G,451305367,PZ,403.18
TOPE AUTOADHESIVO RECTANGULAR,450812911,PZ,408.32
TORNILLO TIRAFONDO GALV 1/4 x3,451305303,PZ,408.69
MACHO URANGA A/RAPIDO M  7 x 0.75,451305308,PZ,408.69
LIMPIAMANOS ALLEMANDI POLVO 12x850G,451305368,PZ,408.69
COLA A-20 SINTETICA x  1       KG,451305569,PZ,408.69
CLAVO C/CHATA 10-30,413063116,PZ,408.77
CADENA P/PERRO N.10 LARGO 2.20 MT,424582566,PQ,409.41
CARRETILLA CUART TELESCOPICA  70 LT,424564916,PZ,410.07
CANASTO CHAPA P/ALBAÃ‘IL 1 PZA,424564917,PZ,410.07
PITON HO PUL ESCUAD  20 -  40 x 100,424561623,PZ,413.13
COLA T-15 P/TELGOPOR  1    KG,451305518,PZ,414.2
COLA A-20 SINTETICA x  6       KG,451305570,PZ,414.2
CLAVO C/PLOMO  63 MM x 100 U,424580017,PZ,415.9
MECHA EZETA CILIND TITANIO  4.00 MM,450303111,PZ,416
CORREA SECCION A N.39,450811590,PZ,416
CAÃ‘O CRISTAL 25 - 31  x  25 MT,450803419,PZ,418.89
BROCA MANUAL - MANGO BTU12 1/2,450812993,PZ,419.58
RIEGO ACOPLE RAPIDO H 1/2,450813960,PZ,425.22
CHAIRA BIASSONI LISA 12 - 305 MM,424580039,PZ,425.57
TABLA PLANCHAR ECO C/POSA PLANCHA,424585130,PZ,425.57
CADENA P/PERRO N.11 LARGO 2.20 MT,424580023,PZ,425.98
CANDADO 606 40MM JGO  6 PZS MAESTRO,451305603,PZ,431.68
CORREA SECCION A N.58,450800788,PZ,435.4
GANCHO CONTRA VIENTO 24 -  90 x 15,450905296,PZ,436.8
COLA T-15 P/TELGOPOR  6    KG,451305519,PZ,437.19
CALEFACTOR P/MICROGARRAFA,450800898,PZ,437.56
CLAVO P/PARIS FRACC  7,450813645,PZ,437.83
MACHO URANGA A/RAPIDO M 12 x 1.50,450811339,PZ,438.26
CLAVO C/CHATA 12-30,450818796,PZ,440
HILO ALGODON CRUDO 10 x 100 GR,450302953,PZ,441.15
TORNILLO TIRAFONDO GALV 5/16x2 3/4,451305316,PZ,442.7
TORNILLO TIRAFONDO GALV 5/16x3 1/4,451305318,PZ,442.7
MACHO URANGA A/RAPIDO M  6 x 0.50,451305550,PZ,442.7
CAÃ‘O ALTA PRESION ROJO 10 MM x50 MT,451305628,PZ,442.7
CLAVO ESCUADRA PUL 24 - 110,451300793,PZ,444.23
REGADERA CHAPA GALV RTO-FLOR,424572631,PZ,445.74
PITON HO PUL ESCUAD  19 -  50 x 100,424590997,PZ,445.94
CAÃ‘O RIEGO BLUE 1     x 25 MT,451305577,PZ,446.12
MECHA EZETA COLA CONICA 43.25 MM,450819917,PZ,450
MECHA EZETA COLA CONICA 43.50 MM,450819918,PZ,450
CURVA CHAPA GALV CORRUGADA 3 ANG 90,450409214,PZ,451.348842252
CORREA SECCION A N.38,450813116,PZ,453.65
ABRAZ AMERICANA 3002/5  30 -  40 MM,450802761,PZ,453.66
CINTA EVEL 110 STANDARD    10 MT,422000834,PZ,456.65
GRAMPA P/CERCO  8-38 MM,450803321,PZ,456.72
TORNILLO TIRAFONDO GALV 5/16x3,451305317,PZ,459.42
TORNILLO TIRAFONDO GALV 5/16x3 1/2,451305319,PZ,459.42
MECHA EZETA COLA CONICA  9.50 MM,450812916,PZ,461.06
TOR P/AGUJ C/TROMP P/MAD  8 x 3,450409102,PZ,462.407925676
TOR P/AGUJ C/TROMP P/MAD 10 x 1 1/2,450409103,PZ,462.407925676
TENAZA GHERARDI ARMAD N.12 ME CORTE,424595668,PZ,464.39
SOMBRERETE DOBLE ALA GALV 6,450409207,PZ,466.670280746
SOMBRERETE TIPO H GALV 3,450409208,PZ,466.670280746
SOMBRERETE TIPO H GALV 4,450409209,PZ,466.670280746
SOMBRERETE TIPO H GALV 6,450409210,PZ,466.670280746
CURVA CHAPA GALV CORRUGADA 3 ANG 45,450409211,PZ,466.670280746
CURVA CHAPA GALV ARTICULADA 3,450409212,PZ,466.670280746
CAÃ‘O VENTILACION CHAPA GALV 6,450409213,PZ,466.670280746
CORTINA P/BAÃ‘O COMPLETA BLANCA,424566339,PZ,466.7
SELLA ROSCAS DUKE  90 GR,450900139,PZ,467.14
PALA GHERARDI FORJ ANCHA        C/C,450803061,PZ,469.07
CAÃ‘O RIEGO BLUE 1     x 50 MT,451305578,PZ,470.25
RIEGO ROCIA GIRAT C/BASE ACOPLE RAP,450820451,PZ,470.8
COLA A-20 SINTETICA x 24       KG,451305571,PZ,471.2
MECHA EZETA CILIND TITANIO 12.25 MM,424580480,PZ,473.33
TORNILLO TIRAFONDO GALV 3/8 x1,451305324,PZ,473.48
CINTA PASACABLES FLEJE 15 MT,450812705,MT,474.34
PINTURA MATRA AEROSOL NEGRO MATE,451305458,PZ,476.9
CEMENTO 101 DE CONTACTO x 18     LT,451305572,PZ,476.9
CAÃ‘O HIDROCARBURO  8 - 13  x 50 MT,451305594,PZ,476.9
ESQUINERO ANG CROM  100 x 100 MM,450409197,PZ,478.305358099
ESQUINERO ANG CROM   90 x  90 MM,450409198,PZ,478.305358099
CAÃ‘O VENTILACION CHAPA GALV 3,450409199,PZ,478.305358099
CAÃ‘O VENTILACION CHAPA GALV 4,450409200,PZ,478.305358099
ESQUINERO ANG CROM   50 x  50 MM,450409201,PZ,478.305358099
ESQUINERO ANG CROM   38 x  38 MM,450409202,PZ,478.305358099
CURVA CHAPA GALV ARTICULADA 4,450409203,PZ,478.305358099
CURVA CHAPA GALV ARTICULADA 6,450409204,PZ,478.305358099
MACHO URANGA A/RAPIDO M 14 x 1.50,450800572,PZ,479.38
BIS FICHA P/SOLD REF  60-33   x 2.5,450813858,PZ,480.48
TORNILLO TIRAFONDO GALV 3/8 x1 1/4,451305325,PZ,480.51
COLA W-3 RESISTENTE AL AGUA x  1 KG,451305520,PZ,482.41
ADAP PHILLIPS P/AUTOPERF  2 x 50 MM,450803773,PZ,482.52
CADENA P/PERRO N.10 LARGO 1.70 MT,424590192,PZ,483.74
TENSOR ACERO GALV IMP  3/8,450814866,PZ,484.56
TELA M/SOMBRA  50 MT NEGR-VERDE 80%,424582109,CJ,489.42
CINTA TEFLON  1     x 20 MT,424585129,PZ,491.4
CLAVO ACERO GALV 1.7 - 20 x 400,450901079,PZ,493.71
ANAFE 2 HORN ENLOZ C/ROB GAS NAT,450800074,PZ,495.53
GRIFERIA VENUS BIDET BLANCO,450800741,PZ,496.85
PUNTA GHERARDI HEXAGONAL 18-21 350,450812094,PZ,496.98
CLAVO C/CHATA 12-35,450813941,PZ,498.24
PALA GHERARDI ESTAMPADA CARBONERA,450813965,PZ,498.66
MACHO URANGA A/RAPIDO M 20 x 2.00,424573979,PZ,499.2
TORNILLO TIRAFONDO GALV 5/16x1 1/2,451305311,PZ,499.89
FAROL RTO-PICO BRONCE,450802636,PZ,501.48
MECHA EZETA COLA CONICA 53.00 MM,422003008,PZ,501.96
AZADA GHERARDI MENDOCINA 3 1/2  LBS,424595576,PZ,503.67
MAQ ZONTA CORTA CERAMICO 33 CM,451404424,PZ,504.9
CLAVO PUNTA PARIS 4      x 20 KG,424588344,PZ,508.62
TORNILLO TIRAFONDO GALV 5/16x1 1/4,451305581,PZ,510.91
CANDADO 606 30 MM ARCO ALTO  52 MM,451305582,PZ,510.91
TORNILLO TIRAFONDO GALV 1/4 x5,451305583,PZ,510.91
CANDADO 606 40 MM,451305584,PZ,510.91
VENTOSA DE GOMA,424561239,PZ,511.97
TENDEDERO PIE PLEG 8 V ALAMB C/ALAS,450803605,PZ,514.2
MECHA EZETA CILIND TITANIO 12.00 MM,424573100,PZ,514.43
RIEGO REGADOR 1V ACOPLE ESPIGA,424573151,PZ,515.58
MECHA EZETA CILIND TITANIO  6.25 MM,424570584,PZ,515.84
CABEZAL P/CORTINA MOSQUERA  90 CM,451305618,PZ,516.8
TORNILLO TIRAFONDO GALV 3/8 x1 1/2,451305326,PZ,518.7
ESCARDILLO CORAZON Y PALA 67 MM,450815994,PZ,519
CANDADO 606 18 MM,451305579,PZ,520.22
CANDADO 606 25 MM,451305580,PZ,520.22
CANDADO 606 40MM JGO 12 PZS MAESTRO,451305604,PZ,520.22
LIJA AA COLORADO RUBI G.150 FIN,450815487,PZ,527.3
SOPAPA ACERO DE PILETA    50 MM,424593693,PZ,530.3
AZADA GHERARDI CARPIR N.0,424595577,PZ,531.41
MAQ ZONTA RTO-PALANCA 33,424588435,PZ,531.627871123
CORREA SECCION O N.19,450801968,PZ,536.81
MECHA EZETA COLA CONICA 45.75 MM,450819912,PZ,538
ABRAZ AMERICANA 3012   130 - 145 MM,450814069,PZ,538.2
PITON HO PUL ESCUAD  20 -  50 x 100,424564067,PZ,540.54
TEJ ROMBO ACINDAR 180-63-12-10 ML,451305267,PZ,544.92
PINTURA MATRA AEROSOL BERMELLON,451305442,PZ,544.92
PINTURA MATRA AEROSOL BLANCO,451305443,PZ,544.92
MECHA EZETA COLA CONICA 20.75 MM,450817091,PZ,549.12
CAÃ‘O CONDUIT GALV 1 1/4 x 6.40 MT,424596566,PZ,554.16
CLAVO C/CHATA 10-35,450814057,PZ,555.95
MECHA EZETA CILINDRICA A/R 15.25 MM,450905093,PZ,557.44
GUANTE LATEX P/CORTO 10 1/2,424573152,PZ,557.61
ARGOLLA NIQUELADA 15 MM,450906087,PZ,560
CAÃ‘O CONDUIT GALV   1/2 x 6.40 MT,424566338,CJ,561.5
MECHA EZETA CILINDRICA A/R 19.50 MM,424589579,PZ,561.79
MECHA EZETA COLA CONICA 22.00 MM,450817046,PZ,562.21
CINTA EVEL 215 PROFESIONAL 15 MT,424588135,PZ,562.5
GANCHO CONTRA VIENTO 25 - 170 x 15,424570217,PZ,563.68
GANCHO CONTRA VIENTO 24 - 180 x 15,424570218,PZ,563.68
CLAVO ACERO GALV 1.7 - 25 x 200,424588490,PZ,563.88
BIS FICHA P/SOLD REF 100- 8   x 2.5,450803637,PZ,566.78
GUARDACABO GALV   3/16,450815316,PZ,567.48
CANDADO 606 TRABA PARA TELEFONO,424500055,PZ,567.7
MECHA EZETA CILIND TITANIO  5.75 MM,424580993,CJ,568.26
BANDA AA TELA 100x610 O/A MAD G.120,424564898,PZ,568.4
CURVA CHAPA GALV CORRUGADA 4 ANG 90,450409215,PZ,569.888392706
PASADOR PUERTA CHAPA  22x200 CINC,450409216,PZ,569.888392706
CLAVO ACERO ESC GALV 3.0 - 40 x100,450811137,PZ,569.92
CLAVO ESCUADRA PUL 25 - 120,450815773,PZ,569.92
CLAVO ACERO ESC GALV 4.5 -120 x 50,424588483,PZ,570.623253296
BANDA AA TELA 100x620 O/A MAD G. 80,424595639,PZ,571.83
CLAVO ACERO ESC GALV 3.0 - 30 x100,450815389,PZ,573.3
AEROSOL PENETRIT 312 GRASA GRAF 180,424591405,PZ,576.31
HORQUILLA GHERARDI 4 PUAS C/LARGO,450409110,PZ,576.339524703
HORQUILLA GHERARDI 5 PUAS C/CORTO,450409111,PZ,576.339524703
BROCA MANUAL - MANGO BTU36 3/16,450812119,PZ,578.28
GUARDACABO GALV   9/16,450819595,PZ,580.96
CLAVO C/CHATA  6-12,424564412,PZ,581.94
MECHA EZETA WIDIA CORTA  5 MM,424580483,PZ,582.94
BANDA AA TELA 100x610 O/A MAD G.100,424565501,PZ,583.6
ARGOLLA NIQUELADA 18 MM,451301147,PZ,585.1
TENSOR ACERO GALV IMP  9/16,450803638,PZ,585.99
PASADOR PUERTA CHAPA  22x180 CINC,450409217,PZ,586.246620271
RODILLO P/CEMENTISTA 170 MM,450409218,PZ,586.246620271
ESQUINERO ANG CROM   76 x  76 MM,450409246,PZ,586.8226142
ESQUINERO ANG CROM   64 x  64 MM,450409247,PZ,586.8226142
ESQUINERO ANG CROM   25 x  25 MM,450409248,PZ,586.8226142
SELLADOR S-28 SILIC BLANCO 300 GR,450802565,PZ,588.12
CINTA PVC P/SILLON NARANJA  x 50 MT,451305540,PZ,590.52
CANILLA MET SIMPLE P/LAVARROPA 1/2,451305630,PZ,590.52
GRAMPA P/CORREA N.65,450803885,PZ,591.76
MAQ ZONTA PERFORADORA PARA TALADRO,422000808,CJ,594.77
GANCHO J P/GALPON COMP 1/4 x  80 MM,450815468,PZ,602.04
CLAVO ACERO ESC GALV 3.5 - 50 x100,450803724,PZ,607.36
COLA W-3 RESISTENTE AL AGUA x  6 KG,451305521,PZ,607.62
CEMENTO 81 DE CONTACTO  x 18     LT,451305551,PZ,607.62
MECHA EZETA CILIND TITANIO  7.00 MM,450303138,PZ,608.49
MECHA EZETA DE CENTRAR 2.00 MM,424572202,PZ,610.76
MECHA EZETA WIDIA BOSCH 18 x 300 MM,450812987,PZ,612.03
CARCIMA 1004 JARDIN 3 PIEZAS,424573287,PZ,618.8
HILO CHORICERO 10 x 100 GR,424570095,PZ,622.8
MECHA EZETA WIDIA CORTA 12 MM,424572390,PZ,622.8
AEROSOL PENETRIT 802 GRAF SPRAY 115,451102176,PZ,630.85
CINTA TEJ P/SILLON VIOLETA   x 100 MT,451305536,PZ,631.37
CINTA PVC P/SILLON AMARILLO x 50 MT,451305537,PZ,631.37
CINTA PVC P/SILLON AZUL     x 50 MT,451305538,PZ,631.37
CINTA PVC P/SILLON BLANCO   x 50 MT,451305539,PZ,631.37
CAÃ‘O RIEGO BLUE   1/2 x 25 MT,451305573,PZ,632.51
CAÃ‘O RIEGO BLUE   3/4 x 25 MT,451305575,PZ,632.51
CAÃ‘O RIEGO BLUE   3/4 x 50 MT,451305576,PZ,632.51
PINTURA MATRA AEROSOL BLANCO MATE,451305444,PZ,635.74
PINTURA MATRA AEROSOL CELESTE,451305445,PZ,635.74
CLAVO ESCUADRA PUL 21 -  80,450812990,PZ,641.77
NIVEL EVEL ALUMINIO  45 CM,450805138,PZ,642.72
LEBRILLO CHAPA GALV REF N.16  18 LT,450409234,PZ,643.385217963
PALA GHERARDI POCERA C/HIERRO,450409235,PZ,643.385217963
ESPATULA S JUANA ENDUIR 200 MM,450409236,PZ,643.385217963
ESPATULA S JUANA ENDUIR 220 MM,450409237,PZ,643.385217963
ABRAZ GALV CAÃ‘O ELECTRICIDAD 1 1/4,450409238,PZ,643.385217963
ABRAZ GALV CAÃ‘O ELECTRICIDAD 1,450409239,PZ,643.385217963
ABRAZ GALV CAÃ‘O ELECTRICIDAD   7/8,450409240,PZ,643.385217963
ABRAZ GALV CAÃ‘O ELECTRICIDAD   3/4,450409241,PZ,643.385217963
ABRAZ GALV CAÃ‘O ELECTRICIDAD   5/8,450409242,PZ,643.385217963
GANCHO ESTIRA TEJ GALV 5/16 x  7,424574046,PZ,645.84
GANCHO CONTRA VIENTO 24 - 140 x 15,450400733,PZ,648.96
CAÃ‘O RIEGO GREEN   1/2 x 50 MT,451305636,PZ,650.18
RIEL RTO-TOPE PLAST 1 TIRAJE  x  10,450905468,PZ,653.11
CORTINA P/BAÃ‘O RTO-PROTECT CELESTE,450812373,PZ,654.99
ABRAZ AMERICANA 3007    70 -  85 MM,450802576,PZ,655.04
MECHA EZETA COLA CONICA 48.75 MM,450815815,PZ,656.24
PINTURA MATRA AEROSOL CREMA,451305446,PZ,658.73
CABLE CORDON  3.0 MM 1 x 19,424593566,PZ,665
CABLE CORDON  3.5 MM 1 x 19,424593567,PZ,665
CABLE CORDON  4.0 MM 1 x 19,424593568,PZ,665
MECHA EZETA COLA CONICA 33.75 MM,450800955,PZ,665.6
MECHA EZETA CILIND TITANIO  4.25 MM,424581100,PZ,680.1
TORNILLO TIRAFONDO GALV 5/16x5 1/2,451305323,PZ,681.34
PINTURA MATRA AEROSOL AMARILLO MEDIO,451305438,PZ,683.62
PINTURA MATRA AEROSOL AZUL MARINO,451305439,PZ,683.62
TORNILLO TIRAFONDO GALV 5/16x1 3/4,451305312,PZ,689.89
TORNILLO TIRAFONDO GALV 5/16x2,451305313,PZ,689.89
TORNILLO TIRAFONDO GALV 5/16x2 1/4,451305314,PZ,689.89
TORNILLO TIRAFONDO GALV 5/16x2 1/2,451305315,PZ,689.89
AEROSOL PENETRIT 311 GRASA LIT  180,451100003,PZ,698.85
CINTA EVEL 220 PROFESIONAL 20 MT,450818533,PZ,700
MACHO TAP A/LAMINADO NF   10  x 32,424594393,PZ,700.5
CLAVO C/REDONDA 12-20,424590303,PZ,706.15
MECHA EZETA WIDIA CORTA 18 MM,424580487,CJ,716.22
MECHA EZETA WIDIA LARGA 400 12 MM,424564981,PZ,722.03
CEMENTO 81 DE CONTACTO  x  4     LT,451305457,PZ,726.94
CAÃ‘O RIEGO BLUE   1/2 x 50 MT,451305574,PZ,726.94
GRAMPA PRENSA CABLE GALV   3/16,424566108,PZ,734.61
MACHO URANGA A/ALEADO M 10 x 1.00,424594249,PZ,735
BANDA AA TELA 100x610 O/A MAD G. 50,424564417,PZ,735.84
GRAMPA P/CAJONERO 12-16,450811235,PZ,749.77
TELA MOSQ ALUM UNIV 0.82 x 30.0 MT,450600365,PQ,749.86
ANTIPARRA CAJA ENTERA  C/VENT ELEV,450409233,PZ,767.6847077
CLAVO CAJ PULIDO FRACC  18-100,424588706,PZ,773.5
BARRAL 0.40MT C/LLAVE GARRAFA 10 KG,450925376,PZ,775.76
MECHA EZETA CILINDRICA A/R 19.75 MM,424589580,PZ,776.96
MECHA EZETA CILINDRICA A/R 17.25 MM,424589581,PZ,776.96
SOPORTE ANGULO P/RIEL T/AMER LARGO,450400581,PZ,778.08
MECHA EZETA CILINDRICA A/R 16.50 MM,424589588,PZ,780
BISAGRA T/1842 25 MM,450904964,PZ,784.21
PITON HO PUL ESCUAD  22 -  60 x 100,451404407,PZ,787.11
ESTAÃ‘O ALAMBRE C/RESINA 40% x 1 KG,450409128,PZ,787.498898835
ESTAÃ‘O ALAMBRE C/RESINA 50% x 1 KG,450409129,PZ,787.498898835
ESTAÃ‘O ALAMBRE C/RESINA 40% x 10 U,450409130,PZ,787.498898835
MECHA EZETA CILIND TITANIO  2.75 MM,424588482,PZ,790.4
CABLE CORDON  5.0 MM 1 x 19,424565591,PZ,799.07
BROCHE A PALANCA HO PULIDO,424588997,PZ,799.75
MECHA EZETA DOBLE PUNTA 4.20 MM,424581688,PQ,803.08
MECHA EZETA CILIND TITANIO  7.75 MM,424572203,PZ,810.28
CANDADO 606 38 MM,451305455,PZ,817.76
CANDADO 606 50MM JGO 12 PZS COMB,451305611,PZ,817.76
POLIET SIXCOM 4 x 100 x 100 NEGRO,450814933,PZ,819
MECHA EZETA COLA CONICA 60.00 MM,424573178,PZ,819.35
SOMBRERETE DOBLE ALA GALV 3,450409205,PZ,820.906546679
ESPATULA S JUANA ENDUIR 100 MM,451305187,PZ,828
ESC BARREHOJA EL ABUELO REGULABLE,451305188,PZ,828
HORM ALLEMANDI LIQ  12 x 500 CM3,451305356,PZ,828.78
PITON S/TOPE ESCUAD  BCE 19-50 x 50,424596201,PZ,830.79
MECHA EZETA DE CENTRAR 1.00 MM,424572357,PZ,832.59
HORQUILLA GHERARDI 5 PUAS C/LARGO,450409112,PZ,834.500003389
HORQUILLA GHERARDI 6 PUAS C/CORTO,450409113,PZ,834.500003389
POLIET SIXCOM 8 x 200 x  50 NEGRO,451305451,PZ,835.05
POLIET SIXCOM 8 x 100 x  50 NEGRO,451305452,PZ,835.05
CAJA METALICA A1 12x17x30 1 BANDEJA,451305450,PZ,835.06
GARRAFAS 3 KG,424576699,PZ,835.59
CACEROLA FUND ENLOZADA N. 8,424591402,PZ,838.48
FLUIDO ALLEMANDI DESINFECT  12x500,451305380,PZ,840.75
LLAVE PASO DUKE METAL ESFERA   1/2,451305381,PZ,840.75
CANDADO 606 30 MM,451305456,PZ,840.75
CANDADO 606 IMIT 32 MM TRABA SIMPLE,451305612,PZ,840.75
ESCARDILLO PALA Y 2 PUAS 59 MM,451305193,PZ,841.9
MECHA EZETA DOBLE PUNTA 6.10 MM,424572201,PZ,844.66
POLIET SIXCOM 6 x 200 x  50 CRISTAL,424594365,PZ,850
GANCHO J P/GALPON      1/4 x 100 MM,450817509,PZ,850
MECHA EZETA CILIND TITANIO  7.25 MM,450600134,PZ,850.18
CINTA PVC P/SILLON ROJO     x 50 MT,451305541,PZ,852.53
CINTA PVC P/SILLON VERDE    x 50 MT,451305542,PZ,852.53
CARCIMA 3329 TIJERA PODA MANUAL,450409118,PZ,852.931809095
ESTUFA FUND RECTANGULAR 65x36x26,450409119,PZ,852.931809095
MECHA EZETA CILIND TITANIO  5.25 MM,424572002,PZ,853.61
MECHA EZETA CILIND TITANIO  2.25 MM,424589304,PZ,854.01
CLAVO CAJ PULIDO FRACC  18-164,424588705,PZ,855.2
MECHA NEIKE WIDIA CORTA 12 MM,450805436,PZ,855.33
PINTURA MATRA AEROSOL AZUL TRAFUL,451305440,PZ,862.22
PINTURA MATRA AEROSOL BEIGE,451305441,PZ,862.22
PITON HO PUL ESCUAD  23 -  60 x 100,450818815,PZ,862.492183826
DESINFECT ALLEMANDI PINO    12x1 LT,451305379,PZ,863.36
LLAVE PASO DUKE METAL ESFERA   3/4,451305382,PZ,863.36
CANDADO 606 IMIT 38 MM TRABA SIMPLE,451305613,PZ,863.36
CABEZAL P/CORTINA MOSQUERA  70 CM,451305616,PZ,863.36
MECHA EZETA CILIND TITANIO  4.50 MM,450901211,PZ,864.23
CANDADO 606 IMIT 50 MM TRABA SIMPLE,451305614,PZ,865.78
LIJA AA FENOB G. 40   150 x 45000,450812184,PZ,866.96
CLAVO ESPIRALADO FRACC  1,450812917,PZ,869.79
MACHO TAP A/LAMINADO NF  3/8  x 24,450817203,PZ,878.8
PLANCHUELA 1518 6     x   3/8,451305416,PZ,879.13
PALANQ  LAMINADA 1010  76.20 MM,450303175,PZ,884
MECHA EZETA CILIND TITANIO  8.75 MM,424581050,CJ,885.3
LLAVE PASO DUKE METAL ESFERA 1,451305383,PZ,885.78
LLAVE PASO DUKE METAL ESFERA 1 1/4,451305384,PZ,885.78
ESCARDILLO CORAZON Y PALA 59 MM,450819182,PZ,886.485528124
BALDE CHAPA GALV REF N.10   8 LT,450409223,PZ,888.18263751
CURVA CHAPA GALV CORRUGADA 6 ANG 90,450409224,PZ,888.18263751
GANCHO ESTIRA TEJ GALV 5/16 x  9,424595689,PZ,893
GANCHO ESTIRA TEJ GALV 5/16 x 10,424595690,PZ,893
GANCHO ESTIRA TEJ GALV 5/16 x  8,424595691,PZ,893
MACHO URANGA A/RAPIDO NF    10 x 32,450814029,PZ,898.56
GANCHO P/ARMARIO BCE 30 MM x 100,424588703,PZ,900
CUCHARA GHERARDI SOLDADA N. 7 ROMA,450409124,PZ,904.771262646
CUCHARA GHERARDI SOLDADA N. 8,450409125,PZ,904.771262646
CUCHARA GHERARDI SOLDADA N. 8 ROMA,450409126,PZ,904.771262646
ESTAÃ‘O ALAMBRE C/RESINA 33% x 1 KG,450409127,PZ,904.771262646
ESTAÃ‘O ALAMBRE C/RESINA 50% x 10 U,450409131,PZ,904.771262646
LIMPIA PILETA EL ABUELO C/CABO,450409132,PZ,904.771262646
CANDADO 606 IMIT 63 MM TRABA SIMPLE,451305615,PZ,908.39
CLAVO CAJ PULIDO 14- 40 x 30 KG,451100029,PZ,911.06
MECHA EZETA WIDIA CORTA 16 MM,424581736,PQ,911.85
DISCO XPERT   MAQ SENS 400x3x25 O/A,451305405,PZ,915.8
PLANCHUELA 1518 5     x   1/2,451305406,PZ,915.8
MEMBRANA AUTOADHESIVA 10 CM x 10 MT,451305407,PZ,915.8
MAQ K-10 CORTA CERAMICO 50 CM,450818695,PZ,920
MENSULA DOBLE BLANCA 370 MM,450818379,PZ,920.93
GANCHO CONTRA VIENTO 18 -  40 x 50,450813872,PZ,921.44
CAÃ‘O CONDUIT GALV 3     x 6.40 MT,424596612,PZ,921.57
FRATACHO PINO 12 x 35 CM,450409149,PZ,924.931050139
DISCO XPERT   C/D 178x6.4x22.2 O/A,451305394,PZ,937.08
RODILLO P/CEMENTISTA 120 MM,450409195,PZ,938.524506847
ESCUADRA S JUANA MILIMETRADA 25 CM,450409245,PZ,938.524506847
LLAVE PASO DUKE METAL ESFERA 1 1/2,451305385,PZ,942.59
CABO P/MARTILLO RECTO 0.35 MT,450409272,PZ,943.944505456
MECHA EZETA CILINDRICA A/R  0.40 MM,450819826,PZ,950
SOMBRERETE DOBLE ALA GALV 4,450409206,PZ,955.113131984
CAÃ‘O CONDUIT GALV 4     x 6.40 MT,424596613,PZ,955.88
MEMBRANA AUTOADHESIVA 15 CM x 10 MT,451305409,PZ,957.79
MEMBRANA AUTOADHESIVA 25 CM x 10 MT,451305410,PZ,957.79
PLANCHUELA 1518 5     x   3/8,451305411,PZ,957.79
PALA GHERARDI FORJ CORAZON      C/C,450819438,PZ,958
MACHO URANGA A/ALEADO M 14 x 1.25,450812925,PZ,959.92
CAÃ‘O CONDUIT GALV 1     x 6.40 MT,450812285,PZ,970.91
MECHA EZETA CILIND TITANIO 12.75 MM,424564982,PZ,980.91
MALLA Q 84 2.15x50 MT 150x150x4.0 MM,424596614,PZ,995.1
MECHA EZETA CILIND TITANIO  3.75 MM,450901212,PZ,998.64
MECHA EZETA CILIND TITANIO  3.50 MM,450901214,PZ,998.64
CAÃ‘O RIEGO GREEN   3/4 x 50 MT,451305635,PZ,998.83
LLAVE PASO DUKE METAL ESFERA 2,451305386,PZ,999.59
POLIET ECO 3 x 100 x 100 CRISTAL,451305631,PZ,999.59
CLAVO ACERO GALV 3.0 - 40 x 100,451404401,PZ,1005.39
BROCA MANUAL - MANGO BTU38 3/8,450812948,PZ,1006.72
MECHA EZETA COLA CONICA 50.00 MM,451301764,PZ,1009.35
TENSOR ACERO GALV IMP  5/8,450802152,PZ,1012.75
PITON C/TOPE ABIERTO BCE 19-50 x100,424564364,PZ,1013.96
MACHO URANGA A/ALEADO BSP  1/8 x 28,424594623,PZ,1014.37
MECHA NEIKE WIDIA LARGA 250 10 MM,450801720,PZ,1014.58
ARCO SIERRA CARNICERO C/HOJA 520 MM,424599732,PZ,1017.24
PITON C/TOPE CERRADO BCE 16-35 x200,424585296,PZ,1026.72
PITON C/TOPE CERRADO BCE 17-40 x200,424588323,PZ,1026.72
DISCO AA NO PAST 6 PERF 154  G.180,424596168,PZ,1027.2
DISCO AA NO PAST 6 PERF 154  G.150,424596171,PZ,1027.2
DISCO AA NO PAST 6 PERF 154  G.120,424596172,PZ,1027.2
DISCO AA NO PAST 6 PERF 154  G.100,424596173,PZ,1027.2
DISCO AA NO PAST 6 PERF 154  G. 80,424596174,PZ,1027.2
BANDA AA TELA  75x508 O/A MAD G.120,450800579,PZ,1028.86
LIMPIA PILETA EL ABUELO S/CABO,450409133,PZ,1039.208245523
ENROLLADOR P/CORTINA 4 MT PULIDO,450409134,PZ,1039.208245523
INSEC ALLEMANDI YARARA TARRO 24x250,451305357,PZ,1044.81
FRATACHO PINO 12 x 40 CM,450409150,PZ,1045.65937752
PITON S/TOPE CERRADO P/TACO  8 x 50,450802746,PZ,1046.29
REGULADOR P/GARR C/MANG 0.80 MT IMP,451305543,PZ,1056.02
PINTURA MATRA AEROSOL NARANJA,451305447,PZ,1059.25
PINTURA MATRA AEROSOL NEGRO,451305448,PZ,1059.25
CABLE CORDON  4.8 MM 1 x  7,450812362,PZ,1060.8
BANDA AA TELA 100x610 O/A MAD G. 60,424564354,PZ,1061.43
LEBRILLO CHAPA GALV REF N.26  70 LT,424592788,PZ,1062.05
MECHA EZETA WIDIA CORTA 22 MM,424572066,PZ,1063.83
MACHO URANGA A/RAPIDO M 11 x 1.00,450408941,PZ,1067.04
MACHO URANGA A/RAPIDO M 10 x 1.25,450408942,PZ,1067.04
LINGA ACERO VARIOS COLORES 0.90 CM,451305340,PZ,1067.8
DISCO XPERT   C/P 114x1.6x22.2 O/A,451305343,PZ,1067.8
MALLA R 84 2.15x50 MT 150x250x4.0 MM,424596615,PZ,1068.63
ESPATULA S JUANA ENDUIR 140 MM,451305185,PZ,1069.5
CLAVO ESCUADRA PUL 16 -  50,422002158,PZ,1071.36
CURVA CHAPA GALV CORRUGADA 4 ANG 45,450409232,PZ,1072.27029701
MECHA EZETA CILIND TITANIO  3.00 MM,450901213,PZ,1082.72
ACEITERA PLAST PICO RIGIDO 250 CM3,450409281,PZ,1087.389686421
ACEITERA PLAST PICO FLEX   250 CM3,450409283,PZ,1087.389686421
CANDADO 606 50MM JGO  6 PZS MAESTRO,451305605,PZ,1090.03
TORNILLO TIRAFONDO GALV 3/8 x2 1/4,451305331,PZ,1090.79
TORNILLO TIRAFONDO GALV 3/8 x2 1/2,451305332,PZ,1090.79
TORNILLO TIRAFONDO GALV 3/8 x5,451305339,PZ,1090.79
DISCO XPERT   C/P 114x1.0x22.2 O/A,451305341,PZ,1090.79
HORQUILLA GHERARDI 6 PUAS C/LARGO,450409114,PZ,1092.660482073
ESQUINERO ANG CROM  125 x 125 MM,450409115,PZ,1092.660482073
PLANCHUELA 1518 6     x   1/2,451305408,PZ,1099.34
CAJA METALICA A3 12x17x48 1 BANDEJA,451305644,PZ,1099.34
GANCHO P/ARMARIO BCE 25 MM x 100,424588704,PZ,1100
MECHA EZETA CILIND TITANIO  1.75 MM,424589589,PZ,1100
DISCO AA GOLD    6 PERF 154  G.320,424596585,PZ,1100
CHAIRA BIASSONI LISA 10 - 254 MM,424588136,FR,1102.88
CAÃ‘O CONDUIT GALV 2 1/2 x 6.40 MT,424596609,PZ,1102.94
CLAVO CAJ BARNIZADO FRACC  18-152,424596170,PZ,1104
ESPATULA S JUANA ENDUIR 240 MM,450409231,PZ,1104.871553354
BARRENO BIASSONI 1,450409191,PZ,1105.793143639
ABRAZ GALV CAÃ‘O ELECTRICIDAD  3/8,450409243,PZ,1105.793143639
ESCUADRA S JUANA MILIMETRADA 30 CM,450409244,PZ,1105.793143639
MECHA EZETA COLA CONICA 48.25 MM,450300921,PZ,1107.59
ACEITERA PLAST LISA,450409270,PZ,1107.670793468
HERRADURA ACANALADA PESADA 0,450812286,PZ,1130.48
RIEL RTO-CORRED PLAST C/CRUCE x  10,450408973,PZ,1138.82
MALLA Q 84 3x2 MT 150x150x4.0 MM,424596616,PZ,1142.16
CAÃ‘O ALTA PRESION ROJO  8 MM x50 MT,451305619,PZ,1142.28
REGULADOR PAZ P/GARR C/MANG 0.80 MT,450814126,PZ,1144.06
MECHA EZETA COLA CONICA 42.75 MM,450819632,PZ,1150
MECHA EZETA COLA CONICA 44.00 MM,450819633,PZ,1150
MECHA EZETA CILINDRICA A/R 16.75 MM,424589587,PZ,1151.01
RIEL RTO-CORDON PERLON SUP x 200 MT,450409273,PZ,1151.322182807
GUARDACABO GALV   3/4,450812397,PZ,1155.92
CEMENTO SIN TOLUENO x    1/4 LT,451305486,PZ,1158.62
ADAP HEXAG P/AUTOPERF  3/8 x 65 MM,450802777,PZ,1161.13
TOR P/MECHA C/FIJAD-PHIL 10 x   3/4,450803007,PZ,1161.13
RIEL DOBLE BLANCO 2.50 MT,450803627,PZ,1161.13
MECHA EZETA COLA CONICA 15.50 MM,450817145,HJ,1164.8
GANCHO ESTIRA TEJ GALV 3/8  x 12,424575527,PZ,1167.25
MECHA EZETA COLA CONICA 38.50 MM,450812411,PZ,1170.08
ENROLLADOR P/CORTINA 6 MT PULIDO,450409135,PZ,1173.06923447
CAÃ‘O CONDUIT GALV 2     x 6.40 MT,424596610,PZ,1176.47
MECHA EZETA CILIND TITANIO  1.50 MM,424589592,PZ,1181.86
ESTUFA FUND Y CHAPA ACC-CODO,450409121,PZ,1185.510703323
REGATON REGULABLE 3/8  BASE CHICA,424593611,PZ,1186.97
CLAVO CAJ PULIDO 10- 25 x 30 KG,424588707,PZ,1200
CAJA METALICA A2 12x17x41 1 BANDEJA,451305449,PZ,1201.56
MECHA EZETA CILIND TITANIO  7.50 MM,424580342,PZ,1202.5
BALDE CHAPA GALV REF N.12  13 LT,450409219,PZ,1206.361683528
BALDE CHAPA GALV REF N.13  15 LT,450409220,PZ,1206.361683528
BALDE CHAPA GALV REF N.11  10 LT,450409222,PZ,1206.361683528
CLAVO P/PARIS FRACC  4,450804444,PZ,1208.63
CLAVO ESPIRALADO FRACC  4,424588342,PZ,1210.31
MALLA R 84 3x2 MT 150x250x4.0 MM,424596617,PZ,1215.69
BIS FICHA P/SOLD REF  80-33-8 x 2.5,450805997,PZ,1230.82
FRATACHO ALGARROBO 12 x 20 CM,450409139,PZ,1240.11492773
FRATACHO ALGARROBO 12 x 25 CM,450409140,PZ,1240.11492773
FRATACHO ALGARROBO 12 x 30 CM,450409141,PZ,1240.11492773
CANDADO 606 50MM JGO  6 PZS COMB,451305610,PZ,1240.51
ESTUFA FUND Y CHAPA REDONDA 56x40,450409120,PZ,1246.566059727
CAÃ‘O CONDUIT GALV 1 1/2 x 6.40 MT,424596611,PZ,1250
ABRAZ AMERICANA 3003/5  38 -  50 MM,450813437,PZ,1253.92
CEMENTO SIN TOLUENO x    1/2 LT,451305487,PZ,1262.36
CEMENTO SIN TOLUENO x  1     LT,451305488,PZ,1262.36
DESTAPACAÃ‘ERIA CINTA ACERO  5 MT,450810819,PZ,1266.38
LLAVE PASO DUKE METAL ESFERA 2 1/2,451305387,PZ,1271.86
LIJA AA FENOB G.100   120 x 45000,450819416,PZ,1274
HERRADURA ACANALADA PESADA C/CLIP 7,450819417,PZ,1274
ESQUINERO ANG CROM  150 x 150 MM,450409116,PZ,1283.544869927
CARCIMA 3328 TIJERA CESPED FIJA,450409117,PZ,1283.544869927
CLAVO CAJ BARNIZADO FRACC  18-101,424596175,PZ,1284
CLAVO CAJ BARNIZADO FRACC  17- 75,424596176,PZ,1284
CLAVO CAJ BARNIZADO FRACC  16- 63,424596177,PZ,1284
CLAVO CAJ BARNIZADO FRACC  15- 50,424596178,PZ,1284
CLAVO CAJ BARNIZADO FRACC  14- 50,424596179,PZ,1284
CLAVO CAJ BARNIZADO FRACC  14- 40,424596180,PZ,1284
CLAVO CAJ BARNIZADO FRACC  13- 45,424596183,PZ,1284
CLAVO CAJ BARNIZADO FRACC  12- 38,424596184,PZ,1284
CLAVO CAJ BARNIZADO FRACC  12- 35,424596185,PZ,1284
CLAVO CAJ BARNIZADO FRACC  12- 32,424596186,PZ,1284
CLAVO CAJ BARNIZADO FRACC  10- 30,424596187,PZ,1284
PITON S/TOPE ESCUAD  BCE 20-60 x 50,424596188,PZ,1284
MECHA EZETA COLA CONICA 47.25 MM,450905552,PZ,1289.6
RIEL DOBLE ALUM   1.50 MT,450812284,PZ,1295.42
CINTA EVEL 105 STANDARD     5 MT,450905783,PZ,1296.699552238
CLAVO ESCUADRA PUL 24 - 100 x  50,450408944,PZ,1299.195
RIEL RTO-PERILLA PLAS C/PLOMO x  10,450400559,PZ,1303.57
BROCA MANUAL UR38 3/8,450800137,PZ,1305.41
ARCO SIERRA EL ABUELO FIJ RTO-CABO,450906004,PZ,1314.222556049
TORNILLO TIRAFONDO GALV 3/8 x2 3/4,451305333,PZ,1317.46
TORNILLO TIRAFONDO GALV 3/8 x3,451305334,PZ,1317.46
TORNILLO TIRAFONDO GALV 3/8 x3 1/4,451305335,PZ,1317.46
TORNILLO TIRAFONDO GALV 3/8 x3 1/2,451305336,PZ,1317.46
POLIET SIXCOM 4 x 200 x  50 CRISTAL,424593993,PZ,1319.63
REGADERA CHAPA GALV N.1   8 LT,424591414,PZ,1323.02
GUANTE LATEX P/CORTO  8,450812514,PZ,1325.38
DESTAPA INODORO EL ABUELO,450409137,PZ,1340.568268833
ESPATULA S JUANA PINTOR 40 MM,450409229,PZ,1340.568268833
ESPATULA S JUANA PINTOR 30 MM,450409230,PZ,1340.568268833
HERRADURA ACANALADA PESADA C/CLIP 2,450813811,PZ,1348.32
CABO P/MARTILLO RECTO 0.40 MT,450400555,PZ,1350.38
CEMENTO SOPLETEABLE INCOL x 18 LT,451305496,PZ,1357.93
ANAFE 1 HORN ENLOZ C/ROB GAS NAT,424590241,CJ,1361.92
AEROSOL MATRA CONVERTIDOR OXIDO,451305471,PZ,1362.68
GANCHO ESTIRA TEJ GALV 3/8  x  6,424599002,PZ,1365.65
POLIET SIXCOM 4 x 100 x 100 CRISTAL,424593994,PZ,1385.38
PLANCHUELA 1518 5     x   3/4,451305415,PZ,1385.67
PLANCHUELA 1518 6     x   5/8,451305417,PZ,1385.67
MECHA EZETA CILIND TITANIO  9.75 MM,424565881,CJ,1393.6
ALAMB GDO A/R OVAL 17/15 FORTIN,450819394,PZ,1397.99
CORTINA P/BAÃ‘O COMPLETA GRIS,450819325,PZ,1401.2
FRATACHO PINO 12 x 45 CM,450409151,PZ,1407.498763307
ENROLLADOR P/CORTINA 8 MT PULIDO,450409136,PZ,1407.613962093
LEBRILLO CHAPA GALV REF N.12  10 LT,450409225,PZ,1407.613962093
LEBRILLO CHAPA GALV REF N.14  12 LT,450409226,PZ,1407.613962093
CURVA CHAPA GALV CORRUGADA 6 ANG 45,450409227,PZ,1407.613962093
MECHA EZETA CILINDRICA A/R 18.75 MM,424589568,PZ,1407.7
CEMENTO 51 P/APARAR CALZADO x  1 LT,451305472,PZ,1408.28
CANDADO 606 40 MM ARCO ALTO  62 MM,451305585,PZ,1418.73
CANDADO 606 40 MM ARCO ALTO 125 MM,451305586,PZ,1418.73
CANDADO 606 40 MM CON COMBINACION,451305587,PZ,1418.73
GANCHO CONTRA VIENTO 24 - 110 x 15,424566073,PZ,1440.4
ESPATULA S JUANA ENDUIR 120 MM,451305186,PZ,1449
CLAVO C/PERDIDA  6-12,424564753,PZ,1457.29
FRATACHO ALGARROBO 12 x 35 CM,450409142,PZ,1474.774854138
FRATACHO ALGARROBO 12 x 40 CM,450409143,PZ,1474.774854138
MENSULA DOBLE ALUM   370 MM,413062573,PZ,1475.04
PITON HO PUL ESCUAD  21 -  40 x 100,450817497,PZ,1478.17
CABO P/RASTRILLO 1.50 MT,450905755,PZ,1482
MECHA EZETA DOBLE PUNTA 4.90 MM,424572090,PZ,1487.71
ESTAÃ‘O VARILLA 33%,450409122,PZ,1488.598708418
ESCARDILLO PALA Y 2 PUAS 67 MM,451305192,PZ,1504.2
MACHO URANGA A/ALEADO NF  7/16 x 20,413063495,PZ,1504.85
BARRENO BIASSONI    1/2,450409228,PZ,1507.952104411
MECHA MAX PLANA P/MAD    3/4,424573395,PZ,1509.09
CABO P/MARTILLO RECTO 0.30 MT,451305681,PZ,1512
CINTA TEJ P/SILLON AZUL      x 100 MT,451305526,PZ,1526.84
DISCO XPERT   MAQ SENS 350x3x25 O/A,451305397,PZ,1548.31
CUCHARA ROBLE P/ALBAÃ‘IL N. 8,450818620,PZ,1550
MAQ ZONTA RTO-PORTA RUEDA INCIDORA,450818699,PZ,1560
CABLE ACERO 14.0 MM 6 x 19+1,450811547,PZ,1568.32
BANDA AA TELA  50x478 O/A MET G. 80,424596199,PZ,1570.67
HORM ALLEMANDI DUAL BOLSA  20x 1 KG,451305525,PZ,1588.78
MECHA EZETA WIDIA LARGA 400 14 MM,424572011,PZ,1591.57
GRAMPA PRENSA CABLE GALV   7/8,450814055,PZ,1604.91
DESTAPADOR EL ABUELO SUPER SOPAPA,450409138,PZ,1608.405445514
ARANDELA FICHA BRONCEADA 11.0 MM,450906061,PZ,1613
BALDE CHAPA GALV REF N.14  22 LT,450409221,PZ,1620.962113152
FRATACHO ALGARROBO 12 x 45 CM,450409144,PZ,1641.928292144
FRATACHO ALGARROBO 12 x 50 CM,450409145,PZ,1641.928292144
ESCUADRA S JUANA MILIMETRADA 20 CM,450409196,PZ,1641.928292144
CLAVO ESCUADRA PUL 25 - 110,450813698,PZ,1669.45
BARRENO BIASSONI    3/4,450409189,PZ,1675.56633756
BARRENO BIASSONI    7/8,450409190,PZ,1675.56633756
BARRENO BIASSONI 1  1/2,450409193,PZ,1675.56633756
BARRENO BIASSONI 2,450409194,PZ,1675.56633756
MECHA EZETA WIDIA BOSCH  5 x 110 MM,424564980,PZ,1689.35
DISCO AA GOLD    6 PERF 154  G.800,450802289,PZ,1692.1
LLAVE PASO DUKE METAL ESFERA 3,451305388,PZ,1699.17
LLAVE PASO DUKE METAL ESFERA 4,451305389,PZ,1699.17
CEMENTO 51 P/APARAR CALZADO x 18 LT,451305481,PZ,1699.17
HILO CHORICERO 10 x  50 GR,424580144,PZ,1700.04
FLEX DUKE PLAST CONEX MET 1/2 x 30,424595635,PZ,1700.6
TUERCA ESTAMPADA HEXAGONAL 5/32,450409157,PZ,1709.204382975
TUERCA ESTAMPADA HEXAGONAL 3/16,450409158,PZ,1709.204382975
CUCHARA GHERARDI SOLDADA N. 7,450409123,PZ,1709.319581761
CINTA TEFLON    1/2 x 10 MT,424564806,PZ,1727.44
CHAIRA BIASSONI RAYADA  6 - 152 MM,424593565,PZ,1728.33
GANCHO CONTRA VIENTO 21 - 100 x 25,450818517,PZ,1736.43
CLAVO ESCUADRA PUL 23 - 100,450801826,PZ,1736.51
TORNILLO TIRAFONDO GALV 5/16x5,451305322,PZ,1738.31
ESQUINERO ANG PULIDO 100 x 100 MM,450409249,PZ,1742.496832034
ESQUINERO ANG PULIDO  90 x  90 MM,450409250,PZ,1742.496832034
ESQUINERO ANG PULIDO  25 x  25 MM,450409251,PZ,1742.496832034
ESCUADRA PLANA GALV 100 x 17 MM,450409252,PZ,1742.496832034
ESCUADRA PLANA GALV  90 x 15 MM,450409253,PZ,1742.496832034
ESCUADRA PLANA GALV  75 x 13 MM,450409254,PZ,1742.496832034
ESCUADRA PLANA GALV  65 x 10 MM,450409255,PZ,1742.496832034
ESCUADRA PLANA GALV  50 x 10 MM,450409256,PZ,1742.496832034
ESCUADRA PLANA GALV  38 x 10 MM,450409257,PZ,1742.496832034
INSEC ALLEMANDI YARARA TARRO 12x250,451305358,PZ,1744.39
GUANTE LATEX P/CORTO 11,424600069,PZ,1764
PITON P/MAD SOLDADO  20 -  60 x 50,450816354,PZ,1764.6
MECHA EZETA WIDIA LARGA 200  8 MM,424590526,PZ,1774.87
BIS FICHA P/SOLD REF  80-33   x 2.5,450811163,PZ,1784.64
MECHA EZETA CILINDRICA A/R 10.25 MM,450819435,PZ,1799.6
ALAMB FORRADO P/TENDEDERO x 100 MT,451305222,PZ,1804
MACHO URANGA A/RAPIDO M 16 x 1.50,424594587,PZ,1814.75
DISCO XPERT   C/D 114x3.0x22.2 O/A,451305390,PZ,1826.66
CABEZAL P/CORTINA MOSQUERA  80 CM,451305617,PZ,1826.66
COLA X-36 P/MADERA DURA x  1 KG,451305555,PZ,1832.93
CEMENTO SIN TOLUENO x  4     LT,451305492,PZ,1833.31
CEMENTO SIN TOLUENO x 10     LT,451305493,PZ,1833.31
CEMENTO SIN TOLUENO x 18     LT,451305494,PZ,1833.31
FRATACHO PLASTICO C/POL 20 CM,450409153,PZ,1843.295769494
FRATACHO PLASTICO C/POL 25 CM,450409154,PZ,1843.295769494
FRATACHO PLASTICO C/POL 30 CM,450409155,PZ,1843.295769494
TUERCA ESTAMPADA HEXAGONAL 1/8,450409156,PZ,1843.295769494
PALANQ  LAMINADA 1045  50.80 MM,450802635,PZ,1846.86
MACHO URANGA A/RAPIDO M 16 x 1.00,424594586,PZ,1848
TENSOR ACERO GALV IMP  3/4,424595489,PZ,1852.24
ADHESIVO DUKE P/PVC  220 CM3 PINCEL,450813828,PZ,1861.1
MACHO URANGA A/RAPIDO NC  9/16 x 12,451305606,PZ,1862.57
GANCHO ESTIRA TEJ GALV 5/16 x  5,424592192,PZ,1877.88
CABO P/RASTRILLO 1.65 MT,450905754,PZ,1878
MACHO URANGA A/ALEADO BSP  1/4 x 19,424594622,PZ,1883.82
MECHA EZETA COLA CONICA  5.25 MM,450811189,PZ,1885.07
PITON HO PUL ESCUAD  27 - 140 x  25,424588702,PZ,1900
MECHA EZETA CILIND TITANIO  5.50 MM,424591775,PZ,1908.59
DISCO XPERT   C/D 178x3.0x22.2 O/A,451305391,PZ,1910.64
IMPRIMACION P-61 x 5 KG,451305516,PZ,1910.64
MECHA EZETA CILIND TITANIO 10.00 MM,424572866,PZ,1943.14
CLAVO CAJ PULIDO 18-100 x 30 KG,450811541,PZ,1960.82
TENDEDERO EXTENS 7 V  45 CM,450409276,PZ,1969.013439097
CLAVO ESCUADRA PUL 23 - 110,450802762,PZ,1988.19
CACEROLA FUND ENLOZADA N. 2,424592784,PZ,1989.16
PLANCHUELA 1518 5     x   5/8,451305414,PZ,1995.95
CINTA TEJ P/SILLON NARANJA   x 100 MT,451305527,PZ,1995.95
CINTA EVEL 125 STANDARD    25 MT,450816388,PZ,1997.803581234
PINTURA MATRA AEROSOL VERDE INGLES,451305464,PZ,1998.8
MACHO URANGA A/ALEADO BSPT 1/4 x 19,450813594,PZ,2006.95
FRATACHO PINO 12 x 20 CM,450409146,PZ,2010.679605071
FRATACHO PINO 12 x 25 CM,450409147,PZ,2010.679605071
BARRENO BIASSONI   11/16,450409188,PZ,2010.679605071
BARRENO BIASSONI 1  1/8,450409192,PZ,2010.679605071
MACHO TAP A/LAMINADO NF  5/16 x 24,450804227,PZ,2017.6
CANDADO 606 40MM JGO  6 PZS COMB,451305607,PZ,2021.41
SIFON P/BACHA DOBLE  DIAM 50 MM,424581576,PZ,2028
MECHA EZETA COLA CONICA 19.75 MM,450813593,PZ,2046.62
PITON S/TOPE CERRADO BCE 18-40 x100,424596203,PZ,2054.4
PITON S/TOPE CERRADO BCE 17-35 x100,424596204,PZ,2054.4
PITON S/TOPE CERRADO BCE 16-30 x200,424596205,PZ,2054.4
PITON S/TOPE CERRADO BCE 15-25 x200,424596207,PZ,2054.4
PITON P/MAD SOLDADO  21 -  70 x 50,450815957,PZ,2055.24
BALDE PLAST PICO VERT 10 LT ROJO,450901051,PZ,2063.36
TUERCA ESTAMPADA HEXAGONAL 1/4,450409159,PZ,2077.610099546
TUERCA ESTAMPADA HEXAGONAL 5/16,450409160,PZ,2077.610099546
TUERCA ESTAMPADA HEXAGONAL 3/8,450409161,PZ,2077.610099546
TUERCA ESTAMPADA CUADRADA  1/8,450409162,PZ,2077.610099546
TUERCA ESTAMPADA CUADRADA  5/32,450409163,PZ,2077.610099546
TUERCA ESTAMPADA CUADRADA  1/4,450409165,PZ,2077.610099546
CINTA EVEL 202 RETROFLEX    2 MT,424572784,PZ,2081.04
MACHO URANGA A/RAPIDO NC  1/2  x 13,450409369,PZ,2085.25
GUANTE LATEX P/CORTO 10,424572687,PZ,2099.78
DISCO XPERT   C/D 230x3.0x22.2 O/A,451305392,PZ,2123.63
BISAGRA REVERSIBLE BCEADA  2x 5x1.5,450905679,PZ,2125.76
CORTINA P/BAÃ‘O RTO-PROTECT BEIGE,450817189,PZ,2130.13
ARGOLLA NIQUELADA 30 MM,450816507,PZ,2139.61
AZADA FERCAS CARPIR N.0  110 MM,450409277,PZ,2147.514043502
MACHO URANGA A/RAPIDO NC  7/16 x 14,450409370,PZ,2177.78
MECHA EZETA CILINDRICA A/R 13.25 MM,451301849,PZ,2186.39
CLAVO ESCUADRA PUL 19 -  60,424592437,KT,2189.62
CLAVO C/CHATA 10-40,450818806,PZ,2200
AEROSOL MATRA BARNIZ MARINO,451305470,PZ,2226.04
CEMENTO 91 DE CONTACTO  x  4     LT,451305553,PZ,2229.65
PINTURA MATRA AEROSOL ORO,451305467,PZ,2248.65
CAÃ‘O HIDROCARBURO  5 -  9  x 50 MT,451305592,PZ,2248.65
ROLDANA CHAPA GALV 38 MM,450816434,PZ,2263.132018636
REGLA EVEL METALICA 100 CM,424590529,PZ,2267.29
MACHO URANGA A/ALEADO NC  5/16 x 18,424593812,PZ,2268.24
CLAVO ESCUADRA PUL 24 - 120,451301080,PZ,2288
COLA T-15 P/TELGOPOR   200 GR,451305517,PZ,2293.49
CLAVO ESPIRALADO FRACC  2 1/2,424588156,PZ,2336.64
TUERCA ESTAMPADA CUADRADA  3/16,450409164,PZ,2345.90807137
CLAVO ACERO ESC GALV 4.0 - 90 x 50,424588484,PZ,2362.11486248
MACHO URANGA A/RAPIDO M  9 x 1.00,451305244,PZ,2362.65
MECHA EZETA CILINDRICA A/R 13.00 MM,451301847,PZ,2371.99
PITON HO PUL ESCUAD  26 - 120 x  25,451301011,PZ,2385.66
GANCHO HOOK P/COLGAR 150 x 150 MM,450816402,PZ,2387.799
MECHA EZETA CILIND TITANIO  6.50 MM,424592235,PQ,2388.24
CADENA P/PERRO N.15 LARGO 1.70 MT,424584771,PZ,2393.35
MECHA EZETA WIDIA CORTA  6 MM,424590540,PZ,2407.36
MAQ ZONTA PERF RTO-BRAZO GIRATORIO,450803402,PZ,2439.3
GANCHO ESTIRA TEJ GALV 5/16 x 13,450806566,PZ,2446.33
MACHO URANGA A/RAPIDO M  6 x 0.75,451305469,PZ,2453.09
ARGOLLA NIQUELADA 25 MM,450819469,PZ,2454.49
ARGOLLA NIQUELADA 27 MM,450819471,PZ,2454.49
CLAVO ESCUADRA PUL 24 -  80,450816409,PZ,2461.695255334
BISAGRA REVERSIBLE PULIDA 80x20x1.5,451301887,PZ,2463.76
RIEL RTO-TOPE PLAST COMUN     x  10,451305146,PZ,2478.06
GANCHO J P/GALPON COMP 1/4 x  70 MM,450801503,PZ,2484.62
CEMENTO 51 P/APARAR CALZADO x  4 LT,451305473,PZ,2489.76
ARCO SIERRA EL ABUELO BRICOLSIER,450400705,PZ,2495.41
CLAVO ESCUADRA PUL 25 -  80,451300792,PZ,2496
CLAVO ACERO ESC GALV 3.5 - 60 x100,424599905,PZ,2528.13
TUERCA ESTAMPADA CUADRADA  5/16,450409166,PZ,2546.814753576
TUERCA ESTAMPADA CUADRADA  3/8,450409167,PZ,2546.814753576
MECHA EZETA COLA CONICA 49.25 MM,451300168,PQ,2555.28
CAÃ‘O RIEGO GREEN 1     x 50 MT,451305608,PZ,2557.97
PITON S/TOPE ESCUAD  BCE 17-35 x100,424596163,PZ,2568
PITON S/TOPE ESCUAD  BCE 18-40 x100,424596164,PZ,2568
PITON S/TOPE ESCUAD  BCE 16-30 x200,424596165,PZ,2568
PITON S/TOPE ESCUAD  BCE 15-25 x200,424596166,PZ,2568
ALAM PUAS 16-101 x  25 MT,450819470,PZ,2568.29
CLAVO ACERO GALV 2.0 - 25 x 200,450816438,PZ,2580.19789336
MAQ RTO-RUEDA DE WIDIA x 5 U,450816497,PZ,2590
BUSCAPOLO EL ABUELO  x 10 U,450816498,PZ,2590
PUNTA GHERARDI HEXAGONAL 18-21 300,450819706,PZ,2597.33
TORNILLO TIRAFONDO GALV 3/16x2,451305278,PZ,2612.12
TELA M/SOMBRA 100 MT AZUL -BLAN 80%,424564450,PZ,2622.46
CABO P/LIMA PLANA     100 A 150 MM,424595098,PZ,2645.76
MECHA EZETA COLA CONICA 22.50 MM,450800287,PZ,2645.76
MECHA EZETA WIDIA LARGA 200 10 MM,424590525,PZ,2659.16
DISCO XPERT   C/P 178x1.6x22.2 O/A,451305346,PZ,2664.18
CLAVO ACERO GALV 3.0 - 30 x 100,451404408,PZ,2665.6
BISAGRA T/1842 63 MM,450803403,PZ,2693.6
BISAGRA REVERSIBLE PULIDA  2x 5x1.5,450816496,PZ,2693.6
MECHA MAX PLANA P/MAD    3/8,424573248,PZ,2698.8
CLAVO CAJ PULIDO 12- 25 x 30 KG,424566336,CJ,2701.23
HORM ALLEMANDI MIREX BOLSA 12x500GR,451305349,PZ,2705.41
GRIFERIA VENUS DUCHA S/TRANS CROMO,424596200,PZ,2717.12
MENSULA DOBLE ALUM   470 MM,413062561,PZ,2740.63
GRAMPA PRENSA CABLE GALV   7/16,424564472,PZ,2744.7
GRAMPA P/CERCO  9-38 MM,450819215,PZ,2757.758
MAQ ZONTA PERF RTO-BARRENADOR,450818672,PZ,2784.6
AZADA FERCAS ALBAÃ‘IL C/REGATON,450409275,PZ,2789.5252467
BISAGRA T/1842 38 MM,450803401,PZ,2795.96
MECHA EZETA COLA CONICA 46.00 MM,451305149,PZ,2801.13
FAROL RTO-BOQUILLA 250 W,424599825,PZ,2818.53
MECHA EZETA WIDIA LARGA 400 22 MM,424590530,PZ,2861.36
IMPRIMACION P-61 x 1 KG,451305515,PZ,2866.53
CEMENTO 91 DE CONTACTO  x  1     LT,451305552,PZ,2866.53
MECHA NEIKE WIDIA CORTA 10 MM,424564379,PZ,2884.72
DISCO XPERT   C/D 114x4.8x22.2 O/A,451305393,PZ,2972.93
MECHA EZETA COLA CONICA 44.50 MM,451305182,PZ,3018.143856109
MECHA EZETA WIDIA CORTA  8 MM,424580873,CJ,3065.44
BISAGRA REVERSIBLE BCEADA  2x 3x1.5,451301278,PZ,3086.35
TEJ ROMBO ACINDAR 150-63-14-10 ML,451305241,PZ,3108.59
MACHO URANGA A/ALEADO NC  1/4  x 20,424593810,PZ,3121.04
CLAVO ACERO GALV 1.7 - 20 x 200,450816445,PZ,3127.101634728
MECHA EZETA CILINDRICA A/R  0.20 MM,451305675,PZ,3127.5
CARCIMA 1000 JARDIN 4 PIEZAS,450905726,PZ,3150
BISAGRA T/1842 51 MM,451301280,PZ,3182.42
MECHA EZETA CILIND TITANIO  2.50 MM,424588485,PZ,3184.873971883
MECHA EZETA CILIND TITANIO  6.00 MM,424588142,PZ,3193.8
ACEITERA PLAST PICO FLEX   500 CM3,450409282,PZ,3199.57968255
BISAGRA 5005 PULIDA IMP  25 MM,450815611,PZ,3225.18
CEMENTO 101 DE CONTACTO x    1/8 LT,451305556,PZ,3244.44
PALA MAGER POCERA    C/LARGO,450818671,PZ,3258
COLA W-3 RESISTENTE AL AGUA x 20 KG,451305523,PZ,3258.88
CEMENTO 101 DE CONTACTO x  50    CC,451305554,PZ,3258.88
CEMENTO 101 DE CONTACTO x    1/2 LT,451305558,PZ,3284.91
ARANDELA FICHA BRONCEADA  9.0 MM,451301146,PZ,3319.52
PITON S/TOPE CERRADO BCE 19-50 x 50,424596167,PZ,3338.4
PITON S/TOPE CERRADO BCE 20-60 x 50,424596206,PZ,3338.4
MECHA EZETA COLA CONICA 49.50 MM,450802002,PZ,3373.48
MECHA EZETA CILINDRICA A/R  0.45 MM,450906105,PZ,3374.15
ARCO SIERRA EL ABUELO LA CALADORA,450400588,PZ,3383.42
LEBRILLO CHAPA GALV REF N.24  50 LT,424592791,PZ,3383.76
MECHA EZETA CILINDRICA A/R  6.00 MM,424589525,PZ,3435.905889541
MECHA EZETA CILINDRICA A/R  6.25 MM,424589526,PZ,3435.905889541
MAQ K-10 CORTA CERAMICO 42 CM,451404426,PZ,3440.25
PITON HO PUL ESCUAD  24 -  70 x  50,424591461,PZ,3449.07
HORM ALLEMANDI DUAL BOLSA    x25 KG,451305524,PZ,3462.75
SOPORTE ANGULO P/RIEL T/AMER CORTO,450400670,PZ,3464.06
MECHA EZETA COLA CONICA 15.25 MM,450813503,PZ,3464.18
RIEL RTO-TOPE PLAST 2 TIRAJES x  10,450400703,PZ,3493.6
ALAM PUAS 16-101 x  50 MT,450909267,PZ,3519.83
MECHA MAX PLANA P/MAD    7/16,424572708,PZ,3546.4
BISAGRA 5005 PULIDA IMP  51 MM,451301277,PZ,3549.46
MECHA EZETA CILIND TITANIO  5.00 MM,424592237,PZ,3556.11
MECHA EZETA CILINDRICA A/R 10.50 MM,450818886,PZ,3561
PITON P/MAD SOLDADO  20 -  50 x 50,424500488,PZ,3586
BISAGRA REVERSIBLE BCEADA  2x 3x2.0,451301141,PZ,3587.24
DISCO XPERT   C/D 230x6.4x22.2 O/A,451305395,PZ,3610.19
CUCHARA ROBLE P/ALBAÃ‘IL N. 7 MOCHA,451301878,PZ,3626.64
PINTURA MATRA AEROSOL TABACO,451305462,PZ,3634.32
ALAM PUAS 16-101 x 100 MT MINI BAGUAL,451305223,PZ,3703.387606139
HORM ALLEMANDI MIREX BOLSA 24x250GR,451305348,PZ,3706.52
MECHA EZETA CILINDRICA A/R 11.75 MM,450905731,PZ,3710.85
CABLE ACERO  5.0 MM 6 x  7+1,450804141,PZ,3712.4
PALA GHERARDI FORJ 1/2 L ANGOST C/C,450811494,PZ,3737.5
GUARDACABO GALV   1/4,424572709,PZ,3810
TORNILLO TIRAFONDO GALV 3/8 x4,451305337,PZ,3816.15
DISCO XPERT   MAQ SENS 300x3x25 O/A,451305396,PZ,3822.8
MECHA NEIKE WIDIA CORTA 14 MM,424591335,CJ,3888.66
GRIFERIA VENUS LAVAT SIMPLE BLANCO,424596625,PZ,3900
GRIFERIA VENUS DUCHA S/TRANS BLANCO,424596626,PZ,3900
GRIFERIA VENUS DUCHA C/TRANS CROMO,424596627,PZ,3900
CLAVO CAJ PULIDO FRACC  10- 25,451301336,PZ,3910.15
MECHA EZETA CILIND TITANIO  1.25 MM,424589573,PZ,3920
MECHA EZETA CILINDRICA A/R 20.00 MM,424589574,PZ,3920
MECHA EZETA CILIND TITANIO  1.00 MM,424589575,PZ,3920
MECHA EZETA CILIND TITANIO 11.00 MM,424573982,CJ,3940.37
AZADA FERCAS CARPIR N.00 100 MM,450819858,PZ,4000
GANCHO P/ARMARIO BCE 50 MM x 100,424500489,PZ,4005
CABO P/MARTILLO LABRADO 0.25 MT,450400666,PZ,4014.77
CEMENTO SIN TOLUENO x    1/8 LT,451305485,PZ,4032.56
CORREA SECCION A N.56,450905343,PZ,4040.8
RIEL DOBLE NEGRO  1.00 MT,451305197,PZ,4075
CEMENTO 101 DE CONTACTO x    1/4 LT,451305557,PZ,4090.32
CUCHARA ROBLE P/ALBAÃ‘IL N. 9,424572303,PZ,4116.51
TORNILLO TIRAFONDO GALV 3/8 x4 1/2,451305338,PZ,4190.07
ESCARDILLO PALA Y 2 PUAS 78 MM,450819192,PZ,4193.210864015
CHAIRA BIASSONI RAYADA  8 - 203 MM,424593564,PZ,4200
CINTA TEJ P/SILLON AMARILLO  x 100 MT,451305489,PZ,4277.47
MECHA EZETA COLA CONICA 49.00 MM,451300588,PZ,4322.4
CEMENTO SOPLETEABLE INCOL x 200 LT,451305490,PZ,4357.84
CLAVO P/PARIS FRACC  6,450815344,PZ,4379.76
BISAGRA T/1842 32 MM,451301276,PZ,4403.36
PITON C/TOPE CERRADO BCE 19-50 x100,450801937,PZ,4443.91
CLAVO C/CHATA 10-20,450818673,PZ,4485
CEMENTO 101 DE CONTACTO x 10     LT,451305561,PZ,4495.59
PINTURA MATRA AEROSOL PLATA,424504106,PZ,4500
MECHA EZETA CILINDRICA A/R  1.75 MM,451305677,PZ,4524.3
COLA A-10 SINTETICA x  1       KG,451305562,PZ,4530.93
MACHO URANGA A/RAPIDO NC  1/4  x 20,451305623,PZ,4545.37
MACHO URANGA A/RAPIDO NC    10 x 24,451305624,PZ,4545.37
CEMENTO 101 DE CONTACTO x  1     LT,451305559,PZ,4622.7
INSEC ALLEMANDI LIQ 12 x 1000 CM3,451305508,PZ,4629.73
COLA P-60 P/PISOS DE MAD x  5 KG,451305510,PZ,4629.73
MACHO URANGA A/RAPIDO NC     8 x 32,451305625,PZ,4629.73
MACHO URANGA A/RAPIDO NC     6 x 32,451305626,PZ,4629.73
COLA P-60 P/PISOS DE MAD x  1 KG,451305491,PZ,4642.65
TENDEDERO EXTENS 7 V 100 CM,450409266,PZ,4652.835167613
CEMENTO 101 DE CONTACTO x  4     LT,451305560,PZ,4657.47
MECHA EZETA WIDIA CORTA 10 MM,424590527,PZ,4669.06
CLAVO ESCUADRA PUL 19 -  50 x 100,422002167,PZ,4693.26
PASADOR PUERTA MADERA 22x180 CINC,450409174,PZ,4724.76299544
PASADOR PUERTA MADERA 22x180 BCEADO,450409186,PZ,4724.76299544
CLAVO C/CHATA  9-25,450816133,PZ,4746.77
CABO P/HACHITA 0.35 MT  VIZCAINA,424589682,PZ,4748.660199444
MAQ ZONTA PERF RTO-PRENSA,424592790,PZ,4770.14
BISAGRA REVERSIBLE PULIDA  2x 5x2.0,450815963,PZ,4789.83
MECHA EZETA CILINDRICA A/R  0.30 MM,451305680,PZ,4803.3
CLAVO CAJ PULIDO 14- 50 x 30 KG,424500572,PZ,4850
CAÃ‘O CONDUIT GALV   3/4 x 6.40 MT,422502241,PZ,4870
CEMENTO SIN TOLUENO x  50    CC,451305484,PZ,4883.57
MECHA EZETA CILINDRICA A/R  1.00 MM,451305678,PZ,4942.8
BRASERO FUNDICION 3 PATAS N.12,450806328,PZ,4956.68
PASADOR PUERTA MADERA 22x200 CINC,450409176,PZ,4959.538120634
MACETA MADERA N.2,450409178,PZ,4959.538120634
PINCEL CERDA P/MECANICO N.2,450409181,PZ,4959.538120634
BARRENO BIASSONI    5/8,450409187,PZ,4959.538120634
CLAVO ALBAÃ‘IL P/MARCO C/CORREDERA,424500994,PZ,5000
MECHA EZETA WIDIA LARGA 400 16 MM,424590541,PZ,5027.7
PINCEL CERDA P/MECANICO N.4,450409183,PZ,5060.106660523
CORTINA P/BAÃ‘O COMPLETA VIOLETA,450819397,PZ,5138
GANCHO J P/GALPON      1/4 x  80 MM,451300314,PZ,5140.18
BROCA MANUAL UR12 1/2,450901124,CJ,5154.24
MECHA EZETA WIDIA CORTA  3 MM,424591773,CJ,5210.34
MECHA EZETA CILINDRICA A/R  0.25 MM,450816528,PZ,5293.918506718
MAQ ZONTA RTO-GONIOMETRO,424588431,PZ,5316.278711228
PITON HO PUL ESCUAD  25 -  80 x  50,424574520,PZ,5348.42
ARGOLLA NIQUELADA 22 MM,450819474,PZ,5349.8
BISAGRA REVERSIBLE BCEADA 80x20x1.2,451301102,PZ,5373.78
CHAIRA BIASSONI RAYADA 10 - 254 MM,424502015,PZ,5385.94
PASADOR PUERTA MADERA 22x200 BCEADO,450409184,PZ,5428.397178307
ESPATULA S JUANA ENDUIR 180 MM,45091152,PZ,5450
MACHO TAP A/LAMINADO BSP 1/8 x 28,424592460,PZ,5493.28
MACHO URANGA A/ALEADO NC  3/8  x 16,424593813,PZ,5512
MECHA EZETA CILINDRICA A/R  0.35 MM,451305679,PZ,5557.5
PITON C/TOPE ESCUAD  BCE 21-70 x 50,424596189,PZ,5649.6
PITON C/TOPE ESCUAD  BCE 21-60 x 50,424596190,PZ,5649.6
PITON S/TOPE CERRADO BCE 14-20 x200,424596191,PZ,5649.6
PITON S/TOPE ABIERTO BCE 20-60 x 50,424596192,PZ,5649.6
PITON S/TOPE ABIERTO BCE 19-50 x 50,424596193,PZ,5649.6
PITON S/TOPE ABIERTO BCE 18-40 x100,424596194,PZ,5649.6
PITON S/TOPE ABIERTO BCE 17-35 x100,424596195,PZ,5649.6
PITON S/TOPE ABIERTO BCE 16-30 x200,424596196,PZ,5649.6
PITON S/TOPE ABIERTO BCE 15-25 x200,424596197,PZ,5649.6
PITON C/TOPE ESCUAD  BCE 23-80 x 25,424596198,PZ,5649.6
MECHA EZETA CILIND TITANIO  8.25 MM,424573983,CJ,5671.16
PERCHA PLAST AUTOADHESIVA GRANDE,424589683,PZ,5689.74
MECHA EZETA WIDIA LARGA 200  6 MM,424573408,PZ,5724.36
FRATACHO PINO 12 x 50 CM,450409152,PZ,5730.102797976
TEJ ROMBO MAGER 150x76x16x10 ML,450409269,PZ,5784.144867308
MACHO URANGA A/ALEADO BSPT 3/8 x 19,424594576,PZ,5816.8
BISAGRA 5005 PULIDA IMP  88 MM,450816220,PZ,5858.91
MACETA MADERA N.3,450409179,PZ,5864.194184494
PINCEL CERDA P/MECANICO N.3,450409182,PZ,5864.194184494
MACHO URANGA A/ALEADO BSPT 5/8 x 14,424594577,PZ,5869.6
CLAVO ESCUADRA PUL 18 -  40 x 100,422002125,PZ,5984.84
MECHA EZETA WIDIA LARGA 400 18 MM,424596202,CJ,6025.85
MACHO URANGA A/ALEADO NC    10 x 24,424593808,PZ,6038.33
MECHA EZETA COLA CONICA 47.75 MM,450817485,PZ,6040.57
HORM ALLEMANDI MIREX BOLSA 20x1  KG,451305350,PZ,6063.28
HORM ALLEMANDI MIREX BOLSA  4x5  KG,451305351,PZ,6063.28
CLAVO CAJ PULIDO 15- 50 x 30 KG,451300637,PZ,6137.9
CLAVO ESCUADRA PUL 16 -  40,422002187,PZ,6155.29
CINTA TEJ P/SILLON ROJO      x 100 MT,451305533,PZ,6172.15
CANILLA DUKE PVC ESF P/TAMBOR   1/2,450409168,PZ,6233.060696207
CANILLA DUKE PVC ESF P/TAMBOR   3/4,450409169,PZ,6233.060696207
PINTURA MATRA AEROSOL COBRE,451305466,PZ,6251
MECHA EZETA CILIND TITANIO  6.75 MM,424573984,CJ,6302.31
BISAGRA MOSQUERA HO EMPAVONADO,451301562,PZ,6309.9
HORM ALLEMANDI MIREX TARRO 24x200GR,451305352,PZ,6327
HORM ALLEMANDI LIQ  24 x  60 CM3,451305353,PZ,6327
TENDEDERO EXTENS 7 V  80 CM,450409264,PZ,6481.492600991
PITON HO PUL ESCUAD  24 -  80 x  50,424599810,PZ,6483.5
ABRAZ GALV CAÃ‘O ELECTRICIDAD 1 1/2,450409175,PZ,6487.995608894
ALAMB GDO A/R OVAL 16/14 INVENCIBLE,450905987,PZ,6508.4449176
MACHO URANGA A/ALEADO NC     8 x 32,424593807,PZ,6527.35
GANCHO J P/GALPON      1/4 x  60 MM,451301909,PZ,6535.9875
CLAVO ESPIRALADO FRACC  2,424588157,PZ,6542.6
CLAVO ESPIRALADO FRACC  3,424588158,PZ,6559.97
MAQ K-10 CORTA CERAMICO 33 CM,451404438,PZ,6587
CANILLA DUKE PVC ESF P/TAMBOR 1,450409170,PZ,6634.758861836
CLAVO ESCUADRA PUL 22 -  80 x  50,450816447,PZ,6800
PASADOR PUERTA MADERA 22x150 BCEADO,450409171,PZ,6835.895941615
BISAGRA REVERSIBLE PULIDA  2x 3x2.0,450818670,PZ,6925.62
MACHO URANGA A/ALEADO BSPT 1/2 x 14,424594578,PZ,6969.6
ALAMB REC NEGRO N.20 0.91 MM,424572604,PZ,6988.12
BISAGRA T 5 MODELO 522,451305226,PZ,7116.3
MACETA MADERA N.1,450409177,PZ,7152.462204634
PASADOR PUERTA MADERA 22x150 CINC,450409172,PZ,7304.870198074
ABRAZ GALV CAÃ‘O ELECTRICIDAD 2,450409173,PZ,7304.870198074
BARRETA SACACLAVOS 5/8  90 CM,451301526,PZ,7319.95
RIEL DOBLE NEGRO  3.00 MT,450819440,PZ,7333.92
PICO GHERARDI PALA-HACHA 102 MM,450802743,PZ,7473.4
MECHA EZETA CILIND TITANIO 11.50 MM,424590524,CJ,7550.4
CLAVO ACERO GALV 2.0 - 30 x 200,450815480,PZ,7592
TENDEDERO EXTENS 7 V  60 CM,450409265,PZ,7618.174779373
RIEL DOBLE NEGRO  2.50 MT,450409267,PZ,7618.174779373
RIEL DOBLE NEGRO  2.00 MT,450409268,PZ,7618.174779373
HORM ALLEMANDI LIQ  24 x 120 CM3,451305354,PZ,7718.18
HORM ALLEMANDI LIQ  12 x 250 CM3,451305355,PZ,7718.18
GANCHO CONTRA VIENTO 19 -  50 x 50,424573187,PZ,7814.3
CLAVO C/REDONDA 12-18,424577278,PZ,7822.37
ALAMBRE ESCOBERO N.20 0.91 MM,451305221,PZ,7836
MECHA EZETA CILINDRICA A/R  6.75 MM,451305682,PZ,7847.04
GANCHO CONTRA VIENTO 22 - 110 x 25,424583218,PZ,7952.88
TORNILLO TIRAFONDO GALV 1/4 x2 3/4,451305589,PZ,8002.8
CAÃ‘O HIDROCARBURO  4 -  8  x 50 MT,451305590,PZ,8002.8
CANDADO 606 65 MM,451305591,PZ,8002.8
MECHA EZETA CILINDRICA A/R 12.25 MM,450819115,PZ,8034.1
PINCEL CERDA P/MECANICO N.1,450409180,PZ,8062.187015064
CANDADO 606 50 MM,451305588,PZ,8062.64
GRAMPA PRENSA CABLE GALV   1/8,450409185,PZ,8108.957722046
CORREA SECCION A N.51,424502295,PZ,8204.63
MECHA EZETA CILINDRICA A/R  0.60 MM,451305219,PZ,8233.447562395
GRASERA MANO PICO HIDRAULICO   1 KG,451305228,PZ,8308.8
CLAVO ESPIRALADO 7      x 15 KG,424589326,PZ,8341.07
MECHA EZETA CILINDRICA A/R 15.00 MM,450815565,PZ,8341.44
GRASERA BALDE C/ALIMENTADOR 10 KG,451305230,PZ,8370.9
CINTA TEJ P/SILLON VERDE     x 100 MT,451305534,PZ,8377.1
ROLDANA CHAPA GALV 32 MM,450816433,PZ,8379.831591762
RIEL DOBLE NEGRO  0.50 MT,450409271,PZ,8407.929146487
MECHA EZETA CILINDRICA A/R  0.90 MM,450906027,PZ,8465.9
GANCHO J P/GALPON      1/4 x  70 MM,451301054,PZ,8470.08
CARCIMA 1018 PALITA ANCHA,450816281,PZ,8559.208725077
MACHO URANGA A/ALEADO NC    12 x 24,424593809,PZ,8628.2
CLAVO ESCUADRA PUL 23 -  60,450816450,PZ,8695.96
CADENA NUDO N. 8,450814401,PZ,8722.52
CABLE CORDON  1.5 MM 1 x  7 BOYERO,451305225,PZ,8829.9
GRASERA BALDE C/ALIMENTADOR  5 KG,451305231,PZ,8829.9
CLAVO ACERO GALV 1.7 - 25 x 400,414010145,PZ,8864.58
GANCHO J P/GALPON COMP 1/4 x  60 MM,450805799,PZ,8866.11
BISAGRA T 4 MODELO 521,451305227,PZ,8910
GRASERA MANO PICO HIDRAULICO 1/2 KG,451305229,PZ,8991
CLAVO ESPIRALADO 4      x 20 KG,451300483,PZ,9184.63
MECHA EZETA CILINDRICA A/R 10.75 MM,450818885,PZ,9437
AZADA FERCAS ALBAÃ‘IL C/OJO,450819441,PZ,9638.92
MECHA EZETA CILINDRICA A/R 15.50 MM,450400575,PZ,9775.71
ARCO SIERRA JUNIOR,450400583,PZ,9775.71
ARCO SIERRA EL ABUELO FIJO,450400584,PZ,9775.71
CABO P/MARTILLO LABRADO 0.30 MT,450400585,PZ,9775.71
MECHA EZETA COLA CONICA 42.50 MM,450819642,PZ,9817.9175
CLAVO ACERO ESC GALV 4.5 -110 x 50,424588486,PZ,10085.434244296
RIEL RTO-CORRED PLAST         x 100,450409274,PZ,10091.66396726
MECHA EZETA CILINDRICA A/R  7.50 MM,450819683,PZ,10096.62
BISAGRA 5005 PULIDA IMP  63 MM,450816310,PZ,10414.63
MACHO URANGA A/RAPIDO NC    12 x 24,451305503,PZ,10474.7
CAÃ‘O RIEGO GREEN   3/4 x 25 MT,451305622,PZ,10474.7
MACHO URANGA A/RAPIDO M 12 x 1.00,451305634,PZ,10474.7
MACHO URANGA A/RAPIDO BSP  3/4 x 14,424594575,PZ,10788.8
COLA X-36 P/MADERA DURA x 22 KG,451305505,PZ,11356.07
COLA X-36 P/MADERA DURA x  6 KG,451305504,PZ,11356.87
MACHO TAP A/LAMINADO NF  9/16 x 18,424520968,PZ,11500
MECHA BIASSONI P T E  1/2   LARGA,424588625,PZ,11978.54
CHAIRA BIASSONI LISA  6 - 152 MM,424589700,PZ,12110
MECHA EZETA COLA CONICA 47.50 MM,451300366,PZ,12144.07
GANCHO CONTRA VIENTO 27 - 170 x 10,450816454,PZ,12300
AZADA FERCAS CARPIR N.1  135 MM,450409278,PZ,12306.736930261
MECHA EZETA CILINDRICA A/R  7.75 MM,450819682,PZ,12375.71
CINTA EVEL 130 STANDARD    30 MT,450816387,PZ,12377.757242155
CLAVO ESCUADRA PUL 22 - 100,450816449,PZ,12519.68
CLAVO ALBAÃ‘IL P/MARCO T/CRUZ,450817507,PZ,12519.68
ACEITERA PLAST A FUELLE,450409279,PZ,12798.721666101
ACEITERA PLAST PICO RIGIDO 500 CM3,450409280,PZ,12798.721666101
MECHA EZETA CILINDRICA A/R  7.25 MM,450819684,PZ,13873.15
BISAGRA T 6 MODELO 523,450906190,PZ,14000
CINTA EVEL 150 STANDARD    50 MT,450817490,PZ,14341.141334191
MACHO TAP A/LAMINADO NF  5/8  x 18,424520925,PZ,14374.5
ESCARDILLO CORAZON Y 2 PUAS 59 MM,450818811,PZ,14500
CLAVO ESCUADRA PUL 20 -  50,450816361,PZ,15712.2
ARGOLLA NIQUELADA 20 MM,450819520,PZ,15829.6
MECHA EZETA CILINDRICA A/R  6.50 MM,451305683,PZ,16112.64
MECHA EZETA CILINDRICA A/R 17.50 MM,451301590,PZ,16471.43
MECHA EZETA CILINDRICA A/R 11.00 MM,451305684,PZ,16497.6
MECHA EZETA COLA CONICA 46.25 MM,451301516,PZ,16695.06
CADENA P/PERRO N.12 LARGO 1.40 MT,451301274,PZ,17490.3
MECHA EZETA CILINDRICA A/R 11.25 MM,450409082,PZ,17565.03
MECHA EZETA COLA CONICA 44.25 MM,450819561,PZ,17585.868800911
CLAVO ESPIRALADO FRACC  1 1/2,451408989,PZ,17616.018514714
MACHO URANGA A/ALEADO NC  9/16 x 12,424594156,PZ,17668.59
PITON HO PUL ESCUAD  22 -  50 x 100,451404400,PZ,17883.13
CINTA EVEL 205 PROFESIONAL  5 MT,450817477,PZ,18032.99
CLAVO ESCUADRA PUL 20 -  80,450810589,PZ,18200
BROCA MANUAL - MANGO BTU14 1/4,424594305,PZ,18502.59
BISAGRA 5005 PULIDA IMP  76 MM,451301367,PZ,19325.42
MACHO URANGA A/ALEADO NC  1/2  x 13,424594155,PZ,20251.43
GRAMPA COBREADA ANCHO  9 MM,450816480,PZ,20656.8
RIEL DOBLE NEGRO  1.50 MT,450816500,PZ,21905.43
MACHO URANGA A/ALEADO NC  7/16 x 14,424594154,PZ,22272.98
BISAGRA 5005 PULIDA IMP 101 MM,451301057,PZ,25183.6
CLAVO ESCUADRA PUL 20 -  40,450816360,PZ,27719.091
ARCO SIERRA EL ABUELO FIJ RTO-PERNO,450819519,PZ,27931.47
MECHA EZETA CILINDRICA A/R  7.00 MM,451305676,PZ,30466.8
CABLE CORDON  3.0 MM 1 x  7,451305216,PZ,32784.630620967
CLAVO C/CHATA 17-75,450817530,PZ,32850
MECHA EZETA COLA CONICA 48.50 MM,450806325,PZ,35839.59
AZADA FERCAS CARPIR N.2  145 MM,450819643,PZ,37127.997
CLAVO ESPIRALADO FRACC  7,424589323,PZ,37597
MACHO TAP A/LAMINADO NF  1/2  x 20,424595328,PZ,38289.9
CLAVO PUNTA PARIS 2 1/2  x 20 KG,450806302,PZ,38345.29
BRASERO FUNDICION RTO-REJA,450815610,PZ,38872.08
CLAVO PUNTA PARIS 3      x 20 KG,451301592,PZ,43639.6
CINTA EVEL 225 PROFESIONAL 25 MT,450812497,PZ,45734.41
PITON C/TOPE ESCUAD  BCE 19-50 x100,424596531,PZ,49855
BRASERO FUNDICION 3 PATAS N.11,450815618,PZ,51829.44
CLAVO PUNTA PARIS 2      x 20 KG,450817522,PZ,58240.351078716
GANCHO J P/GALPON      1/4 x  90 MM,451404444,PZ,60500
BISAGRA 5005 PULIDA IMP  38 MM,450815608,PZ,61428.5
ARANDELA FICHA BRONCEADA  7.0 MM,450819644,PZ,62931.572927467
ESPATULA S JUANA PINTOR 50 MM,450409263,PZ,68545.235852573
GRASERA BALDE C/ALIMENTADOR  3 KG,451305220,PZ,68944
MACHO URANGA A/ALEADO NF 1     x 12,424521439,KT,73552.5
PITON HO PUL ESCUAD  26 - 110 x  25,450804267,PZ,79354.11
GARRAFAS 2 KG,450819256,PZ,85721.449336252
CUCHARA ROBLE P/ALBAÃ‘IL N. 6,451301879,PZ,105000
PALA MAGER ANCHA     C/LARGO,451403892,PZ,130419.676704558
CLAVO ESCUADRA PUL 20 -  60 x 100,450816368,PZ,134442
PITON HO PUL ESCUAD  17 -  35 x 200,450812019,PZ,160895.09
GRAMPA P/CERCO  9-32 MM,451408981,PZ,203276.399074992
GRAMPA P/CERCO  8-45 MM,451408982,PZ,439603.508424183
